dataset_slug,dataset_name,task_name,fold,problem_type,num_trials,sample_size,seed,train_metric_error,val_metric_error,test_metric_error,train_rows,val_rows,test_rows,model_train_seconds,run_seconds,status,hf_found,hf_dataset_name,hf_method,hf_metric_name,hf_metric_error,hf_delta_local_minus_hf,hf_local_rank,hf_total_methods,hf_best_metric_error
airfoil-self-noise,tabarena-airfoil-self-noise,fold-1,1,regression,1,50000,42,2.202358662451109,2.598672240884772,2.674028975116071,801,201,501,0.8757376670837402,2.2941904067993164,ok,True,airfoil_self_noise,GBM (default),rmse,1.4717427390860092,1.2022862360300617,40,45,1.0728942273125233
airfoil-self-noise,tabarena-airfoil-self-noise,fold-3,3,regression,1,50000,42,1.2144654979840082,1.9241071714357287,2.009831020132326,801,201,501,0.9774444103240968,2.2661702632904053,ok,True,airfoil_self_noise,GBM (default),rmse,1.5332980147541346,0.4765330053781915,39,45,1.028173689596162
airfoil-self-noise,tabarena-airfoil-self-noise,fold-5,5,regression,1,50000,42,2.1876544861260365,2.6955904570040574,2.8330390728836514,801,201,501,0.4913437366485595,1.7767863273620603,ok,True,airfoil_self_noise,GBM (default),rmse,1.6209394827922323,1.212099590091419,40,45,1.215976608556744
airfoil-self-noise,tabarena-airfoil-self-noise,fold-7,7,regression,1,50000,42,2.1612235650648475,2.6854508597430016,2.7423745901809284,801,201,501,0.6231555938720703,1.9016308784484863,ok,True,airfoil_self_noise,GBM (default),rmse,1.648461338945206,1.0939132512357224,40,45,1.3060846977269098
airfoil-self-noise,tabarena-airfoil-self-noise,fold-9,9,regression,1,50000,42,3.4448220692229428,3.739322904439378,3.6398783166963327,801,201,501,0.5640418529510498,1.9083797931671145,ok,True,airfoil_self_noise,GBM (default),rmse,1.4470224713896538,2.1928558453066787,40,45,0.9329625227148106
airfoil-self-noise,tabarena-airfoil-self-noise,fold-11,11,regression,1,50000,42,5.213439087680597,5.3928680859857945,5.585370872222787,801,201,501,0.2604603767395019,1.6645855903625488,ok,True,airfoil_self_noise,GBM (default),rmse,1.6306886673820544,3.954682204840732,45,45,1.12828060296917
airfoil-self-noise,tabarena-airfoil-self-noise,fold-13,13,regression,1,50000,42,1.914232184829603,2.641447312467702,2.417010705872176,801,201,501,1.284518480300903,2.607313871383667,ok,True,airfoil_self_noise,GBM (default),rmse,1.5838342840816495,0.8331764217905264,40,45,1.0893447248399777
airfoil-self-noise,tabarena-airfoil-self-noise,fold-15,15,regression,1,50000,42,4.272301535190122,4.75534987528918,4.625334134781462,801,201,501,1.1746268272399902,2.531980276107788,ok,True,airfoil_self_noise,GBM (default),rmse,1.6008692089226382,3.024464925858824,40,45,1.133741581298553
airfoil-self-noise,tabarena-airfoil-self-noise,fold-17,17,regression,1,50000,42,3.037843734647077,3.553587402130835,3.539490720902071,801,201,501,0.4700348377227783,1.7812767028808594,ok,True,airfoil_self_noise,GBM (default),rmse,1.567779435803561,1.97171128509851,40,45,0.9336311344035184
airfoil-self-noise,tabarena-airfoil-self-noise,fold-19,19,regression,1,50000,42,4.345543896197894,4.634933519529311,4.803413596052171,801,201,501,0.8936429023742676,2.236452341079712,ok,True,airfoil_self_noise,GBM (default),rmse,1.5281510335933304,3.275262562458841,40,45,0.9786571771458628
airfoil-self-noise,tabarena-airfoil-self-noise,fold-21,21,regression,1,50000,42,5.052372763299441,4.784889223270255,5.294857961600818,801,201,501,0.5209112167358398,1.7734827995300293,ok,True,airfoil_self_noise,GBM (default),rmse,1.401413231232579,3.893444730368239,43,45,0.942650475970968
airfoil-self-noise,tabarena-airfoil-self-noise,fold-23,23,regression,1,50000,42,2.8170806871567264,3.2290087750170318,3.0458536516939563,801,201,501,1.4854769706726074,2.8918607234954834,ok,True,airfoil_self_noise,GBM (default),rmse,1.699299515781381,1.3465541359125752,40,45,1.0949814652755565
airfoil-self-noise,tabarena-airfoil-self-noise,fold-25,25,regression,1,50000,42,4.693617186057156,5.243848751777314,4.956555258505424,801,201,501,0.3885684013366699,1.6737501621246338,ok,True,airfoil_self_noise,GBM (default),rmse,1.4967771632928113,3.459778095212613,42,45,1.0150818353544142
airfoil-self-noise,tabarena-airfoil-self-noise,fold-27,27,regression,1,50000,42,1.4477050830629774,2.034041502208316,2.2267143233100533,801,201,501,0.4115712642669678,1.862705945968628,ok,True,airfoil_self_noise,GBM (default),rmse,1.631816449925383,0.5948978733846699,39,45,1.141427455237724
airfoil-self-noise,tabarena-airfoil-self-noise,fold-29,29,regression,1,50000,42,2.504779692334413,3.1809460917867183,3.090982398591692,801,201,501,0.8694853782653809,2.205522298812866,ok,True,airfoil_self_noise,GBM (default),rmse,1.7057537046136333,1.3852286939780587,40,45,1.1293917000618183
amazon-employee-access,tabarena-amazon-employee-access,fold-1,1,binary_classification,1,50000,42,0.4058893496698509,0.4316748927852414,0.4346108926443038,17476,4370,10923,1.855273962020874,5.3551671504974365,ok,True,Amazon_employee_access,GBM (default),roc_auc,0.1466546595341388,0.287956233110165,45,45,0.1047241260336855
amazon-employee-access,tabarena-amazon-employee-access,fold-3,3,binary_classification,1,50000,42,0.3956298710901637,0.4398238864978048,0.4451673085367698,17476,4370,10923,4.700825929641724,8.24638295173645,ok,True,Amazon_employee_access,GBM (default),roc_auc,0.154097026528034,0.2910702820087357,45,45,0.113316723842512
amazon-employee-access,tabarena-amazon-employee-access,fold-5,5,binary_classification,1,50000,42,0.4286213630027184,0.4488326144080121,0.4487378657172641,17476,4370,10923,1.1209309101104736,4.959404230117798,ok,True,Amazon_employee_access,GBM (default),roc_auc,0.1713506571665001,0.277387208550764,45,45,0.1228595071519917
amazon-employee-access,tabarena-amazon-employee-access,fold-7,7,binary_classification,1,50000,42,0.4128693049777787,0.4522321887171767,0.444423448533744,17476,4370,10923,1.0726101398468018,4.50725245475769,ok,True,Amazon_employee_access,GBM (default),roc_auc,0.1511725558402388,0.2932508926935052,45,45,0.1148996942148048
another-dataset-on-used-fiat-500,tabarena-another-dataset-on-used-fiat-500,fold-0,0,regression,1,50000,42,722.8080077178935,701.6967448006197,721.8559172069555,820,205,513,0.3468132019042969,6.293967485427856,ok,True,Another-Dataset-on-used-Fiat-500,GBM (default),rmse,727.096139944832,-5.240222737876479,30,45,684.4739289534879
another-dataset-on-used-fiat-500,tabarena-another-dataset-on-used-fiat-500,fold-2,2,regression,1,50000,42,762.4857794963903,812.6934852365769,818.781881058145,820,206,512,0.0791981220245361,1.3452048301696775,ok,True,Another-Dataset-on-used-Fiat-500,GBM (default),rmse,773.1062748747117,45.67560618343328,42,45,749.273935417717
another-dataset-on-used-fiat-500,tabarena-another-dataset-on-used-fiat-500,fold-4,4,regression,1,50000,42,315.94160869648874,729.2378102907456,776.250081521336,820,205,513,0.4264187812805176,1.7396035194396973,ok,True,Another-Dataset-on-used-Fiat-500,GBM (default),rmse,761.084859104398,15.165222416938036,38,45,722.6529421211595
another-dataset-on-used-fiat-500,tabarena-another-dataset-on-used-fiat-500,fold-6,6,regression,1,50000,42,629.7667782028169,700.552017172394,737.4120121022197,820,205,513,0.0808992385864257,1.3807859420776367,ok,True,Another-Dataset-on-used-Fiat-500,GBM (default),rmse,742.8219271991052,-5.40991509688547,17,45,721.8301271786611
another-dataset-on-used-fiat-500,tabarena-another-dataset-on-used-fiat-500,fold-8,8,regression,1,50000,42,708.6086938200481,828.70500031908,787.1981389295529,820,206,512,1.5554921627044678,2.8925020694732666,ok,True,Another-Dataset-on-used-Fiat-500,GBM (default),rmse,737.6286151076337,49.56952382191923,42,45,716.0325081352468
another-dataset-on-used-fiat-500,tabarena-another-dataset-on-used-fiat-500,fold-10,10,regression,1,50000,42,660.6945439321004,934.0551075862104,766.5065980866536,820,205,513,0.3001089096069336,1.603747844696045,ok,True,Another-Dataset-on-used-Fiat-500,GBM (default),rmse,744.2329064370816,22.27369164957201,39,45,719.1031916439499
another-dataset-on-used-fiat-500,tabarena-another-dataset-on-used-fiat-500,fold-12,12,regression,1,50000,42,650.9812347018096,672.08225134779,757.7858854965139,820,205,513,1.1521821022033691,2.4958415031433105,ok,True,Another-Dataset-on-used-Fiat-500,GBM (default),rmse,734.0509505423823,23.73493495413152,28,45,712.0036764324274
another-dataset-on-used-fiat-500,tabarena-another-dataset-on-used-fiat-500,fold-14,14,regression,1,50000,42,647.0640803182634,791.2697334171552,759.3902137775362,820,206,512,0.1213526725769043,1.445784330368042,ok,True,Another-Dataset-on-used-Fiat-500,GBM (default),rmse,731.704344058786,27.68586971875027,37,45,704.9382338572465
another-dataset-on-used-fiat-500,tabarena-another-dataset-on-used-fiat-500,fold-16,16,regression,1,50000,42,282.31083073334594,755.5667264341865,793.4400509692133,820,205,513,1.2256684303283691,2.582594156265259,ok,True,Another-Dataset-on-used-Fiat-500,GBM (default),rmse,751.8667176541305,41.57333331508278,43,45,720.6484085667272
another-dataset-on-used-fiat-500,tabarena-another-dataset-on-used-fiat-500,fold-18,18,regression,1,50000,42,464.2429132926623,880.0731658189445,756.3063666356172,820,205,513,0.314798355102539,1.6808326244354248,ok,True,Another-Dataset-on-used-Fiat-500,GBM (default),rmse,754.1708790259817,2.135487609635561,29,45,729.6869817666928
another-dataset-on-used-fiat-500,tabarena-another-dataset-on-used-fiat-500,fold-20,20,regression,1,50000,42,803.9209977441674,828.0799046714002,885.833772385202,820,206,512,0.9245200157165528,2.437958240509033,ok,True,Another-Dataset-on-used-Fiat-500,GBM (default),rmse,749.3504230158543,136.4833493693477,45,45,736.8072203310385
another-dataset-on-used-fiat-500,tabarena-another-dataset-on-used-fiat-500,fold-22,22,regression,1,50000,42,1925.9908377323957,1959.3755704759224,1940.678198917904,820,205,513,0.0346205234527587,1.3849146366119385,ok,True,Another-Dataset-on-used-Fiat-500,GBM (default),rmse,734.1871815738813,1206.4910173440226,45,45,712.8087869710102
another-dataset-on-used-fiat-500,tabarena-another-dataset-on-used-fiat-500,fold-24,24,regression,1,50000,42,709.7709997633367,894.4893392086299,847.6150300022489,820,205,513,0.4357762336730957,1.781383752822876,ok,True,Another-Dataset-on-used-Fiat-500,GBM (default),rmse,781.1274408135182,66.48758918873068,43,45,745.6296716830508
another-dataset-on-used-fiat-500,tabarena-another-dataset-on-used-fiat-500,fold-26,26,regression,1,50000,42,840.444365837945,907.295109266718,851.7785745856527,820,206,512,0.343228816986084,1.6302907466888428,ok,True,Another-Dataset-on-used-Fiat-500,GBM (default),rmse,733.8734304291761,117.90514415647658,45,45,711.5431148715749
another-dataset-on-used-fiat-500,tabarena-another-dataset-on-used-fiat-500,fold-28,28,regression,1,50000,42,806.6303320034682,760.0133331273188,825.3419895359821,820,205,513,0.1824507713317871,1.47892427444458,ok,True,Another-Dataset-on-used-Fiat-500,GBM (default),rmse,703.304733770604,122.03725576537806,43,45,689.3374125961791
apsfailure,tabarena-apsfailure,fold-0,0,binary_classification,1,10000,42,0.0098564885496182,0.0136554362276796,0.0134600234286903,10000,10134,25334,2.217264175415039,22.02955651283264,ok,True,APSFailure,GBM (default),roc_auc,0.0053627177280739,0.0080973057006163,43,45,0.0047031234604394
apsfailure,tabarena-apsfailure,fold-2,2,binary_classification,1,10000,42,0.0009239050009594,0.011730155356877,0.013074718571021,10000,10134,25333,6.8059258460998535,13.243625164031982,ok,True,APSFailure,GBM (default),roc_auc,0.0094402141712931,0.0036345043997279,38,45,0.0073480941827037
apsfailure,tabarena-apsfailure,fold-4,4,binary_classification,1,10000,42,0.0149756036383943,0.021903502023302,0.0205605319172281,10000,10134,25333,2.047948122024536,9.121870279312134,ok,True,APSFailure,GBM (default),roc_auc,0.0061420640319501,0.014418467885278,44,45,0.0049785170393452
apsfailure,tabarena-apsfailure,fold-6,6,binary_classification,1,10000,42,0.0015022532464309,0.0097664347653226,0.0120690598964321,10000,10134,25334,3.0755770206451416,9.266526222229004,ok,True,APSFailure,GBM (default),roc_auc,0.0092041908890859,0.0028648690073461,38,45,0.0063322713786798
apsfailure,tabarena-apsfailure,fold-8,8,binary_classification,1,10000,42,6.339512904407485e-05,0.0093392047261087,0.0131790831888701,10000,10134,25333,1.1667020320892334,7.116457939147949,ok,True,APSFailure,GBM (default),roc_auc,0.0099261372364003,0.0032529459524698,35,45,0.0083664172390336
bank-customer-churn,tabarena-bank-customer-churn,fold-1,1,binary_classification,1,10000,42,0.1462498064932412,0.1663447158524427,0.1570502967149928,5333,1334,3333,0.1104934215545654,1.6087088584899902,ok,True,Bank_Customer_Churn,GBM (default),roc_auc,0.1270036724515084,0.0300466242634843,40,45,0.1161844238779268
bank-customer-churn,tabarena-bank-customer-churn,fold-3,3,binary_classification,1,10000,42,0.0702194850922416,0.118398277390052,0.1347273186168869,5332,1334,3334,0.3554110527038574,1.858092784881592,ok,True,Bank_Customer_Churn,GBM (default),roc_auc,0.1325500833451208,0.002177235271766,27,45,0.1243991801391766
bank-customer-churn,tabarena-bank-customer-churn,fold-5,5,binary_classification,1,10000,42,0.1755720970408749,0.1599801290572726,0.1618617187161848,5333,1334,3333,0.0753195285797119,1.4454452991485596,ok,True,Bank_Customer_Churn,GBM (default),roc_auc,0.1222868640771204,0.0395748546390644,40,45,0.1125669093140873
bank-customer-churn,tabarena-bank-customer-churn,fold-7,7,binary_classification,1,10000,42,0.0711057659160122,0.1566273402016174,0.1386250559080521,5333,1334,3333,0.1525824069976806,1.5525169372558594,ok,True,Bank_Customer_Churn,GBM (default),roc_auc,0.1329984584360395,0.0056265974720126,28,45,0.122594288999404
bank-marketing,tabarena-bank-marketing,fold-0,0,binary_classification,1,50000,42,0.2573048166915634,0.2553411330196937,0.2516566146694033,24112,6028,15071,0.1218917369842529,9.459586381912231,ok,True,bank-marketing,GBM (default),roc_auc,0.2297333808314071,0.0219232338379962,38,45,0.2244975748874648
bank-marketing,tabarena-bank-marketing,fold-2,2,binary_classification,1,50000,42,0.1909568611628092,0.2405376962876523,0.2463023504319499,24112,6029,15070,1.6404566764831543,3.995445966720581,ok,True,bank-marketing,GBM (default),roc_auc,0.2398130522188583,0.0064892982130916,34,45,0.2371135062082269
bank-marketing,tabarena-bank-marketing,fold-4,4,binary_classification,1,50000,42,0.2227957914958783,0.2218804450341289,0.2310129721173792,24112,6029,15070,0.9694244861602784,2.8107049465179443,ok,True,bank-marketing,GBM (default),roc_auc,0.2313123296559485,-0.0002993575385692,14,45,0.2291149737123331
bank-marketing,tabarena-bank-marketing,fold-6,6,binary_classification,1,50000,42,0.1949199135538661,0.2485841584026497,0.2393855614379743,24112,6028,15071,0.480691909790039,2.2003629207611084,ok,True,bank-marketing,GBM (default),roc_auc,0.2397856977605152,-0.0004001363225409,15,45,0.2369382640971333
bank-marketing,tabarena-bank-marketing,fold-8,8,binary_classification,1,50000,42,0.1861786582181841,0.2261517496043608,0.239020093612849,24112,6029,15070,0.2912836074829101,1.98743200302124,ok,True,bank-marketing,GBM (default),roc_auc,0.2378188484935001,0.0012012451193489,23,45,0.2350137195947816
bioresponse,tabarena-bioresponse,fold-1,1,binary_classification,1,10000,42,0.1791113093991201,0.1889047649627536,0.2251699259442622,2000,501,1250,0.4028971195220947,10.462941884994509,ok,True,Bioresponse,GBM (default),roc_auc,0.1380113249582276,0.0871586009860345,43,45,0.1345277141737317
bioresponse,tabarena-bioresponse,fold-3,3,binary_classification,1,10000,42,0.1914033894890583,0.1863146360721248,0.214684139265986,2000,500,1251,0.4164183139801025,10.306836128234863,ok,True,Bioresponse,GBM (default),roc_auc,0.1370600318151631,0.0776241074508229,43,45,0.1295464022610387
bioresponse,tabarena-bioresponse,fold-5,5,binary_classification,1,10000,42,0.0327057719267149,0.1425956845620344,0.1291101965880727,2000,501,1250,10.259407043457031,20.77833294868469,ok,True,Bioresponse,GBM (default),roc_auc,0.1215034965034964,0.0076067000845763,26,45,0.1175325412051075
bioresponse,tabarena-bioresponse,fold-7,7,binary_classification,1,10000,42,0.096591549976635,0.1419213973799127,0.1688352208263712,2000,501,1250,3.0100367069244385,12.869166374206545,ok,True,Bioresponse,GBM (default),roc_auc,0.1307991418610887,0.0380360789652824,42,45,0.1235560162551314
blood-transfusion-service-center,tabarena-blood-transfusion-service-center,fold-0,0,binary_classification,1,50000,42,0.2550566909294514,0.285361842105263,0.305657894736842,398,100,250,0.3376791477203369,7.320669889450073,ok,True,blood-transfusion-service-center,GBM (default),roc_auc,0.3370614035087718,-0.0314035087719297,33,45,0.2453508771929824
blood-transfusion-service-center,tabarena-blood-transfusion-service-center,fold-2,2,binary_classification,1,50000,42,0.5,0.5,0.5,399,100,249,0.0247101783752441,1.3521943092346191,ok,True,blood-transfusion-service-center,GBM (default),roc_auc,0.2931311329170383,0.2068688670829617,45,45,0.2629348795718108
blood-transfusion-service-center,tabarena-blood-transfusion-service-center,fold-4,4,binary_classification,1,50000,42,0.1569771468144045,0.2025767543859649,0.3052185548617305,399,100,249,0.1444101333618164,1.554037094116211,ok,True,blood-transfusion-service-center,GBM (default),roc_auc,0.2766280107047278,0.0285905441570026,42,45,0.2528991971454059
blood-transfusion-service-center,tabarena-blood-transfusion-service-center,fold-6,6,binary_classification,1,50000,42,0.2434210526315789,0.2796052631578947,0.2628070175438597,398,100,250,0.1516668796539306,1.4094557762145996,ok,True,blood-transfusion-service-center,GBM (default),roc_auc,0.3016666666666667,-0.038859649122807,9,45,0.2514473684210526
blood-transfusion-service-center,tabarena-blood-transfusion-service-center,fold-8,8,binary_classification,1,50000,42,0.2060595567867035,0.2349232456140351,0.3031668153434433,399,100,249,0.0453338623046875,1.7042639255523682,ok,True,blood-transfusion-service-center,GBM (default),roc_auc,0.3004014272970561,0.0027653880463872,40,45,0.2431311329170383
blood-transfusion-service-center,tabarena-blood-transfusion-service-center,fold-10,10,binary_classification,1,50000,42,0.2372056786703601,0.300438596491228,0.2719446922390722,399,100,249,0.1069593429565429,1.3665595054626465,ok,True,blood-transfusion-service-center,GBM (default),roc_auc,0.28028545941124,-0.0083407671721678,35,45,0.2341213202497769
blood-transfusion-service-center,tabarena-blood-transfusion-service-center,fold-12,12,binary_classification,1,50000,42,0.2630529115341545,0.2283442982456139,0.2387719298245615,398,100,250,0.0266056060791015,1.4087700843811035,ok,True,blood-transfusion-service-center,GBM (default),roc_auc,0.233157894736842,0.0056140350877195,29,45,0.212719298245614
blood-transfusion-service-center,tabarena-blood-transfusion-service-center,fold-14,14,binary_classification,1,50000,42,0.5,0.5,0.5,399,100,249,0.1739554405212402,1.512948989868164,ok,True,blood-transfusion-service-center,GBM (default),roc_auc,0.3170383586083853,0.1829616413916146,45,45,0.2771632471008027
blood-transfusion-service-center,tabarena-blood-transfusion-service-center,fold-16,16,binary_classification,1,50000,42,0.2296052631578947,0.263157894736842,0.2765834076717217,399,100,249,0.0762989521026611,1.3759782314300537,ok,True,blood-transfusion-service-center,GBM (default),roc_auc,0.2482158786797502,0.0283675289919714,40,45,0.2420606601248885
blood-transfusion-service-center,tabarena-blood-transfusion-service-center,fold-18,18,binary_classification,1,50000,42,0.2433685610302352,0.2505482456140351,0.262280701754386,398,100,250,0.0398697853088378,1.3803730010986328,ok,True,blood-transfusion-service-center,GBM (default),roc_auc,0.2435964912280701,0.0186842105263158,40,45,0.1723245614035088
blood-transfusion-service-center,tabarena-blood-transfusion-service-center,fold-20,20,binary_classification,1,50000,42,0.2523891966759003,0.3730811403508772,0.2731043710972345,399,100,249,0.0267276763916015,1.3793325424194336,ok,True,blood-transfusion-service-center,GBM (default),roc_auc,0.2936663693131132,-0.0205619982158786,21,45,0.2341213202497769
blood-transfusion-service-center,tabarena-blood-transfusion-service-center,fold-22,22,binary_classification,1,50000,42,0.275623268698061,0.3081140350877192,0.2741748438893845,399,100,249,0.0237183570861816,1.3649396896362305,ok,True,blood-transfusion-service-center,GBM (default),roc_auc,0.2380909901873328,0.0360838537020516,41,45,0.2034344335414808
blood-transfusion-service-center,tabarena-blood-transfusion-service-center,fold-24,24,binary_classification,1,50000,42,0.2574363101903695,0.3500548245614034,0.2687719298245614,398,100,250,0.123514175415039,1.437169313430786,ok,True,blood-transfusion-service-center,GBM (default),roc_auc,0.2575438596491226,0.0112280701754388,38,45,0.2430701754385964
blood-transfusion-service-center,tabarena-blood-transfusion-service-center,fold-26,26,binary_classification,1,50000,42,0.2509695290858726,0.2036732456140351,0.2508920606601248,399,100,249,0.0415594577789306,1.304922342300415,ok,True,blood-transfusion-service-center,GBM (default),roc_auc,0.2764942016057091,-0.0256021409455843,15,45,0.2239518287243532
blood-transfusion-service-center,tabarena-blood-transfusion-service-center,fold-28,28,binary_classification,1,50000,42,0.3790339335180055,0.4144736842105263,0.4135593220338983,399,100,249,0.0246891975402832,1.542625904083252,ok,True,blood-transfusion-service-center,GBM (default),roc_auc,0.29049955396967,0.1230597680642283,45,45,0.2286797502230151
churn,tabarena-churn,fold-0,0,binary_classification,1,10000,42,0.2106684836833523,0.2275815974156176,0.2243230998827416,2666,667,1667,0.0532374382019043,6.068075180053711,ok,True,churn,GBM (default),roc_auc,0.0712995534709637,0.1530235464117779,42,45,0.0550847457627118
churn,tabarena-churn,fold-2,2,binary_classification,1,10000,42,0.0395045547950747,0.1130481601128809,0.1055265622909139,2667,667,1666,0.2934231758117676,1.7938663959503174,ok,True,churn,GBM (default),roc_auc,0.0802801195414604,0.0252464427494535,40,45,0.0551466761824047
churn,tabarena-churn,fold-4,4,binary_classification,1,10000,42,0.1030797737536111,0.1099105120493111,0.1098985538144476,2666,667,1667,0.0600678920745849,1.4901671409606934,ok,True,churn,GBM (default),roc_auc,0.0701773087446258,0.0397212450698218,40,45,0.0524138625353847
churn,tabarena-churn,fold-6,6,binary_classification,1,10000,42,0.0506852632762157,0.0811889643904792,0.0938776960523044,2666,667,1667,0.1538352966308593,1.5976788997650146,ok,True,churn,GBM (default),roc_auc,0.0769463099172085,0.0169313861350959,38,45,0.066991199706262
churn,tabarena-churn,fold-8,8,binary_classification,1,10000,42,0.0586957174986881,0.142920797593851,0.1172219991971096,2667,667,1666,0.1380536556243896,1.5872972011566162,ok,True,churn,GBM (default),roc_auc,0.0782907355368214,0.0389312636602882,40,45,0.0550455714646802
coil2000-insurance-policies,tabarena-coil2000-insurance-policies,fold-1,1,binary_classification,1,50000,42,0.0983989880151148,0.2547244422244421,0.2359282484323082,5238,1310,3274,1.3401312828063965,3.6875946521759033,ok,True,coil2000_insurance_policies,GBM (default),roc_auc,0.2427936143103405,-0.0068653658780323,25,45,0.2117878765166846
coil2000-insurance-policies,tabarena-coil2000-insurance-policies,fold-3,3,binary_classification,1,50000,42,0.2233139261445645,0.2399475524475525,0.2834403444341735,5238,1310,3274,0.4342780113220215,2.768170118331909,ok,True,coil2000_insurance_policies,GBM (default),roc_auc,0.2619098774993547,0.0215304669348188,39,45,0.2439753166612536
coil2000-insurance-policies,tabarena-coil2000-insurance-policies,fold-5,5,binary_classification,1,50000,42,0.1752702822282602,0.2152118714618714,0.2787449775231729,5238,1310,3274,0.9314441680908204,3.280095338821411,ok,True,coil2000_insurance_policies,GBM (default),roc_auc,0.2513733076076434,0.0273716699155295,40,45,0.2273615586585511
coil2000-insurance-policies,tabarena-coil2000-insurance-policies,fold-7,7,binary_classification,1,50000,42,0.1418572517474579,0.2068764568764569,0.2733030204611886,5238,1310,3274,0.7031455039978027,3.05462384223938,ok,True,coil2000_insurance_policies,GBM (default),roc_auc,0.2645439328453294,0.0087590876158591,37,45,0.2349097692390969
concrete-compressive-strength,tabarena-concrete-compressive-strength,fold-0,0,regression,1,50000,42,12.598073828178808,13.434417837898646,13.080005168920495,548,138,344,0.1701514720916748,5.902406930923462,ok,True,concrete_compressive_strength,GBM (default),rmse,4.609973311169731,8.470031857750765,45,45,3.914744220620437
concrete-compressive-strength,tabarena-concrete-compressive-strength,fold-2,2,regression,1,50000,42,12.899715451395728,14.027458564940918,13.01817265805928,549,138,343,0.1697499752044677,1.426431655883789,ok,True,concrete_compressive_strength,GBM (default),rmse,4.314838960334888,8.703333697724393,45,45,3.8529382255379434
concrete-compressive-strength,tabarena-concrete-compressive-strength,fold-4,4,regression,1,50000,42,4.010341431325911,5.736399257405406,5.956969147878932,549,138,343,0.1682870388031005,1.5203399658203125,ok,True,concrete_compressive_strength,GBM (default),rmse,4.709128910333633,1.247840237545299,39,45,4.03767945621805
concrete-compressive-strength,tabarena-concrete-compressive-strength,fold-6,6,regression,1,50000,42,3.054583988311069,4.829754697264813,5.253808383948511,548,138,344,0.8989715576171875,2.6373062133789062,ok,True,concrete_compressive_strength,GBM (default),rmse,4.563038192604608,0.6907701913439022,39,45,4.131734820441877
concrete-compressive-strength,tabarena-concrete-compressive-strength,fold-8,8,regression,1,50000,42,9.254056785261978,8.969880833660103,10.246070914925586,549,138,343,0.2800877094268799,1.516582489013672,ok,True,concrete_compressive_strength,GBM (default),rmse,5.053112777644362,5.192958137281224,45,45,4.152365178984297
concrete-compressive-strength,tabarena-concrete-compressive-strength,fold-10,10,regression,1,50000,42,2.741063339087376,6.04660644858332,4.596818440911649,549,138,343,0.8481295108795166,2.092604875564575,ok,True,concrete_compressive_strength,GBM (default),rmse,3.828762467454686,0.7680559734569634,30,45,3.4796887181700407
concrete-compressive-strength,tabarena-concrete-compressive-strength,fold-12,12,regression,1,50000,42,16.720240559761535,16.984689258535052,16.555063006230206,548,138,344,0.021355390548706,1.3020126819610596,ok,True,concrete_compressive_strength,GBM (default),rmse,4.99477937847029,11.560283627759915,45,45,4.591680750036984
concrete-compressive-strength,tabarena-concrete-compressive-strength,fold-14,14,regression,1,50000,42,16.89889663633865,16.884015957234922,16.29414156139458,549,138,343,0.0208587646484375,1.2326126098632812,ok,True,concrete_compressive_strength,GBM (default),rmse,4.074742784314835,12.219398777079745,45,45,3.634830464629737
concrete-compressive-strength,tabarena-concrete-compressive-strength,fold-16,16,regression,1,50000,42,4.486150717366775,5.128898716759659,5.454289334277143,549,138,343,0.4322354793548584,1.6881418228149414,ok,True,concrete_compressive_strength,GBM (default),rmse,4.496490039895541,0.9577992943816024,39,45,4.02294171581984
concrete-compressive-strength,tabarena-concrete-compressive-strength,fold-18,18,regression,1,50000,42,5.418702624322671,6.784073853188008,6.341776173705406,548,138,344,0.0910120010375976,1.3205580711364746,ok,True,concrete_compressive_strength,GBM (default),rmse,4.471472715059903,1.8703034586455027,39,45,4.191752103124165
concrete-compressive-strength,tabarena-concrete-compressive-strength,fold-20,20,regression,1,50000,42,16.878038739620784,17.184278476882884,16.259105032583673,549,138,343,0.0271542072296142,1.294682264328003,ok,True,concrete_compressive_strength,GBM (default),rmse,4.887172630597362,11.37193240198631,45,45,4.446104138080729
concrete-compressive-strength,tabarena-concrete-compressive-strength,fold-22,22,regression,1,50000,42,10.56378501517884,10.4178332494113,10.47779284858405,549,138,343,0.3963930606842041,1.623448371887207,ok,True,concrete_compressive_strength,GBM (default),rmse,4.71247794026212,5.765314908321931,45,45,4.150773060379446
concrete-compressive-strength,tabarena-concrete-compressive-strength,fold-24,24,regression,1,50000,42,5.364627163943009,7.696438550981015,7.313507937636122,548,138,344,0.3221960067749023,1.5981791019439695,ok,True,concrete_compressive_strength,GBM (default),rmse,4.645693698876255,2.667814238759867,40,45,4.136710158675941
concrete-compressive-strength,tabarena-concrete-compressive-strength,fold-26,26,regression,1,50000,42,5.880026343015655,7.089915849948039,6.726651963000199,549,138,343,0.3514432907104492,1.6010122299194336,ok,True,concrete_compressive_strength,GBM (default),rmse,3.7930522554755113,2.933599707524688,40,45,3.496669953187038
concrete-compressive-strength,tabarena-concrete-compressive-strength,fold-28,28,regression,1,50000,42,16.190871278485794,16.778953718362533,17.477724956423106,549,138,343,0.0225131511688232,1.2531416416168213,ok,True,concrete_compressive_strength,GBM (default),rmse,4.633852240839197,12.84387271558391,45,45,3.9037137199223895
credit-card-clients-default,tabarena-credit-card-clients-default,fold-0,0,binary_classification,1,10000,42,0.1014823152138703,0.2318591470105467,0.2171227051215251,10000,4000,10000,2.9053823947906494,12.39726948738098,ok,True,credit_card_clients_default,GBM (default),roc_auc,0.211100056794382,0.006022648327143,33,45,0.2071689149904662
credit-card-clients-default,tabarena-credit-card-clients-default,fold-2,2,binary_classification,1,10000,42,0.1778706027155578,0.22008687687606,0.2206451584066366,10000,4000,10000,1.49153733253479,3.8056249618530273,ok,True,credit_card_clients_default,GBM (default),roc_auc,0.2162297783207996,0.004415380085837,32,45,0.2096409566440139
credit-card-clients-default,tabarena-credit-card-clients-default,fold-4,4,binary_classification,1,10000,42,0.2089794500074381,0.2159503405247073,0.2225235118525184,10000,4000,10000,2.414180278778076,4.872959613800049,ok,True,credit_card_clients_default,GBM (default),roc_auc,0.2164893119288634,0.0060341999236549,35,45,0.2123120456565532
credit-card-clients-default,tabarena-credit-card-clients-default,fold-6,6,binary_classification,1,10000,42,0.2090097502388453,0.2214868823172003,0.2313339261217936,10000,4000,10000,1.4836223125457764,3.78029465675354,ok,True,credit_card_clients_default,GBM (default),roc_auc,0.2216574904034676,0.0096764357183259,35,45,0.2160469554403259
credit-card-clients-default,tabarena-credit-card-clients-default,fold-8,8,binary_classification,1,10000,42,0.1751026408691073,0.2112575382466831,0.2204102662695239,10000,4000,10000,1.9980731010437007,4.331689119338989,ok,True,credit_card_clients_default,GBM (default),roc_auc,0.2156587579444798,0.0047515083250441,30,45,0.2130694588791026
credit-g,tabarena-credit-g,fold-1,1,binary_classification,1,50000,42,0.1901725871313673,0.2361702127659574,0.2435193133047211,533,134,333,0.258624792098999,1.6276531219482422,ok,True,credit-g,GBM (default),roc_auc,0.2458798283261802,-0.0023605150214591,40,45,0.1821030042918454
credit-g,tabarena-credit-g,fold-3,3,binary_classification,1,50000,42,0.2134072580645161,0.3155585106382979,0.2709188034188033,532,134,334,0.0166656970977783,1.3383264541625977,ok,True,credit-g,GBM (default),roc_auc,0.226923076923077,0.0439957264957263,43,45,0.1755555555555555
credit-g,tabarena-credit-g,fold-5,5,binary_classification,1,50000,42,0.0351709115281501,0.2332446808510637,0.2408154506437768,533,134,333,0.2168514728546142,1.6033401489257812,ok,True,credit-g,GBM (default),roc_auc,0.2436051502145924,-0.0027896995708155,19,45,0.2273390557939913
credit-g,tabarena-credit-g,fold-7,7,binary_classification,1,50000,42,0.5,0.5,0.5,533,134,333,0.0116360187530517,1.3314828872680664,ok,True,credit-g,GBM (default),roc_auc,0.2427467811158798,0.2572532188841201,45,45,0.2094849785407725
credit-g,tabarena-credit-g,fold-9,9,binary_classification,1,50000,42,0.2711357526881719,0.2910904255319149,0.3297008547008547,532,134,334,0.0411117076873779,1.3723344802856443,ok,True,credit-g,GBM (default),roc_auc,0.198974358974359,0.1307264957264957,43,45,0.1623076923076923
credit-g,tabarena-credit-g,fold-11,11,binary_classification,1,50000,42,0.22780663538874,0.2558510638297872,0.2765665236051503,533,134,333,0.0182662010192871,1.3526971340179443,ok,True,credit-g,GBM (default),roc_auc,0.2297424892703863,0.046824034334764,43,45,0.2103004291845494
credit-g,tabarena-credit-g,fold-13,13,binary_classification,1,50000,42,0.1906836461126005,0.1968085106382978,0.2463948497854078,533,134,333,0.0301527976989746,1.352992057800293,ok,True,credit-g,GBM (default),roc_auc,0.2316738197424892,0.0147210300429185,43,45,0.1973390557939915
credit-g,tabarena-credit-g,fold-15,15,binary_classification,1,50000,42,0.1420362903225807,0.2611702127659574,0.2085470085470084,532,134,334,0.0262954235076904,1.3647572994232178,ok,True,credit-g,GBM (default),roc_auc,0.2076068376068376,0.0009401709401708,43,45,0.1582051282051282
credit-g,tabarena-credit-g,fold-17,17,binary_classification,1,50000,42,0.1540046916890081,0.2699468085106384,0.2262660944206008,533,134,333,0.0572521686553955,1.464773654937744,ok,True,credit-g,GBM (default),roc_auc,0.2303433476394849,-0.004077253218884,41,45,0.1841630901287554
credit-g,tabarena-credit-g,fold-19,19,binary_classification,1,50000,42,0.5,0.5,0.5,533,134,333,0.0124399662017822,1.33475923538208,ok,True,credit-g,GBM (default),roc_auc,0.239656652360515,0.2603433476394849,45,45,0.1841630901287553
credit-g,tabarena-credit-g,fold-21,21,binary_classification,1,50000,42,0.2915994623655913,0.3143617021276595,0.358440170940171,532,134,334,0.020052433013916,1.3536064624786377,ok,True,credit-g,GBM (default),roc_auc,0.2242735042735043,0.1341666666666666,43,45,0.1873076923076923
credit-g,tabarena-credit-g,fold-23,23,binary_classification,1,50000,42,0.5,0.5,0.5,533,134,333,0.011235237121582,1.3148291110992432,ok,True,credit-g,GBM (default),roc_auc,0.2186695278969957,0.2813304721030042,45,45,0.1817167381974248
credit-g,tabarena-credit-g,fold-25,25,binary_classification,1,50000,42,0.1966655495978551,0.2436170212765956,0.1990128755364805,533,134,333,0.0609855651855468,1.364720106124878,ok,True,credit-g,GBM (default),roc_auc,0.1972103004291847,0.0018025751072957,34,45,0.173175965665236
credit-g,tabarena-credit-g,fold-27,27,binary_classification,1,50000,42,0.3708333333333332,0.3021276595744681,0.4248931623931624,532,134,334,0.0171210765838623,1.3338661193847656,ok,True,credit-g,GBM (default),roc_auc,0.2277777777777778,0.1971153846153845,43,45,0.2001282051282051
credit-g,tabarena-credit-g,fold-29,29,binary_classification,1,50000,42,0.1491119302949062,0.2643617021276595,0.2066952789699569,533,134,333,0.0452187061309814,1.3466527462005615,ok,True,credit-g,GBM (default),roc_auc,0.2067811158798282,-8.583690987129522e-05,16,45,0.1931759656652361
customer-satisfaction-in-airline,tabarena-customer-satisfaction-in-airline,fold-1,1,binary_classification,1,10000,42,0.0305667393199104,0.0316357732169275,0.0306519342218128,10000,17318,43293,73.35445094108582,86.62374210357666,ok,True,customer_satisfaction_in_airline,GBM (default),roc_auc,0.0053696884935203,0.0252822457282925,40,45,0.0042864768166372
customer-satisfaction-in-airline,tabarena-customer-satisfaction-in-airline,fold-3,3,binary_classification,1,10000,42,0.0031776361895013,0.0146262985563685,0.0156786171631151,10000,17318,43294,25.358529806137085,34.24218225479126,ok,True,customer_satisfaction_in_airline,GBM (default),roc_auc,0.005995178131076,0.009683439032039,40,45,0.0046807754329269
customer-satisfaction-in-airline,tabarena-customer-satisfaction-in-airline,fold-5,5,binary_classification,1,10000,42,0.0109488896230447,0.0169028209220747,0.0157939491997636,10000,17318,43293,84.97687482833862,99.08231806755066,ok,True,customer_satisfaction_in_airline,GBM (default),roc_auc,0.0054713596421648,0.0103225895575987,40,45,0.0042385962919032
customer-satisfaction-in-airline,tabarena-customer-satisfaction-in-airline,fold-7,7,binary_classification,1,10000,42,0.0108157899771524,0.021515026515869,0.0198998122430307,10000,17318,43293,22.19384717941284,31.47756600379944,ok,True,customer_satisfaction_in_airline,GBM (default),roc_auc,0.0054648905010573,0.0144349217419733,40,45,0.0042641941054172
diabetes,tabarena-diabetes,fold-0,0,binary_classification,1,50000,42,0.1096428759824866,0.2081260364842454,0.1920013386880857,409,103,256,0.2778806686401367,3.17957615852356,ok,True,diabetes,GBM (default),roc_auc,0.1825970548862114,0.0094042838018743,44,45,0.1514056224899598
diabetes,tabarena-diabetes,fold-2,2,binary_classification,1,50000,42,0.1904674273095326,0.1608623548922056,0.1923904998990783,409,103,256,0.0272243022918701,1.3216493129730225,ok,True,diabetes,GBM (default),roc_auc,0.1510462221624168,0.0413442777366614,45,45,0.1445872300343134
diabetes,tabarena-diabetes,fold-4,4,binary_classification,1,50000,42,0.1982754088017246,0.1822139303482587,0.1727107582587633,409,103,256,0.03399658203125,1.3336784839630127,ok,True,diabetes,GBM (default),roc_auc,0.1394065800982304,0.0333041781605328,42,45,0.1348314606741573
diabetes,tabarena-diabetes,fold-6,6,binary_classification,1,50000,42,0.1327882643672118,0.1413764510779437,0.1529300948664468,409,103,256,0.0339517593383789,1.3410398960113523,ok,True,diabetes,GBM (default),roc_auc,0.1533337818744533,-0.0004036870080065,33,45,0.1297180919060755
diabetes,tabarena-diabetes,fold-8,8,binary_classification,1,50000,42,0.1516722055177506,0.1662520729684908,0.2353413654618474,409,103,256,0.0279562473297119,1.3329849243164062,ok,True,diabetes,GBM (default),roc_auc,0.2194779116465863,0.0158634538152611,44,45,0.2052878179384203
diabetes,tabarena-diabetes,fold-10,10,binary_classification,1,50000,42,0.1751669383248331,0.154021558872305,0.1392047365942271,409,103,256,0.0328264236450195,1.3516614437103271,ok,True,diabetes,GBM (default),roc_auc,0.1330821503061292,0.0061225862880979,35,45,0.1141088609298257
diabetes,tabarena-diabetes,fold-12,12,binary_classification,1,50000,42,0.1050791313949208,0.2075041459369817,0.2087398237233398,409,103,256,0.033843994140625,1.3125181198120115,ok,True,diabetes,GBM (default),roc_auc,0.1941061696831056,0.0146336540402342,42,45,0.1760748166588172
diabetes,tabarena-diabetes,fold-14,14,binary_classification,1,50000,42,0.136743683072216,0.1650082918739635,0.1426372155287818,409,103,256,0.0309967994689941,1.3211119174957275,ok,True,diabetes,GBM (default),roc_auc,0.1339357429718874,0.0087014725568943,28,45,0.1220214190093706
diabetes,tabarena-diabetes,fold-16,16,binary_classification,1,50000,42,0.1119669803880329,0.1558872305140961,0.2235753212675773,409,103,256,0.0293381214141845,1.3290717601776123,ok,True,diabetes,GBM (default),roc_auc,0.2201439816995223,0.0034313395680549,40,45,0.1929623898270873
diabetes,tabarena-diabetes,fold-18,18,binary_classification,1,50000,42,0.1896655975603345,0.1938225538971808,0.1718697436587498,409,103,256,0.034285545349121,1.321099042892456,ok,True,diabetes,GBM (default),roc_auc,0.1470766332503532,0.0247931104083966,45,45,0.1202314472179236
diabetes,tabarena-diabetes,fold-20,20,binary_classification,1,50000,42,0.1422429709342195,0.1749585406301823,0.187817938420348,409,103,256,0.0329029560089111,1.3195829391479492,ok,True,diabetes,GBM (default),roc_auc,0.1534136546184739,0.0344042838018741,44,45,0.1396921017402945
diabetes,tabarena-diabetes,fold-22,22,binary_classification,1,50000,42,0.168265944581734,0.1936152570480929,0.1637623629146202,409,103,256,0.033513069152832,1.3176424503326416,ok,True,diabetes,GBM (default),roc_auc,0.1628877077306062,0.0008746551840139,40,45,0.1371190203861939
diabetes,tabarena-diabetes,fold-24,24,binary_classification,1,50000,42,0.5,0.5,0.5,409,103,256,0.0213618278503417,1.325075626373291,ok,True,diabetes,GBM (default),roc_auc,0.1998250689631973,0.3001749310368027,45,45,0.1610038350265761
diabetes,tabarena-diabetes,fold-26,26,binary_classification,1,50000,42,0.1444189481458037,0.2197346600331675,0.179384203480589,409,103,256,0.0288646221160888,1.3131330013275146,ok,True,diabetes,GBM (default),roc_auc,0.1664658634538152,0.0129183400267738,41,45,0.1524765729585007
diabetes,tabarena-diabetes,fold-28,28,binary_classification,1,50000,42,0.1416346811083653,0.1339137645107795,0.2192020453475072,409,103,256,0.0300633907318115,1.3188562393188477,ok,True,diabetes,GBM (default),roc_auc,0.1806499360828903,0.0385521092646168,44,45,0.1597927740025566
diabetes130us,tabarena-diabetes130us,fold-0,0,binary_classification,1,50000,42,0.2948804736770584,0.3427132888561985,0.3344498187821667,38142,9536,23840,26.703582763671875,55.92855930328369,ok,True,Diabetes130US,GBM (default),roc_auc,0.342632035679012,-0.0081822168968452,24,45,0.3147409160675252
diabetes130us,tabarena-diabetes130us,fold-2,2,binary_classification,1,50000,42,0.2018031889147417,0.3438646181474768,0.3577703652090306,38143,9536,23839,23.71192002296448,42.98579263687134,ok,True,Diabetes130US,GBM (default),roc_auc,0.3561806187051135,0.001589746503917,37,45,0.330002138881833
diabetes130us,tabarena-diabetes130us,fold-4,4,binary_classification,1,50000,42,0.2817481193706938,0.3361073640260371,0.3477635830468089,38143,9536,23839,26.27409720420837,45.81746196746826,ok,True,Diabetes130US,GBM (default),roc_auc,0.3557721525250797,-0.0080085694782708,27,45,0.3328211820531821
diabetes130us,tabarena-diabetes130us,fold-6,6,binary_classification,1,50000,42,0.2494825119047317,0.3469879808677331,0.3506288299591736,38142,9536,23840,26.17769503593445,45.672085762023926,ok,True,Diabetes130US,GBM (default),roc_auc,0.3513335586699695,-0.0007047287107958,35,45,0.3243171677315715
diabetes130us,tabarena-diabetes130us,fold-8,8,binary_classification,1,50000,42,0.1443183235020632,0.3340664646324278,0.375262421902641,38143,9536,23839,29.20078659057617,48.522764682769775,ok,True,Diabetes130US,GBM (default),roc_auc,0.3563411663851437,0.0189212555174973,37,45,0.33249073754109
diamonds,tabarena-diamonds,fold-1,1,regression,1,10000,42,1017.7481394576888,1037.6130147275037,1056.60772774805,10000,7192,17980,0.5120670795440674,2.568704843521118,ok,True,diamonds,GBM (default),rmse,538.1605330535481,518.4471946945018,40,45,507.5897406228831
diamonds,tabarena-diamonds,fold-3,3,regression,1,10000,42,498.2478250332026,612.2743882029313,647.4757601829859,10000,7192,17980,1.2982754707336426,3.740076303482056,ok,True,diamonds,GBM (default),rmse,546.9566991387418,100.51906104424415,39,45,526.6830053759813
diamonds,tabarena-diamonds,fold-5,5,regression,1,10000,42,480.3790773796629,598.8638173689773,607.7778339568832,10000,7192,17980,1.166419506072998,3.303691864013672,ok,True,diamonds,GBM (default),rmse,521.2610766844654,86.51675727241786,40,45,501.6126644496342
diamonds,tabarena-diamonds,fold-7,7,regression,1,10000,42,545.6510925212588,610.2321524803386,619.2132840481374,10000,7192,17980,6.607386589050293,15.968404531478882,ok,True,diamonds,GBM (default),rmse,528.469472342341,90.74381170579647,39,45,505.12936246941774
e-commereshippingdata,tabarena-e-commereshippingdata,fold-0,0,binary_classification,1,10000,42,0.232886439142253,0.2543030888030889,0.2613127044930056,5865,1467,3667,0.0727717876434326,6.648589611053467,ok,True,E-CommereShippingData,GBM (default),roc_auc,0.2590721657130355,0.0022405387799701,32,45,0.2529171348297245
e-commereshippingdata,tabarena-e-commereshippingdata,fold-2,2,binary_classification,1,10000,42,0.2167151276017181,0.2682200772200772,0.2619087588995518,5866,1467,3666,0.1727232933044433,1.6228554248809814,ok,True,E-CommereShippingData,GBM (default),roc_auc,0.2515614889507827,0.0103472699487691,39,45,0.2490307066806036
e-commereshippingdata,tabarena-e-commereshippingdata,fold-4,4,binary_classification,1,10000,42,0.2378215191402003,0.2379333976833976,0.2510464261947935,5866,1467,3666,0.0761630535125732,1.4712512493133545,ok,True,E-CommereShippingData,GBM (default),roc_auc,0.2563524625649068,-0.0053060363701132,11,45,0.2441256033030455
e-commereshippingdata,tabarena-e-commereshippingdata,fold-6,6,binary_classification,1,10000,42,0.240962428269405,0.2604324324324325,0.2610353603712178,5865,1467,3667,0.0920858383178711,1.4402778148651123,ok,True,E-CommereShippingData,GBM (default),roc_auc,0.2607785659810163,0.0002567943902014,35,45,0.2482110917871529
e-commereshippingdata,tabarena-e-commereshippingdata,fold-8,8,binary_classification,1,10000,42,0.243948482251824,0.2524054054054054,0.2597461859726152,5866,1467,3666,0.0785176753997802,1.448108196258545,ok,True,E-CommereShippingData,GBM (default),roc_auc,0.271293305175057,-0.0115471192024417,6,45,0.2521122571665565
fitness-club,tabarena-fitness-club,fold-1,1,binary_classification,1,50000,42,0.1791448206404218,0.1181153437905413,0.204377692176322,800,200,500,0.1620073318481445,1.5682833194732666,ok,True,Fitness_Club,GBM (default),roc_auc,0.2010474582060379,0.003330233970284,42,45,0.176530863963263
fitness-club,tabarena-fitness-club,fold-3,3,binary_classification,1,50000,42,0.1722799845967,0.2328104729331288,0.1642725668418756,800,200,500,0.0625636577606201,1.4169797897338867,ok,True,Fitness_Club,GBM (default),roc_auc,0.1709709861667204,-0.0066984193248448,23,45,0.157593123209169
fitness-club,tabarena-fitness-club,fold-5,5,binary_classification,1,10000,42,0.1899012115287774,0.2073214285714285,0.2190241228070175,800,200,500,0.2863047122955322,1.6634464263916016,ok,True,Fitness_Club,GBM (default),roc_auc,0.2135133091349061,0.0055108136721113,43,45,0.1863846037507561
fitness-club,tabarena-fitness-club,fold-7,7,binary_classification,1,10000,42,0.1697177049083207,0.2170656917089279,0.1930017647393689,800,200,500,0.0384864807128906,1.334366798400879,ok,True,Fitness_Club,GBM (default),roc_auc,0.1994155486821381,-0.0064137839427692,39,45,0.163532514848479
fitness-club,tabarena-fitness-club,fold-9,9,binary_classification,1,10000,42,0.1311539145116858,0.2276211817431301,0.1690923926450217,800,200,500,0.0722196102142334,1.3681559562683103,ok,True,Fitness_Club,GBM (default),roc_auc,0.1828307937532022,-0.0137384011081804,23,45,0.1578777585912446
fitness-club,tabarena-fitness-club,fold-11,11,binary_classification,1,10000,42,0.1645709292336858,0.1718452380952381,0.2171997882637628,800,200,500,0.0397202968597412,1.3157143592834473,ok,True,Fitness_Club,GBM (default),roc_auc,0.2168784029038112,0.0003213853599516,41,45,0.1948540532365397
fitness-club,tabarena-fitness-club,fold-13,13,binary_classification,1,10000,42,0.1617864865665451,0.2206038447930181,0.1878688400159395,800,200,500,0.0336940288543701,1.3471012115478516,ok,True,Fitness_Club,GBM (default),roc_auc,0.2032296628019507,-0.0153608227860112,34,45,0.1710468889352737
fitness-club,tabarena-fitness-club,fold-15,15,binary_classification,1,10000,42,0.173794395568589,0.186991390494162,0.1829351600599632,800,200,500,0.0437169075012207,1.3554999828338623,ok,True,Fitness_Club,GBM (default),roc_auc,0.1936374504260043,-0.010702290366041,35,45,0.1651264729881022
fitness-club,tabarena-fitness-club,fold-17,17,binary_classification,1,10000,42,0.1851580319322254,0.209702380952381,0.1896551724137931,800,200,500,0.0305075645446777,1.3354816436767578,ok,True,Fitness_Club,GBM (default),roc_auc,0.2049115245009074,-0.0152563520871142,30,45,0.1689541742286751
fitness-club,tabarena-fitness-club,fold-19,19,binary_classification,1,10000,42,0.1553918954945348,0.1856350984785942,0.211645382265318,800,200,500,0.0346348285675048,1.3283987045288086,ok,True,Fitness_Club,GBM (default),roc_auc,0.2234387749293156,-0.0117933926639975,35,45,0.1966450976299361
fitness-club,tabarena-fitness-club,fold-21,21,binary_classification,1,10000,42,0.1423324150596877,0.1819790069583677,0.1811799085371639,800,200,500,0.0660839080810546,1.369410514831543,ok,True,Fitness_Club,GBM (default),roc_auc,0.1963035351714452,-0.0151236266342813,11,45,0.176170325812634
fitness-club,tabarena-fitness-club,fold-23,23,binary_classification,1,10000,42,0.1952368257353594,0.1835119047619048,0.1734913793103447,800,200,500,0.0472719669342041,1.3430399894714355,ok,True,Fitness_Club,GBM (default),roc_auc,0.1912053841500303,-0.0177140048396855,32,45,0.1562121899576528
fitness-club,tabarena-fitness-club,fold-25,25,binary_classification,1,10000,42,0.1736759086465831,0.1448873687934898,0.1944723808800925,800,200,500,0.0319893360137939,1.3254923820495603,ok,True,Fitness_Club,GBM (default),roc_auc,0.1940454278069792,0.0004269530731133,41,45,0.1715782083151482
fitness-club,tabarena-fitness-club,fold-27,27,binary_classification,1,10000,42,0.2031125033324448,0.2177976190476191,0.2256597852389594,800,200,500,0.0252635478973388,1.315743923187256,ok,True,Fitness_Club,GBM (default),roc_auc,0.2113203266787658,0.0143394585601935,43,45,0.1846453418027828
fitness-club,tabarena-fitness-club,fold-29,29,binary_classification,1,10000,42,0.1908342960395747,0.2194834296497227,0.1945862350329228,800,200,500,0.036975622177124,1.3670320510864258,ok,True,Fitness_Club,GBM (default),roc_auc,0.2076415112241219,-0.013055276191199,25,45,0.1783335547164083
food-delivery-time,tabarena-food-delivery-time,fold-1,1,regression,1,50000,42,6.812336232744324,7.476073219813791,7.436982991699927,24240,6061,15150,13.609684705734251,18.964709758758545,ok,True,Food_Delivery_Time,GBM (default),rmse,7.617416858673096,-0.1804338669731686,14,45,7.369067192077637
food-delivery-time,tabarena-food-delivery-time,fold-3,3,regression,1,50000,42,7.285460165477894,7.417806594054766,7.538195236958615,24240,6060,15151,6.033971071243286,9.795213222503662,ok,True,Food_Delivery_Time,GBM (default),rmse,7.673795223236084,-0.1355999862774686,18,45,7.404635429382324
food-delivery-time,tabarena-food-delivery-time,fold-5,5,regression,1,50000,42,7.420267899292621,7.625850080412283,7.533630886967149,24240,6061,15150,3.8449127674102783,7.792930841445923,ok,True,Food_Delivery_Time,GBM (default),rmse,7.623459339141846,-0.0898284521746966,18,45,7.344154550745107
food-delivery-time,tabarena-food-delivery-time,fold-7,7,regression,1,50000,42,7.369337490715564,7.418937999146802,7.373947327278917,24240,6061,15150,4.038567066192627,7.461004972457886,ok,True,Food_Delivery_Time,GBM (default),rmse,7.505482196807861,-0.1315348695289442,17,45,7.257156848907471
givemesomecredit,tabarena-givemesomecredit,fold-0,0,binary_classification,1,50000,42,0.1403884278536843,0.1420815470845304,0.1360378924180302,50000,20000,50000,0.4850058555603027,27.89789247512817,ok,True,GiveMeSomeCredit,GBM (default),roc_auc,0.1307666294219964,0.0052712629960337,29,45,0.1292955816698351
givemesomecredit,tabarena-givemesomecredit,fold-2,2,binary_classification,1,50000,42,0.1151267390743768,0.1406195452459119,0.1372051263739439,50000,20000,50000,0.54465651512146,3.244420528411865,ok,True,GiveMeSomeCredit,GBM (default),roc_auc,0.137331541233395,-0.0001264148594511,20,45,0.1345064301374872
givemesomecredit,tabarena-givemesomecredit,fold-4,4,binary_classification,1,50000,42,0.5025433140354676,0.1368968217966417,0.1344868573822596,50000,20000,50000,3.0026302337646484,6.564687013626099,ok,True,GiveMeSomeCredit,GBM (default),roc_auc,0.1319660410644614,0.0025208163177982,28,45,0.1302036209135428
givemesomecredit,tabarena-givemesomecredit,fold-6,6,binary_classification,1,50000,42,0.0793763236391758,0.1368214984744371,0.1403303028141236,50000,20000,50000,4.971317529678345,9.56723666191101,ok,True,GiveMeSomeCredit,GBM (default),roc_auc,0.1341978033160762,0.0061324994980473,29,45,0.1330788855914483
givemesomecredit,tabarena-givemesomecredit,fold-8,8,binary_classification,1,50000,42,0.110006650826002,0.1399054865636138,0.1362292173829974,50000,20000,50000,4.637833833694458,8.76960301399231,ok,True,GiveMeSomeCredit,GBM (default),roc_auc,0.1344876237466927,0.0017415936363046,27,45,0.1329698886884841
hazelnut-spread-contaminant-detection,tabarena-hazelnut-spread-contaminant-detection,fold-1,1,binary_classification,1,50000,42,0.0215502929687499,0.0290234375,0.0454124999999999,1280,320,800,0.4361088275909424,1.808790922164917,ok,True,hazelnut-spread-contaminant-detection,GBM (default),roc_auc,0.02900625,0.0164062499999999,40,45,0.011375
hazelnut-spread-contaminant-detection,tabarena-hazelnut-spread-contaminant-detection,fold-3,3,binary_classification,1,50000,42,0.01977783203125,0.030859375,0.0489937499999999,1280,320,800,0.8835575580596924,2.269220352172852,ok,True,hazelnut-spread-contaminant-detection,GBM (default),roc_auc,0.02924375,0.0197499999999999,36,45,0.00864375
hazelnut-spread-contaminant-detection,tabarena-hazelnut-spread-contaminant-detection,fold-5,5,binary_classification,1,50000,42,0.0,0.0239453124999999,0.0315562499999999,1280,320,800,0.4058332443237304,1.7455663681030271,ok,True,hazelnut-spread-contaminant-detection,GBM (default),roc_auc,0.030725,0.0008312499999999,31,45,0.00635
hazelnut-spread-contaminant-detection,tabarena-hazelnut-spread-contaminant-detection,fold-7,7,binary_classification,1,50000,42,0.0,0.0269140624999999,0.0401437499999999,1280,320,800,3.0685458183288574,4.5857884883880615,ok,True,hazelnut-spread-contaminant-detection,GBM (default),roc_auc,0.0347124999999999,0.0054312499999999,33,45,0.0083937499999999
hazelnut-spread-contaminant-detection,tabarena-hazelnut-spread-contaminant-detection,fold-9,9,binary_classification,1,50000,42,0.0008056640625,0.0551953124999999,0.0334249999999999,1280,320,800,0.6364028453826904,2.0911128520965576,ok,True,hazelnut-spread-contaminant-detection,GBM (default),roc_auc,0.02261875,0.0108062499999999,36,45,0.00475
hazelnut-spread-contaminant-detection,tabarena-hazelnut-spread-contaminant-detection,fold-11,11,binary_classification,1,50000,42,0.01486572265625,0.0712499999999999,0.0650750000000001,1280,320,800,0.1206753253936767,1.4461708068847656,ok,True,hazelnut-spread-contaminant-detection,GBM (default),roc_auc,0.0334249999999999,0.0316500000000001,43,45,0.0108187499999998
hazelnut-spread-contaminant-detection,tabarena-hazelnut-spread-contaminant-detection,fold-13,13,binary_classification,1,50000,42,0.0,0.0247265625,0.03019375,1280,320,800,0.5076231956481934,1.846139907836914,ok,True,hazelnut-spread-contaminant-detection,GBM (default),roc_auc,0.0296374999999999,0.00055625,31,45,0.00931875
hazelnut-spread-contaminant-detection,tabarena-hazelnut-spread-contaminant-detection,fold-15,15,binary_classification,1,50000,42,3.1738281250026645e-05,0.027734375,0.02458125,1280,320,800,0.2251572608947754,1.5787765979766846,ok,True,hazelnut-spread-contaminant-detection,GBM (default),roc_auc,0.0177374999999999,0.00684375,34,45,0.0045187499999999
hazelnut-spread-contaminant-detection,tabarena-hazelnut-spread-contaminant-detection,fold-17,17,binary_classification,1,50000,42,0.0,0.0166015625,0.0314812499999999,1280,320,800,0.7372868061065674,2.0662097930908203,ok,True,hazelnut-spread-contaminant-detection,GBM (default),roc_auc,0.0300312499999999,0.0014499999999999,33,45,0.00968125
hazelnut-spread-contaminant-detection,tabarena-hazelnut-spread-contaminant-detection,fold-19,19,binary_classification,1,50000,42,0.0097094726562501,0.0357421875,0.0478062499999999,1280,320,800,0.5866076946258545,1.9233369827270508,ok,True,hazelnut-spread-contaminant-detection,GBM (default),roc_auc,0.033275,0.0145312499999998,40,45,0.0080062499999999
hazelnut-spread-contaminant-detection,tabarena-hazelnut-spread-contaminant-detection,fold-21,21,binary_classification,1,50000,42,0.1035400390625,0.120703125,0.1115249999999999,1280,320,800,0.0453009605407714,1.3733677864074707,ok,True,hazelnut-spread-contaminant-detection,GBM (default),roc_auc,0.02369375,0.0878312499999999,45,45,0.0052875000000001
hazelnut-spread-contaminant-detection,tabarena-hazelnut-spread-contaminant-detection,fold-23,23,binary_classification,1,50000,42,0.0011523437499999,0.0283203125,0.0318249999999999,1280,320,800,0.2943968772888183,1.623260736465454,ok,True,hazelnut-spread-contaminant-detection,GBM (default),roc_auc,0.0236249999999998,0.0082,34,45,0.0075999999999999
hazelnut-spread-contaminant-detection,tabarena-hazelnut-spread-contaminant-detection,fold-25,25,binary_classification,1,50000,42,0.0006201171874999,0.0230078124999999,0.040575,1280,320,800,0.9992222785949708,2.426108360290528,ok,True,hazelnut-spread-contaminant-detection,GBM (default),roc_auc,0.0339875,0.0065874999999999,34,45,0.0042562499999999
hazelnut-spread-contaminant-detection,tabarena-hazelnut-spread-contaminant-detection,fold-27,27,binary_classification,1,50000,42,0.0005981445312499,0.0305468749999999,0.0343625,1280,320,800,0.6761877536773682,2.0316529273986816,ok,True,hazelnut-spread-contaminant-detection,GBM (default),roc_auc,0.0246312499999999,0.00973125,34,45,0.0071124999999999
hazelnut-spread-contaminant-detection,tabarena-hazelnut-spread-contaminant-detection,fold-29,29,binary_classification,1,50000,42,5.371093749995115e-05,0.040078125,0.0393562499999999,1280,320,800,0.2088682651519775,1.5403742790222168,ok,True,hazelnut-spread-contaminant-detection,GBM (default),roc_auc,0.0351249999999999,0.00423125,33,45,0.0076062499999999
healthcare-insurance-expenses,tabarena-healthcare-insurance-expenses,fold-1,1,regression,1,50000,42,11620.245336931102,12485.313378498504,12708.875014013836,713,179,446,0.0241148471832275,1.4465248584747314,ok,True,healthcare_insurance_expenses,GBM (default),rmse,5195.334947490173,7513.540066523661,45,45,5085.522878734649
healthcare-insurance-expenses,tabarena-healthcare-insurance-expenses,fold-3,3,regression,1,50000,42,7809.524434149875,8622.639679496777,8754.165011944013,713,179,446,0.2492933273315429,1.5637049674987793,ok,True,healthcare_insurance_expenses,GBM (default),rmse,4344.608165689371,4409.556846254642,43,45,4121.156104461971
healthcare-insurance-expenses,tabarena-healthcare-insurance-expenses,fold-5,5,regression,1,50000,42,4106.109558494387,4494.906233318629,5120.704266002976,713,179,446,0.3948457241058349,1.6824021339416504,ok,True,healthcare_insurance_expenses,GBM (default),rmse,4382.457827600403,738.2464384025725,40,45,4219.142441802528
healthcare-insurance-expenses,tabarena-healthcare-insurance-expenses,fold-7,7,regression,1,50000,42,12308.363569868412,10400.402753492248,11861.74612723777,713,179,446,0.0959346294403076,1.3190300464630127,ok,True,healthcare_insurance_expenses,GBM (default),rmse,4456.206781984524,7405.539345253245,45,45,4399.092786963155
healthcare-insurance-expenses,tabarena-healthcare-insurance-expenses,fold-9,9,regression,1,50000,42,6566.790517685665,6329.675067700605,6403.164271787869,713,179,446,0.2843730449676513,1.5345377922058103,ok,True,healthcare_insurance_expenses,GBM (default),rmse,4309.718143936859,2093.4461278510107,43,45,4185.883431185328
healthcare-insurance-expenses,tabarena-healthcare-insurance-expenses,fold-11,11,regression,1,50000,42,11899.308046526745,11283.929691472053,12004.681949292031,713,179,446,0.0442948341369628,1.300950050354004,ok,True,healthcare_insurance_expenses,GBM (default),rmse,4785.297689357815,7219.384259934216,45,45,4605.593912707114
healthcare-insurance-expenses,tabarena-healthcare-insurance-expenses,fold-13,13,regression,1,50000,42,3974.340765966545,5732.879191225713,4979.3675120649,713,179,446,0.5501439571380615,1.8478178977966309,ok,True,healthcare_insurance_expenses,GBM (default),rmse,4570.711870677453,408.6556413874469,40,45,4456.565819576823
healthcare-insurance-expenses,tabarena-healthcare-insurance-expenses,fold-15,15,regression,1,50000,42,6966.45473471583,7562.325948026434,6953.385069407724,713,179,446,0.3858599662780761,1.6345131397247314,ok,True,healthcare_insurance_expenses,GBM (default),rmse,4285.2926472462905,2668.092422161433,43,45,4217.261590928462
healthcare-insurance-expenses,tabarena-healthcare-insurance-expenses,fold-17,17,regression,1,50000,42,12174.812937548186,11723.490834161505,12149.638774553983,713,179,446,0.0213851928710937,1.3158276081085205,ok,True,healthcare_insurance_expenses,GBM (default),rmse,4641.112933172756,7508.525841381227,45,45,4329.8380285136745
healthcare-insurance-expenses,tabarena-healthcare-insurance-expenses,fold-19,19,regression,1,50000,42,5480.565453335555,5886.853899792887,6048.359855935226,713,179,446,0.3941020965576172,1.6657483577728271,ok,True,healthcare_insurance_expenses,GBM (default),rmse,4922.095664711411,1126.264191223815,40,45,4810.660566457966
healthcare-insurance-expenses,tabarena-healthcare-insurance-expenses,fold-21,21,regression,1,50000,42,6583.833085498789,6917.201293468011,6935.166933224871,713,179,446,0.545203447341919,1.81409764289856,ok,True,healthcare_insurance_expenses,GBM (default),rmse,4684.859261180861,2250.3076720440104,43,45,4645.681765456135
healthcare-insurance-expenses,tabarena-healthcare-insurance-expenses,fold-23,23,regression,1,50000,42,4920.326543880545,6191.326825741011,5442.050571051393,713,179,446,0.0730383396148681,1.3074893951416016,ok,True,healthcare_insurance_expenses,GBM (default),rmse,4386.146980987578,1055.9035900638146,40,45,4221.287537025312
healthcare-insurance-expenses,tabarena-healthcare-insurance-expenses,fold-25,25,regression,1,50000,42,6847.281359967075,6450.990839007247,7058.32371973683,713,179,446,0.1035881042480468,1.512650728225708,ok,True,healthcare_insurance_expenses,GBM (default),rmse,4264.067042542702,2794.2566771941274,43,45,4122.150573996433
healthcare-insurance-expenses,tabarena-healthcare-insurance-expenses,fold-27,27,regression,1,50000,42,7229.745032583598,8867.884401190571,7013.97447527285,713,179,446,0.3599441051483154,1.6068353652954102,ok,True,healthcare_insurance_expenses,GBM (default),rmse,3960.2461751074734,3053.728300165376,43,45,3846.575069524488
healthcare-insurance-expenses,tabarena-healthcare-insurance-expenses,fold-29,29,regression,1,50000,42,5471.957974070631,5496.744290530169,6570.694166675579,713,179,446,0.066033124923706,1.2990624904632568,ok,True,healthcare_insurance_expenses,GBM (default),rmse,5295.50639428798,1275.1877723875996,40,45,5087.183547206297
heloc,tabarena-heloc,fold-1,1,binary_classification,1,10000,42,0.1456660310338573,0.202213453712704,0.1986094259982528,5578,1395,3486,0.4735674858093261,2.2323739528656006,ok,True,heloc,GBM (default),roc_auc,0.1982990977395504,0.0003103282587023,28,45,0.1918359593611789
heloc,tabarena-heloc,fold-3,3,binary_classification,1,10000,42,0.1882860572580451,0.2066514819513319,0.2133334871487241,5577,1395,3487,0.2379786968231201,1.9426512718200684,ok,True,heloc,GBM (default),roc_auc,0.2109613242186727,0.0023721629300513,36,45,0.2033715234974984
heloc,tabarena-heloc,fold-5,5,binary_classification,1,10000,42,0.1483722126626991,0.2155440137074319,0.2018663509359788,5578,1395,3486,0.2530369758605957,1.9331870079040527,ok,True,heloc,GBM (default),roc_auc,0.2042201495983009,-0.0023537986623221,29,45,0.195726587338232
heloc,tabarena-heloc,fold-7,7,binary_classification,1,10000,42,0.1513192300478966,0.19111117518164,0.2007527026755178,5578,1395,3486,0.261486291885376,1.9576873779296875,ok,True,heloc,GBM (default),roc_auc,0.2028755326449828,-0.002122829969465,24,45,0.1967467968748196
houses,tabarena-houses,fold-0,0,regression,1,50000,42,0.1955678250871761,0.2231484012084413,0.2315618665726423,11008,2752,6880,4.057747840881348,13.524980306625366,ok,True,houses,GBM (default),rmse,0.2188293887424985,0.0127324778301437,26,45,0.2023696680663275
houses,tabarena-houses,fold-2,2,regression,1,50000,42,0.0851235635169812,0.2193332877506487,0.2222259947428762,11008,2752,6880,4.510053873062134,7.433785915374756,ok,True,houses,GBM (default),rmse,0.2192654776710821,0.002960517071794,20,45,0.2043828028821422
houses,tabarena-houses,fold-4,4,regression,1,50000,42,0.1181389485938726,0.2195213370212102,0.2244419250373119,11008,2752,6880,0.6344079971313477,2.1936280727386475,ok,True,houses,GBM (default),rmse,0.216627260890041,0.0078146641472709,21,45,0.2000878958404612
houses,tabarena-houses,fold-6,6,regression,1,50000,42,0.2208680562655212,0.2540537045297756,0.2482268437467872,11008,2752,6880,1.4175143241882324,3.4899351596832275,ok,True,houses,GBM (default),rmse,0.2195881634859339,0.0286386802608533,40,45,0.2021400327922864
houses,tabarena-houses,fold-8,8,regression,1,50000,42,0.3411885111136428,0.3462885748491249,0.3480824254796724,11008,2752,6880,1.3382272720336914,3.454674482345581,ok,True,houses,GBM (default),rmse,0.2130863779588737,0.1349960475207986,43,45,0.1974600596477319
hr-analytics-job-change-of-data-scientists,tabarena-hr-analytics-job-change-of-data-scientists,fold-1,1,binary_classification,1,50000,42,0.1823682646173007,0.2013036866306641,0.2073163061867535,10217,2555,6386,0.9829576015472412,2.8275129795074463,ok,True,HR_Analytics_Job_Change_of_Data_Scientists,GBM (default),roc_auc,0.2025173321761079,0.0047989740106456,34,45,0.1984203322620611
hr-analytics-job-change-of-data-scientists,tabarena-hr-analytics-job-change-of-data-scientists,fold-3,3,binary_classification,1,50000,42,0.2247051678831758,0.2382391554520261,0.2286686352077451,10217,2555,6386,0.1982824802398681,1.7961809635162354,ok,True,HR_Analytics_Job_Change_of_Data_Scientists,GBM (default),roc_auc,0.1877087251023578,0.0409599101053873,43,45,0.1843311258000474
hr-analytics-job-change-of-data-scientists,tabarena-hr-analytics-job-change-of-data-scientists,fold-5,5,binary_classification,1,50000,42,0.1920625743198661,0.1867939523607631,0.2057739701743847,10217,2555,6386,0.5976665019989014,2.3069987297058105,ok,True,HR_Analytics_Job_Change_of_Data_Scientists,GBM (default),roc_auc,0.2022624933384621,0.0035114768359225,38,45,0.1971094197451846
hr-analytics-job-change-of-data-scientists,tabarena-hr-analytics-job-change-of-data-scientists,fold-7,7,binary_classification,1,50000,42,0.2277043830561704,0.2135785412263886,0.2351300725571956,10217,2555,6386,0.2006213665008545,1.7820453643798828,ok,True,HR_Analytics_Job_Change_of_Data_Scientists,GBM (default),roc_auc,0.1975444860933788,0.0375855864638168,43,45,0.1938617917497374
in-vehicle-coupon-recommendation,tabarena-in-vehicle-coupon-recommendation,fold-0,0,binary_classification,1,10000,42,0.0733667840291933,0.1943254635035457,0.2014134428729893,6764,1692,4228,5.383907318115234,12.933266639709473,ok,True,in_vehicle_coupon_recommendation,GBM (default),roc_auc,0.1579702232390459,0.0434432196339433,39,45,0.1397884921329947
in-vehicle-coupon-recommendation,tabarena-in-vehicle-coupon-recommendation,fold-2,2,binary_classification,1,10000,42,0.0030436880293274,0.1828468088742061,0.1904588442529031,6764,1692,4228,11.093828439712524,13.43817925453186,ok,True,in_vehicle_coupon_recommendation,GBM (default),roc_auc,0.1735074307800181,0.0169514134728849,26,45,0.1548373893363889
in-vehicle-coupon-recommendation,tabarena-in-vehicle-coupon-recommendation,fold-4,4,binary_classification,1,10000,42,0.0913040476034553,0.2072537236920798,0.2108695181251746,6764,1692,4228,14.652974367141724,18.926390409469604,ok,True,in_vehicle_coupon_recommendation,GBM (default),roc_auc,0.1666893552009759,0.0441801629241986,39,45,0.1492790404688203
in-vehicle-coupon-recommendation,tabarena-in-vehicle-coupon-recommendation,fold-6,6,binary_classification,1,10000,42,0.2727655980499764,0.2918199812035429,0.2807016403581749,6764,1692,4228,0.6878902912139893,2.353928804397583,ok,True,in_vehicle_coupon_recommendation,GBM (default),roc_auc,0.1634379697944946,0.1172636705636802,43,45,0.1496029780409843
in-vehicle-coupon-recommendation,tabarena-in-vehicle-coupon-recommendation,fold-8,8,binary_classification,1,10000,42,0.2789424562894733,0.2858186426679576,0.2961527542626512,6764,1692,4228,1.6366345882415771,3.3851897716522217,ok,True,in_vehicle_coupon_recommendation,GBM (default),roc_auc,0.1624659814501279,0.1336867728125232,43,45,0.1446334775594433
is-this-a-good-customer,tabarena-is-this-a-good-customer,fold-1,1,binary_classification,1,50000,42,0.1820404820404819,0.1695889894419305,0.2567628834819404,919,230,574,0.1330122947692871,1.489022970199585,ok,True,Is-this-a-good-customer,GBM (default),roc_auc,0.2638355750340033,-0.0070726915520629,25,45,0.2271422094604805
is-this-a-good-customer,tabarena-is-this-a-good-customer,fold-3,3,binary_classification,1,50000,42,0.2258138820638821,0.2758295625942685,0.2217062570697149,918,230,575,0.2702739238739013,1.749999761581421,ok,True,Is-this-a-good-customer,GBM (default),roc_auc,0.2765374769304042,-0.0548312198606892,1,45,0.2456093350002977
is-this-a-good-customer,tabarena-is-this-a-good-customer,fold-5,5,binary_classification,1,50000,42,0.1424359424359426,0.2552790346907994,0.2833610397461085,919,230,574,0.4877529144287109,1.88995623588562,ok,True,Is-this-a-good-customer,GBM (default),roc_auc,0.2750793410911289,0.0082816986549795,35,45,0.2484509596493879
is-this-a-good-customer,tabarena-is-this-a-good-customer,fold-7,7,binary_classification,1,50000,42,0.2071019071019071,0.198340874811463,0.2787668127550248,919,230,574,0.2472777366638183,1.747974872589111,ok,True,Is-this-a-good-customer,GBM (default),roc_auc,0.2616291370711803,0.0171376756838445,25,45,0.2569744597249508
is-this-a-good-customer,tabarena-is-this-a-good-customer,fold-9,9,binary_classification,1,50000,42,0.1038437913437912,0.2502828054298642,0.2705244984223374,918,230,575,0.3490779399871826,1.7801225185394287,ok,True,Is-this-a-good-customer,GBM (default),roc_auc,0.2772518902184915,-0.0067273917961541,34,45,0.234238256831577
is-this-a-good-customer,tabarena-is-this-a-good-customer,fold-11,11,binary_classification,1,50000,42,0.2151339651339651,0.2822398190045249,0.3396403203868823,919,230,574,0.2622568607330322,1.6591734886169434,ok,True,Is-this-a-good-customer,GBM (default),roc_auc,0.2864137826809732,0.0532265377059091,42,45,0.2523197823787214
is-this-a-good-customer,tabarena-is-this-a-good-customer,fold-13,13,binary_classification,1,50000,42,0.1317772317772317,0.22473604826546,0.2813359528487229,919,230,574,0.3535487651824951,1.76611590385437,ok,True,Is-this-a-good-customer,GBM (default),roc_auc,0.3106543750944537,-0.0293184222457307,32,45,0.2409551156113042
is-this-a-good-customer,tabarena-is-this-a-good-customer,fold-15,15,binary_classification,1,50000,42,0.224591287091287,0.2168174962292608,0.2488986128475323,918,230,575,0.2271111011505127,1.612344741821289,ok,True,Is-this-a-good-customer,GBM (default),roc_auc,0.2504018574745491,-0.0015032446270167,34,45,0.204560338155623
is-this-a-good-customer,tabarena-is-this-a-good-customer,fold-17,17,binary_classification,1,50000,42,0.2205042705042705,0.2715874811463047,0.3061054858697294,919,230,574,0.1898684501647949,1.5709505081176758,ok,True,Is-this-a-good-customer,GBM (default),roc_auc,0.2941212029620674,0.0119842829076619,33,45,0.2775275804745353
is-this-a-good-customer,tabarena-is-this-a-good-customer,fold-19,19,binary_classification,1,50000,42,0.2426933426933427,0.1928733031674208,0.2473628532567628,919,230,574,0.3094398975372314,1.6850075721740725,ok,True,Is-this-a-good-customer,GBM (default),roc_auc,0.3020401994861719,-0.054677346229409,1,45,0.2474233036119086
is-this-a-good-customer,tabarena-is-this-a-good-customer,fold-21,21,binary_classification,1,50000,42,0.2295938858438858,0.2550904977375565,0.2769095671846162,918,230,575,0.2049567699432373,1.6036410331726074,ok,True,Is-this-a-good-customer,GBM (default),roc_auc,0.2917187593022563,-0.01480919211764,37,45,0.2347442995773054
is-this-a-good-customer,tabarena-is-this-a-good-customer,fold-23,23,binary_classification,1,50000,42,0.2189598689598689,0.1611990950226244,0.2875170016623848,919,230,574,0.1191062927246093,1.506495714187622,ok,True,Is-this-a-good-customer,GBM (default),roc_auc,0.2749886655584102,0.0125283361039746,33,45,0.2611757594075865
is-this-a-good-customer,tabarena-is-this-a-good-customer,fold-25,25,binary_classification,1,50000,42,0.0253831753831754,0.1846719457013574,0.2797642436149312,919,230,574,0.971207857131958,2.3476264476776123,ok,True,Is-this-a-good-customer,GBM (default),roc_auc,0.3059694725706513,-0.02620522895572,16,45,0.2625056672207949
is-this-a-good-customer,tabarena-is-this-a-good-customer,fold-27,27,binary_classification,1,50000,42,0.1538107163107163,0.2990196078431373,0.2518455676608918,918,230,575,0.3275015354156494,1.7040374279022217,ok,True,Is-this-a-good-customer,GBM (default),roc_auc,0.2386140382211109,0.0132315294397808,24,45,0.2211704471036494
is-this-a-good-customer,tabarena-is-this-a-good-customer,fold-29,29,binary_classification,1,50000,42,0.1779864279864278,0.2625377073906486,0.2714220946048058,919,230,574,0.233025312423706,1.6002614498138428,ok,True,Is-this-a-good-customer,GBM (default),roc_auc,0.2823031585310565,-0.0108810639262506,24,45,0.2382650748073146
jm1,tabarena-jm1,fold-1,1,binary_classification,1,10000,42,0.223612588785683,0.2555971566717622,0.2796815757342072,5805,1452,3628,0.3962330818176269,2.12952208518982,ok,True,jm1,GBM (default),roc_auc,0.2633638291533029,0.0163177465809043,36,45,0.232979982979983
jm1,tabarena-jm1,fold-3,3,binary_classification,1,10000,42,0.2579570355368884,0.2979082269921683,0.2787236330967113,5804,1452,3629,0.1924009323120117,1.8549880981445312,ok,True,jm1,GBM (default),roc_auc,0.2511490426591214,0.0275745904375899,45,45,0.2172491208193292
jm1,tabarena-jm1,fold-5,5,binary_classification,1,10000,42,0.1748578230870734,0.2707634986673798,0.2645142381984486,5805,1452,3628,1.001723051071167,2.809877157211304,ok,True,jm1,GBM (default),roc_auc,0.2546907283749389,0.0098235098235097,29,45,0.2283824849614324
jm1,tabarena-jm1,fold-7,7,binary_classification,1,10000,42,0.149124096642643,0.2694703860495789,0.2587066929172192,5805,1452,3628,0.2361383438110351,1.91873836517334,ok,True,jm1,GBM (default),roc_auc,0.2497307760465654,0.0089759168706538,27,45,0.2235498419708946
kddcup09-appetency,tabarena-kddcup09-appetency,fold-0,0,binary_classification,1,50000,42,0.0781250805476726,0.1807114110152308,0.2138427648507062,26666,6667,16667,11.190074920654297,46.13397669792175,ok,True,kddcup09_appetency,GBM (default),roc_auc,0.2090433967037509,0.0047993681469552,34,45,0.1569235420793148
kddcup09-appetency,tabarena-kddcup09-appetency,fold-2,2,binary_classification,1,50000,42,0.0367950036973924,0.2244543205186778,0.19396194835642,26667,6667,16666,12.506685733795166,30.1849627494812,ok,True,kddcup09_appetency,GBM (default),roc_auc,0.1825993907774603,0.0113625575789596,33,45,0.1478493536297446
kddcup09-appetency,tabarena-kddcup09-appetency,fold-4,4,binary_classification,1,50000,42,0.0243829081704981,0.2134926053500203,0.1839976840282277,26666,6667,16667,18.042764902114868,35.76548194885254,ok,True,kddcup09_appetency,GBM (default),roc_auc,0.2012479714678859,-0.0172502874396582,29,45,0.1425219410558444
kddcup09-appetency,tabarena-kddcup09-appetency,fold-6,6,binary_classification,1,50000,42,0.1665934488322522,0.1854148806743221,0.1964614584040362,26666,6667,16667,9.346094369888306,26.71101236343384,ok,True,kddcup09_appetency,GBM (default),roc_auc,0.200266254481282,-0.0038047960772457,26,45,0.1545888533060189
kddcup09-appetency,tabarena-kddcup09-appetency,fold-8,8,binary_classification,1,50000,42,0.1181348262225508,0.2111966961494432,0.1648949957899255,26667,6667,16666,17.31528377532959,34.81533122062683,ok,True,kddcup09_appetency,GBM (default),roc_auc,0.1965085274645446,-0.0316135316746191,18,45,0.1403007313972495
marketing-campaign,tabarena-marketing-campaign,fold-1,1,binary_classification,1,10000,42,0.249925351676546,0.2553030303030302,0.284849550056243,1194,299,747,0.3348486423492431,1.8908905982971191,ok,True,Marketing_Campaign,GBM (default),roc_auc,0.1200365579302588,0.1648129921259842,43,45,0.0908886389201349
marketing-campaign,tabarena-marketing-campaign,fold-3,3,binary_classification,1,10000,42,0.006303636202778,0.0963692038495187,0.1417856535781064,1194,299,747,0.4194636344909668,1.834643840789795,ok,True,Marketing_Campaign,GBM (default),roc_auc,0.1009334806504618,0.0408521729276446,43,45,0.075946229248116
marketing-campaign,tabarena-marketing-campaign,fold-5,5,binary_classification,1,10000,42,0.0258774982599184,0.1178040244969378,0.1252890685961553,1195,299,746,0.6783087253570557,2.1276843547821045,ok,True,Marketing_Campaign,GBM (default),roc_auc,0.0998368447187345,0.0254522238774207,41,45,0.0753493651131446
marketing-campaign,tabarena-marketing-campaign,fold-7,7,binary_classification,1,10000,42,0.2523306865433955,0.2363636363636363,0.2765396512935882,1194,299,747,0.0755891799926757,1.4902255535125732,ok,True,Marketing_Campaign,GBM (default),roc_auc,0.0791057367829021,0.1974339145106861,43,45,0.0609533183352081
marketing-campaign,tabarena-marketing-campaign,fold-9,9,binary_classification,1,10000,42,0.1843067106078032,0.2046806649168853,0.1999971669782991,1194,299,747,0.1418342590332031,1.5518887042999268,ok,True,Marketing_Campaign,GBM (default),roc_auc,0.0901892458496231,0.1098079211286759,43,45,0.0654852966173721
marketing-campaign,tabarena-marketing-campaign,fold-11,11,binary_classification,1,10000,42,0.2520024747826278,0.3032370953630796,0.2977158260622827,1195,299,746,0.0946269035339355,1.5261728763580322,ok,True,Marketing_Campaign,GBM (default),roc_auc,0.1097396609207632,0.1879761651415195,43,45,0.0855926792934667
marketing-campaign,tabarena-marketing-campaign,fold-13,13,binary_classification,1,10000,42,0.0976151243032823,0.1179144385026738,0.1980877390326209,1194,299,747,0.3785018920898437,1.81033992767334,ok,True,Marketing_Campaign,GBM (default),roc_auc,0.1201771653543307,0.0779105736782901,43,45,0.098101799775028
marketing-campaign,tabarena-marketing-campaign,fold-15,15,binary_classification,1,10000,42,0.0773771343891002,0.1209893048128342,0.1573326771653542,1194,299,747,0.2121181488037109,1.6268534660339355,ok,True,Marketing_Campaign,GBM (default),roc_auc,0.1070655230596174,0.0502671541057367,43,45,0.0776082677165354
marketing-campaign,tabarena-marketing-campaign,fold-17,17,binary_classification,1,10000,42,0.0949835935169532,0.1266841644794401,0.1488330850535575,1195,299,746,0.3640568256378174,1.784414529800415,ok,True,Marketing_Campaign,GBM (default),roc_auc,0.1117329928353551,0.0371000922182024,43,45,0.0736823437610839
marketing-campaign,tabarena-marketing-campaign,fold-19,19,binary_classification,1,10000,42,0.046013779527559,0.166934046345811,0.2031636670416198,1194,299,747,0.2356550693511963,1.6576924324035645,ok,True,Marketing_Campaign,GBM (default),roc_auc,0.1088512373453318,0.0943124296962879,43,45,0.0937078177727783
marketing-campaign,tabarena-marketing-campaign,fold-21,21,binary_classification,1,10000,42,0.1520365168539326,0.1292650918635171,0.1514604226868378,1194,299,747,0.2457220554351806,1.7063002586364746,ok,True,Marketing_Campaign,GBM (default),roc_auc,0.0772352541220464,0.0742251685647913,43,45,0.0590472548019718
marketing-campaign,tabarena-marketing-campaign,fold-23,23,binary_classification,1,10000,42,0.1861169113828953,0.2135170603674541,0.2268922465772859,1195,299,746,0.1347675323486328,1.550424575805664,ok,True,Marketing_Campaign,GBM (default),roc_auc,0.1089664467617224,0.1179257998155635,43,45,0.0810739873731999
marketing-campaign,tabarena-marketing-campaign,fold-25,25,binary_classification,1,10000,42,0.0356017207820933,0.1425133689839572,0.1266591676040493,1194,299,747,0.75874924659729,2.223057270050049,ok,True,Marketing_Campaign,GBM (default),roc_auc,0.0953880764904386,0.0312710911136107,43,45,0.0808070866141732
marketing-campaign,tabarena-marketing-campaign,fold-27,27,binary_classification,1,10000,42,0.0513193399982305,0.089851268591426,0.1263740155249588,1194,299,747,0.4744601249694824,1.907517671585083,ok,True,Marketing_Campaign,GBM (default),roc_auc,0.0962023344098814,0.0301716811150773,43,45,0.0776602073771884
marketing-campaign,tabarena-marketing-campaign,fold-29,29,binary_classification,1,10000,42,0.0396269044225691,0.1272965879265092,0.1223238987018514,1195,299,746,0.1920616626739502,1.5983686447143557,ok,True,Marketing_Campaign,GBM (default),roc_auc,0.0802298361353479,0.0420940625665035,43,45,0.0685110307157551
miami-housing,tabarena-miami-housing,fold-1,1,regression,1,50000,42,100952.54092124068,114954.66733382616,112783.94754038884,7347,1837,4592,0.6033415794372559,2.503338575363159,ok,True,miami_housing,GBM (default),rmse,85477.9625659262,27305.98497446264,40,45,78574.6637078839
miami-housing,tabarena-miami-housing,fold-3,3,regression,1,50000,42,86521.57314442194,122225.7106972168,95850.42319508514,7347,1837,4592,4.046146392822266,8.759168863296509,ok,True,miami_housing,GBM (default),rmse,76089.04762418766,19761.37557089748,39,45,68160.21928252239
miami-housing,tabarena-miami-housing,fold-5,5,regression,1,50000,42,63063.74151327548,101744.70351124526,89969.62799599867,7347,1837,4592,3.7701919078826895,7.929115533828735,ok,True,miami_housing,GBM (default),rmse,85313.26975945612,4656.358236542554,27,45,76182.91173737067
miami-housing,tabarena-miami-housing,fold-7,7,regression,1,50000,42,121573.8231419702,140921.5464467319,137823.51811611812,7347,1837,4592,2.5427258014678955,5.166008710861206,ok,True,miami_housing,GBM (default),rmse,89803.4842072632,48020.03390885492,42,45,76720.65760074306
naticusdroid,tabarena-naticusdroid,fold-0,0,binary_classification,1,10000,42,0.0101853839801817,0.0245234426590359,0.017635505624948,3995,999,2497,2.3388538360595703,9.680376529693604,ok,True,NATICUSdroid,GBM (default),roc_auc,0.015610129559211,0.002025376065737,36,45,0.0126675887661772
naticusdroid,tabarena-naticusdroid,fold-2,2,binary_classification,1,10000,42,0.0157537411159852,0.0147259520140875,0.0221412717984851,3995,999,2497,0.4317059516906738,2.266195297241211,ok,True,NATICUSdroid,GBM (default),roc_auc,0.0169057600845516,0.0052355117139334,41,45,0.0132052140214902
naticusdroid,tabarena-naticusdroid,fold-4,4,binary_classification,1,10000,42,0.0253743043402121,0.0281862205591018,0.0264460102166635,3995,999,2497,0.2329020500183105,2.017897129058838,ok,True,NATICUSdroid,GBM (default),roc_auc,0.0123818918442839,0.0140641183723796,45,45,0.0108973049145675
naticusdroid,tabarena-naticusdroid,fold-6,6,binary_classification,1,10000,42,0.0112050646848335,0.0165419326436275,0.0209062095083404,3995,999,2497,0.6032586097717285,2.476468563079834,ok,True,NATICUSdroid,GBM (default),roc_auc,0.0184768861799279,0.0024293233284125,34,45,0.0142213405409369
naticusdroid,tabarena-naticusdroid,fold-8,8,binary_classification,1,10000,42,0.0320792366548414,0.0286726832489544,0.0311798485115376,3995,999,2497,0.684394359588623,2.520238876342773,ok,True,NATICUSdroid,GBM (default),roc_auc,0.0139714638013035,0.0172083847102341,45,45,0.0117012506605602
online-shoppers-intention,tabarena-online-shoppers-intention,fold-1,1,binary_classification,1,10000,42,0.0999620186764189,0.1263269699201269,0.11071146667246,6576,1644,4110,1.7383337020874023,3.621793508529663,ok,True,online_shoppers_intention,GBM (default),roc_auc,0.0645781058211403,0.0461333608513196,43,45,0.0622929362053421
online-shoppers-intention,tabarena-online-shoppers-intention,fold-3,3,binary_classification,1,10000,42,0.0759271225179586,0.1093326913272532,0.1104951246094074,6576,1644,4110,1.2824573516845703,3.1025047302246094,ok,True,online_shoppers_intention,GBM (default),roc_auc,0.0651995235043432,0.0452956011050642,43,45,0.0636009457497384
online-shoppers-intention,tabarena-online-shoppers-intention,fold-5,5,binary_classification,1,10000,42,0.0353021291456906,0.0819379142355406,0.0917530224525045,6576,1644,4110,10.044086694717407,12.475134372711182,ok,True,online_shoppers_intention,GBM (default),roc_auc,0.0636520893755228,0.0281009330769816,43,45,0.0606511352979727
online-shoppers-intention,tabarena-online-shoppers-intention,fold-7,7,binary_classification,1,10000,42,0.0366662047873789,0.1071659208066616,0.0779184453786077,6576,1644,4110,5.900157690048218,7.836814403533935,ok,True,online_shoppers_intention,GBM (default),roc_auc,0.062978622869619,0.0149398225089886,43,45,0.0587404909063917
physiochemical-protein,tabarena-physiochemical-protein,fold-0,0,regression,1,50000,42,4.634604316675509,4.656620691104598,4.688846715223314,24388,6098,15244,1.5765371322631836,13.342699766159058,ok,True,physiochemical_protein,GBM (default),rmse,3.506379508181325,1.1824672070419893,40,45,2.982577831184401
physiochemical-protein,tabarena-physiochemical-protein,fold-2,2,regression,1,50000,42,5.042101904791108,5.0779218456536,5.078972219920465,24389,6098,15243,1.7079894542694092,4.961395502090454,ok,True,physiochemical_protein,GBM (default),rmse,3.480903372160572,1.598068847759893,40,45,2.900799410741577
physiochemical-protein,tabarena-physiochemical-protein,fold-4,4,regression,1,50000,42,3.042924627753029,3.763549006471569,3.7389900988562528,24389,6098,15243,5.293218612670898,10.642816543579102,ok,True,physiochemical_protein,GBM (default),rmse,3.4294762868883946,0.3095138119678582,36,45,2.87794975284801
physiochemical-protein,tabarena-physiochemical-protein,fold-6,6,regression,1,50000,42,5.1882824569632815,5.220087677627302,5.245272232272156,24388,6098,15244,3.296678304672241,7.363961219787598,ok,True,physiochemical_protein,GBM (default),rmse,3.47506354926232,1.7702086830098365,43,45,2.909436703455502
physiochemical-protein,tabarena-physiochemical-protein,fold-8,8,regression,1,50000,42,5.620588374048546,5.627109457299456,5.6286255925589455,24389,6098,15243,1.5849676132202148,4.728257417678833,ok,True,physiochemical_protein,GBM (default),rmse,3.480563832154066,2.1480617604048797,45,45,2.8849541800201437
polish-companies-bankruptcy,tabarena-polish-companies-bankruptcy,fold-1,1,binary_classification,1,50000,42,3.1268956804941794e-06,0.0412749596924222,0.0598755181764966,3152,788,1970,1.028341293334961,2.9814369678497314,ok,True,polish_companies_bankruptcy,GBM (default),roc_auc,0.0485662290290338,0.0113092891474627,29,45,0.0207947563126938
polish-companies-bankruptcy,tabarena-polish-companies-bankruptcy,fold-3,3,binary_classification,1,50000,42,0.0761208854679937,0.1457894084087806,0.108598210276477,3152,788,1970,0.2881970405578613,2.244356393814087,ok,True,polish_companies_bankruptcy,GBM (default),roc_auc,0.0462104689203926,0.0623877413560844,34,45,0.0161411893001475
polish-companies-bankruptcy,tabarena-polish-companies-bankruptcy,fold-5,5,binary_classification,1,50000,42,0.0804456451723857,0.1146347513332505,0.0910915455099334,3152,788,1970,0.1383185386657714,2.0331647396087646,ok,True,polish_companies_bankruptcy,GBM (default),roc_auc,0.0380274847583437,0.0530640607515897,33,45,0.0199863810672942
polish-companies-bankruptcy,tabarena-polish-companies-bankruptcy,fold-7,7,binary_classification,1,50000,42,9.380687041482538e-06,0.0591839265781967,0.0447871743103922,3152,788,1970,2.5353121757507324,4.700125694274902,ok,True,polish_companies_bankruptcy,GBM (default),roc_auc,0.0358671716025341,0.008920002707858,24,45,0.0181944162375906
qsar-biodeg,tabarena-qsar-biodeg,fold-0,0,binary_classification,1,50000,42,0.0,0.058623811679493,0.0797778338803333,561,141,352,0.7156052589416504,6.614985704421997,ok,True,qsar-biodeg,GBM (default),roc_auc,0.0829877015183755,-0.0032098676380422,30,45,0.061276012550943
qsar-biodeg,tabarena-qsar-biodeg,fold-2,2,binary_classification,1,50000,42,0.5,0.5,0.5,562,141,351,0.0464465618133544,1.4558680057525637,ok,True,qsar-biodeg,GBM (default),roc_auc,0.0593584054702844,0.4406415945297155,45,45,0.0475740161489779
qsar-biodeg,tabarena-qsar-biodeg,fold-4,4,binary_classification,1,50000,42,0.5,0.5,0.5,562,141,351,0.0425107479095459,1.4448511600494385,ok,True,qsar-biodeg,GBM (default),roc_auc,0.0912199025241871,0.4087800974758129,45,45,0.0800174583545501
qsar-biodeg,tabarena-qsar-biodeg,fold-6,6,binary_classification,1,50000,42,0.0275359845252317,0.0611136260751471,0.0975222707108595,561,141,352,0.232264757156372,1.6590654850006104,ok,True,qsar-biodeg,GBM (default),roc_auc,0.0915353265769827,0.0059869441338767,42,45,0.0688859234680996
qsar-biodeg,tabarena-qsar-biodeg,fold-8,8,binary_classification,1,10000,42,0.0397463721860504,0.0808691756272401,0.0639957808976503,562,141,351,0.444310188293457,1.9044420719146729,ok,True,qsar-biodeg,GBM (default),roc_auc,0.0537935549574452,0.0102022259402051,43,45,0.0388084673019567
qsar-biodeg,tabarena-qsar-biodeg,fold-10,10,binary_classification,1,10000,42,0.5,0.5,0.5,562,141,351,0.0380253791809082,1.4270832538604736,ok,True,qsar-biodeg,GBM (default),roc_auc,0.079690114206736,0.420309885793264,45,45,0.0573215974394413
qsar-biodeg,tabarena-qsar-biodeg,fold-12,12,binary_classification,1,10000,42,0.0,0.0762788592123132,0.0718433296065207,561,141,352,0.5805802345275879,2.0119106769561768,ok,True,qsar-biodeg,GBM (default),roc_auc,0.0628629134057056,0.0089804162008151,40,45,0.0480398167850831
qsar-biodeg,tabarena-qsar-biodeg,fold-14,14,binary_classification,1,10000,42,0.118877399038257,0.1596102150537635,0.1411762566378118,562,141,351,0.1008484363555908,1.505225658416748,ok,True,qsar-biodeg,GBM (default),roc_auc,0.0788171964792318,0.06235906015858,45,45,0.0663053757183385
qsar-biodeg,tabarena-qsar-biodeg,fold-16,16,binary_classification,1,10000,42,0.1806105224335787,0.1264560931899641,0.1977340510656869,562,141,351,0.0516624450683593,1.443775653839111,ok,True,qsar-biodeg,GBM (default),roc_auc,0.0583763730268422,0.1393576780388447,45,45,0.0420455372081181
qsar-biodeg,tabarena-qsar-biodeg,fold-18,18,binary_classification,1,10000,42,0.033616373670137,0.0396106835672249,0.0915353265769826,561,141,352,0.1269047260284423,1.5389668941497805,ok,True,qsar-biodeg,GBM (default),roc_auc,0.0833483608035489,0.0081869657734336,41,45,0.0738269556749738
qsar-biodeg,tabarena-qsar-biodeg,fold-20,20,binary_classification,1,10000,42,0.0732371590280438,0.1223118279569892,0.0920928202516913,562,141,351,0.0917415618896484,1.4905438423156738,ok,True,qsar-biodeg,GBM (default),roc_auc,0.0707790790717973,0.0213137411798939,44,45,0.0582127009529351
qsar-biodeg,tabarena-qsar-biodeg,fold-22,22,binary_classification,1,10000,42,0.5,0.5,0.5,562,141,351,0.0862152576446533,1.4827394485473633,ok,True,qsar-biodeg,GBM (default),roc_auc,0.0587400887466355,0.4412599112533645,45,45,0.0445551756746926
qsar-biodeg,tabarena-qsar-biodeg,fold-24,24,binary_classification,1,10000,42,0.0026170563804972,0.0930285196921684,0.0621055289068417,561,141,352,1.113267421722412,2.57764196395874,ok,True,qsar-biodeg,GBM (default),roc_auc,0.0628268474771882,-0.0007213185703465,23,45,0.0562989144155514
qsar-biodeg,tabarena-qsar-biodeg,fold-26,26,binary_classification,1,10000,42,0.0191497510532362,0.0674283154121863,0.0834727576925875,562,141,351,0.3320825099945068,1.7738072872161863,ok,True,qsar-biodeg,GBM (default),roc_auc,0.0746344657016075,0.0088382919909799,37,45,0.0650687422710409
qsar-biodeg,tabarena-qsar-biodeg,fold-28,28,binary_classification,1,10000,42,0.5,0.5,0.5,562,141,351,0.043971300125122,1.4603798389434814,ok,True,qsar-biodeg,GBM (default),roc_auc,0.0957299774496254,0.4042700225503746,45,45,0.080344802502364
qsar-fish-toxicity,tabarena-qsar-fish-toxicity,fold-0,0,regression,1,10000,42,0.8774087549113521,0.9412097427970588,1.0609224825949817,483,121,303,0.0723457336425781,10.66122555732727,ok,True,QSAR_fish_toxicity,GBM (default),rmse,0.9219470233399446,0.1389754592550368,45,45,0.8958826823167596
qsar-fish-toxicity,tabarena-qsar-fish-toxicity,fold-2,2,regression,1,10000,42,0.9784855933625486,1.0475889120217474,1.0312499129992407,484,121,302,0.1855669021606445,1.480299711227417,ok,True,QSAR_fish_toxicity,GBM (default),rmse,0.926174116556066,0.1050757964431747,45,45,0.8946670015930613
qsar-fish-toxicity,tabarena-qsar-fish-toxicity,fold-4,4,regression,1,10000,42,1.0706829653381962,1.155589363039978,1.0832054595752687,484,121,302,0.2640278339385986,1.5855793952941897,ok,True,QSAR_fish_toxicity,GBM (default),rmse,0.8933395803997944,0.1898658791754742,45,45,0.8445427046282445
qsar-fish-toxicity,tabarena-qsar-fish-toxicity,fold-6,6,regression,1,10000,42,0.917450449210925,0.8834477395696739,1.0607838653900885,483,121,303,0.0499892234802246,1.3256089687347412,ok,True,QSAR_fish_toxicity,GBM (default),rmse,0.9491639181306382,0.1116199472594503,45,45,0.8861899895832187
qsar-fish-toxicity,tabarena-qsar-fish-toxicity,fold-8,8,regression,1,10000,42,1.0199388592524192,1.0235105300125071,1.027075978922677,484,121,302,0.1579933166503906,1.430527687072754,ok,True,QSAR_fish_toxicity,GBM (default),rmse,0.9047946428562402,0.1222813360664371,45,45,0.871957144748443
qsar-fish-toxicity,tabarena-qsar-fish-toxicity,fold-10,10,regression,1,10000,42,0.9079831924894264,0.9954180269749564,1.0312818978364058,484,121,302,0.2310371398925781,1.565253973007202,ok,True,QSAR_fish_toxicity,GBM (default),rmse,0.9321374764513024,0.0991444213851032,45,45,0.8817461325963577
qsar-fish-toxicity,tabarena-qsar-fish-toxicity,fold-12,12,regression,1,10000,42,0.9731856654271706,1.063828203381751,1.1288140205435917,483,121,303,0.2218198776245117,1.5670185089111328,ok,True,QSAR_fish_toxicity,GBM (default),rmse,0.9678406180542382,0.1609734024893533,45,45,0.9326279810045178
qsar-fish-toxicity,tabarena-qsar-fish-toxicity,fold-14,14,regression,1,10000,42,1.080214259795208,0.9209832348706056,0.9826858418309328,484,121,302,0.0553288459777832,1.314265489578247,ok,True,QSAR_fish_toxicity,GBM (default),rmse,0.8033324973316869,0.1793533444992459,45,45,0.7527434403376861
qsar-fish-toxicity,tabarena-qsar-fish-toxicity,fold-16,16,regression,1,10000,42,1.4031972166479856,1.4699405579911813,1.5393036202949109,484,121,302,0.0227656364440917,1.3017756938934326,ok,True,QSAR_fish_toxicity,GBM (default),rmse,0.9277791760891452,0.6115244442057657,45,45,0.8877549770361679
qsar-fish-toxicity,tabarena-qsar-fish-toxicity,fold-18,18,regression,1,10000,42,0.8200763292884634,0.9479888907166184,1.0359562794029546,483,121,303,0.078592300415039,1.3573987483978271,ok,True,QSAR_fish_toxicity,GBM (default),rmse,0.9375342396242766,0.098422039778678,45,45,0.9219464120468914
qsar-fish-toxicity,tabarena-qsar-fish-toxicity,fold-20,20,regression,1,10000,42,0.9429148925386088,1.0575442769477903,0.9699082372857664,484,121,302,0.0944454669952392,1.3627467155456543,ok,True,QSAR_fish_toxicity,GBM (default),rmse,0.8549119450747878,0.1149962922109786,45,45,0.7951331386459222
qsar-fish-toxicity,tabarena-qsar-fish-toxicity,fold-22,22,regression,1,10000,42,0.9294982352377544,0.9306022682373613,0.9905333509272862,484,121,302,0.0599949359893798,1.3458647727966309,ok,True,QSAR_fish_toxicity,GBM (default),rmse,0.8842122984862668,0.1063210524410194,45,45,0.8315423380328744
qsar-fish-toxicity,tabarena-qsar-fish-toxicity,fold-24,24,regression,1,10000,42,0.8550815681242973,1.041038756483139,1.0228160134142463,483,121,303,0.3723146915435791,1.7208247184753418,ok,True,QSAR_fish_toxicity,GBM (default),rmse,0.93310958931098,0.0897064241032663,45,45,0.887403874036613
qsar-fish-toxicity,tabarena-qsar-fish-toxicity,fold-26,26,regression,1,10000,42,0.9268604790086662,0.9455740134567432,0.9523371497407322,484,121,302,0.1824138164520263,1.4664690494537354,ok,True,QSAR_fish_toxicity,GBM (default),rmse,0.8899486924966377,0.0623884572440945,45,45,0.8657632823655382
qsar-fish-toxicity,tabarena-qsar-fish-toxicity,fold-28,28,regression,1,10000,42,0.9213532352009118,1.09290009122212,0.9440590779174683,484,121,302,0.2238454818725586,1.5341289043426514,ok,True,QSAR_fish_toxicity,GBM (default),rmse,0.8523858102478702,0.0916732676695981,45,45,0.8219862469154486
qsar-tid-11,tabarena-qsar-tid-11,fold-0,0,regression,1,10000,42,0.8351433925185952,0.9015506575668056,1.021751245656626,3062,766,1914,8.28828239440918,19.21525287628174,ok,True,QSAR-TID-11,GBM (default),rmse,0.8379413018464216,0.1838099438102044,45,45,0.794632934534767
qsar-tid-11,tabarena-qsar-tid-11,fold-2,2,regression,1,10000,42,1.2094812347415471,1.2203230233508575,1.168917822621743,3062,766,1914,10.18257451057434,15.109594821929932,ok,True,QSAR-TID-11,GBM (default),rmse,0.7420193290445906,0.4268984935771523,45,45,0.7006984228981742
qsar-tid-11,tabarena-qsar-tid-11,fold-4,4,regression,1,10000,42,1.3999854584682507,1.3745519686905625,1.3926431358717424,3062,766,1914,2.6667399406433105,7.288111209869385,ok,True,QSAR-TID-11,GBM (default),rmse,0.7592310833187875,0.6334120525529549,45,45,0.7210387312050018
qsar-tid-11,tabarena-qsar-tid-11,fold-6,6,regression,1,10000,42,0.8491255157196748,0.9884199320234568,0.9435624486451996,3062,766,1914,10.806491374969482,15.685996770858765,ok,True,QSAR-TID-11,GBM (default),rmse,0.7295816319258995,0.2139808167193,45,45,0.7057309469500761
qsar-tid-11,tabarena-qsar-tid-11,fold-8,8,regression,1,10000,42,0.7678507421082968,0.939743599765,0.9708724644696488,3062,766,1914,14.214268684387209,19.51991295814514,ok,True,QSAR-TID-11,GBM (default),rmse,0.818044330371793,0.1528281340978557,44,45,0.7676594987518869
seismic-bumps,tabarena-seismic-bumps,fold-1,1,binary_classification,1,50000,42,0.1098346098346099,0.2224547664056171,0.2538708961845608,1378,345,861,0.0507614612579345,1.311216115951538,ok,True,seismic-bumps,GBM (default),roc_auc,0.2714285714285716,-0.0175576752440107,24,45,0.231055900621118
seismic-bumps,tabarena-seismic-bumps,fold-3,3,binary_classification,1,50000,42,0.1564145730812397,0.2480421280043208,0.2509752642475754,1377,345,862,0.0500636100769043,1.2509660720825195,ok,True,seismic-bumps,GBM (default),roc_auc,0.2507573281028659,0.0002179361447095,37,45,0.2028113762667538
seismic-bumps,tabarena-seismic-bumps,fold-5,5,binary_classification,1,50000,42,0.1701992753623189,0.236699972994869,0.2653836082744174,1378,345,861,0.0464239120483398,1.2335946559906006,ok,True,seismic-bumps,GBM (default),roc_auc,0.2746792354019377,-0.0092956271275203,26,45,0.2354673998428907
seismic-bumps,tabarena-seismic-bumps,fold-7,7,binary_classification,1,50000,42,0.0983204829358675,0.213880637321091,0.2615461401952086,1378,345,861,0.0488717555999755,1.514120101928711,ok,True,seismic-bumps,GBM (default),roc_auc,0.279492014196983,-0.0179458740017743,14,45,0.2491015971606033
superconductivity,tabarena-superconductivity,fold-0,0,regression,1,10000,42,6.30098871274748,10.3073139417097,10.004671982112152,10000,2835,7088,12.984157800674438,26.804235696792603,ok,True,superconductivity,GBM (default),rmse,9.33002335952439,0.6746486225877639,34,45,9.06116540828796
superconductivity,tabarena-superconductivity,fold-2,2,regression,1,10000,42,13.657668880984936,14.545828199242315,14.062008012100044,10000,2836,7087,3.086808443069458,8.148665428161621,ok,True,superconductivity,GBM (default),rmse,9.072695730898936,4.989312281201107,43,45,8.894308334815
superconductivity,tabarena-superconductivity,fold-4,4,regression,1,10000,42,7.824148136937331,10.372977944634222,10.814254319902115,10000,2835,7088,4.378863096237183,9.343921899795532,ok,True,superconductivity,GBM (default),rmse,9.631674150992854,1.1825801689092614,39,45,9.286644125074352
superconductivity,tabarena-superconductivity,fold-6,6,regression,1,10000,42,9.077676516451149,10.625455341547704,10.791407374954472,10000,2835,7088,6.809853076934815,13.623793125152588,ok,True,superconductivity,GBM (default),rmse,9.456574166152448,1.3348332088020245,40,45,9.159903701044598
superconductivity,tabarena-superconductivity,fold-8,8,regression,1,10000,42,5.164162821503689,9.998273600583357,9.904044292572706,10000,2836,7087,9.587180852890016,15.037012815475464,ok,True,superconductivity,GBM (default),rmse,9.39666669579471,0.5073775967779959,33,45,8.968957930167
taiwanese-bankruptcy-prediction,tabarena-taiwanese-bankruptcy-prediction,fold-1,1,binary_classification,1,50000,42,0.0547523149709485,0.0692395005675369,0.0835429638854297,3636,910,2273,0.0786414146423339,2.2396647930145264,ok,True,taiwanese_bankruptcy_prediction,GBM (default),roc_auc,0.0637795765877957,0.0197633872976339,42,45,0.0576214196762141
taiwanese-bankruptcy-prediction,tabarena-taiwanese-bankruptcy-prediction,fold-3,3,binary_classification,1,50000,42,0.0002794345785837,0.0531919057497358,0.0533312577833126,3636,910,2273,0.3567554950714111,2.5032124519348145,ok,True,taiwanese_bankruptcy_prediction,GBM (default),roc_auc,0.0580136986301369,-0.0046824408468243,14,45,0.0440971357409714
taiwanese-bankruptcy-prediction,tabarena-taiwanese-bankruptcy-prediction,fold-5,5,binary_classification,1,50000,42,0.0229620400123383,0.0715487886022936,0.06899020439266,3636,910,2273,0.3538498878479004,2.5064988136291504,ok,True,taiwanese_bankruptcy_prediction,GBM (default),roc_auc,0.0641876528643241,0.0048025515283358,36,45,0.0546808745990191
taiwanese-bankruptcy-prediction,tabarena-taiwanese-bankruptcy-prediction,fold-7,7,binary_classification,1,50000,42,0.0,0.0439156131355434,0.0781787048567872,3636,910,2273,0.2749342918395996,2.430426359176636,ok,True,taiwanese_bankruptcy_prediction,GBM (default),roc_auc,0.0702615193026151,0.007917185554172,39,45,0.0566189290161892
wine-quality,tabarena-wine-quality,fold-0,0,regression,1,50000,42,0.4994963170552759,0.6745978837632122,0.6452474728375054,3464,867,2166,3.315138816833496,11.365124702453612,ok,True,wine_quality,GBM (default),rmse,0.6176813840866089,0.0275660887508965,32,45,0.5833302736282349
wine-quality,tabarena-wine-quality,fold-2,2,regression,1,50000,42,0.5756278762259034,0.67755050620093,0.6656400214876999,3465,867,2165,0.879155158996582,2.597966432571411,ok,True,wine_quality,GBM (default),rmse,0.618918240070343,0.0467217814173568,35,45,0.5826164484024048
wine-quality,tabarena-wine-quality,fold-4,4,regression,1,50000,42,0.562405608030844,0.6945238157779171,0.6536331143244247,3464,867,2166,0.2520220279693603,1.7336888313293457,ok,True,wine_quality,GBM (default),rmse,0.5934864282608032,0.0601466860636215,38,45,0.5558347702026367
wine-quality,tabarena-wine-quality,fold-6,6,regression,1,50000,42,0.7021709447390552,0.7351736282606796,0.7085686318793819,3464,867,2166,0.9871907234191896,2.769017457962036,ok,True,wine_quality,GBM (default),rmse,0.6162154078483582,0.0923532240310237,41,45,0.5875459313392639
wine-quality,tabarena-wine-quality,fold-8,8,regression,1,50000,42,0.5651234802648266,0.6887910856427246,0.668561170941769,3465,867,2165,4.3095314502716064,7.737371444702148,ok,True,wine_quality,GBM (default),rmse,0.6303761005401611,0.0381850704016079,36,45,0.5867881178855896
