dataset_slug,dataset_name,task_name,fold,problem_type,num_trials,sample_size,seed,train_metric_error,val_metric_error,test_metric_error,train_rows,val_rows,test_rows,model_train_seconds,run_seconds,status,hf_found,hf_dataset_name,hf_metric_name,hf_metric_error,hf_best_metric_error,hf_total_methods,rt_delta_vs_hf_best,rt_method,rt_config
airfoil-self-noise,tabarena-airfoil-self-noise,fold-0,0,regression,1,0,42,nan,nan,6.685406684875488,801,201,501,1.9073486328125e-06,6.9151222705841064,ok,True,airfoil_self_noise,rmse,1.48537141921174,0.9148346227283912,45.0,5.770572062147097,RT (synthetic-pretrain_rdb_512_size_16b.pt),bs=16 sl=128 d=256 blocks=12 heads=8 full=False qk_norm=True random_sampling=True steps=0 eval_batches=200 ckpt=synthetic-pretrain_rdb_512_size_16b.pt
airfoil-self-noise,tabarena-airfoil-self-noise,fold-1,1,regression,1,0,42,nan,nan,6.393072605133057,801,201,501,2.1457672119140625e-06,4.532561540603638,ok,True,airfoil_self_noise,rmse,1.4717427390860092,1.0728942273125233,45.0,5.320178377820533,RT (synthetic-pretrain_rdb_512_size_16b.pt),bs=16 sl=128 d=256 blocks=12 heads=8 full=False qk_norm=True random_sampling=True steps=0 eval_batches=200 ckpt=synthetic-pretrain_rdb_512_size_16b.pt
airfoil-self-noise,tabarena-airfoil-self-noise,fold-2,2,regression,1,0,42,nan,nan,6.8835225105285645,801,201,501,1.430511474609375e-06,4.341958999633789,ok,True,airfoil_self_noise,rmse,1.6004814370861735,1.0424510584287758,45.0,5.841071452099788,RT (synthetic-pretrain_rdb_512_size_16b.pt),bs=16 sl=128 d=256 blocks=12 heads=8 full=False qk_norm=True random_sampling=True steps=0 eval_batches=200 ckpt=synthetic-pretrain_rdb_512_size_16b.pt
airfoil-self-noise,tabarena-airfoil-self-noise,fold-3,3,regression,1,0,42,nan,nan,6.5642476081848145,801,201,501,1.1920928955078125e-06,4.33678674697876,ok,True,airfoil_self_noise,rmse,1.5332980147541346,1.028173689596162,45.0,5.536073918588652,RT (synthetic-pretrain_rdb_512_size_16b.pt),bs=16 sl=128 d=256 blocks=12 heads=8 full=False qk_norm=True random_sampling=True steps=0 eval_batches=200 ckpt=synthetic-pretrain_rdb_512_size_16b.pt
airfoil-self-noise,tabarena-airfoil-self-noise,fold-4,4,regression,1,0,42,nan,nan,6.46836519241333,801,201,501,1.430511474609375e-06,4.551220417022705,ok,True,airfoil_self_noise,rmse,1.5199041817704546,0.9883040405079432,45.0,5.480061151905387,RT (synthetic-pretrain_rdb_512_size_16b.pt),bs=16 sl=128 d=256 blocks=12 heads=8 full=False qk_norm=True random_sampling=True steps=0 eval_batches=200 ckpt=synthetic-pretrain_rdb_512_size_16b.pt
airfoil-self-noise,tabarena-airfoil-self-noise,fold-5,5,regression,1,0,42,nan,nan,6.9288010597229,801,201,501,1.430511474609375e-06,4.356151580810547,ok,True,airfoil_self_noise,rmse,1.6209394827922323,1.215976608556744,45.0,5.712824451166156,RT (synthetic-pretrain_rdb_512_size_16b.pt),bs=16 sl=128 d=256 blocks=12 heads=8 full=False qk_norm=True random_sampling=True steps=0 eval_batches=200 ckpt=synthetic-pretrain_rdb_512_size_16b.pt
airfoil-self-noise,tabarena-airfoil-self-noise,fold-6,6,regression,1,0,42,nan,nan,6.441540241241455,801,201,501,1.1920928955078125e-06,4.357313632965088,ok,True,airfoil_self_noise,rmse,1.4903638999977191,1.0902574093038035,45.0,5.3512828319376515,RT (synthetic-pretrain_rdb_512_size_16b.pt),bs=16 sl=128 d=256 blocks=12 heads=8 full=False qk_norm=True random_sampling=True steps=0 eval_batches=200 ckpt=synthetic-pretrain_rdb_512_size_16b.pt
airfoil-self-noise,tabarena-airfoil-self-noise,fold-7,7,regression,1,0,42,nan,nan,6.776213645935059,801,201,501,1.6689300537109375e-06,4.359411716461182,ok,True,airfoil_self_noise,rmse,1.648461338945206,1.3060846977269098,45.0,5.470128948208149,RT (synthetic-pretrain_rdb_512_size_16b.pt),bs=16 sl=128 d=256 blocks=12 heads=8 full=False qk_norm=True random_sampling=True steps=0 eval_batches=200 ckpt=synthetic-pretrain_rdb_512_size_16b.pt
airfoil-self-noise,tabarena-airfoil-self-noise,fold-8,8,regression,1,0,42,nan,nan,6.690708160400391,801,201,501,1.1920928955078125e-06,4.536639213562012,ok,True,airfoil_self_noise,rmse,1.353589955770648,0.9285486147696846,45.0,5.7621595456307055,RT (synthetic-pretrain_rdb_512_size_16b.pt),bs=16 sl=128 d=256 blocks=12 heads=8 full=False qk_norm=True random_sampling=True steps=0 eval_batches=200 ckpt=synthetic-pretrain_rdb_512_size_16b.pt
airfoil-self-noise,tabarena-airfoil-self-noise,fold-9,9,regression,1,0,42,nan,nan,6.740242958068848,801,201,501,1.1920928955078125e-06,4.3661603927612305,ok,True,airfoil_self_noise,rmse,1.4470224713896538,0.9329625227148106,45.0,5.807280435354037,RT (synthetic-pretrain_rdb_512_size_16b.pt),bs=16 sl=128 d=256 blocks=12 heads=8 full=False qk_norm=True random_sampling=True steps=0 eval_batches=200 ckpt=synthetic-pretrain_rdb_512_size_16b.pt
airfoil-self-noise,tabarena-airfoil-self-noise,fold-10,10,regression,1,0,42,nan,nan,6.313058853149414,801,201,501,1.6689300537109375e-06,4.348208427429199,ok,True,airfoil_self_noise,rmse,1.5409089879880646,1.0540866414068502,45.0,5.258972211742564,RT (synthetic-pretrain_rdb_512_size_16b.pt),bs=16 sl=128 d=256 blocks=12 heads=8 full=False qk_norm=True random_sampling=True steps=0 eval_batches=200 ckpt=synthetic-pretrain_rdb_512_size_16b.pt
airfoil-self-noise,tabarena-airfoil-self-noise,fold-11,11,regression,1,0,42,nan,nan,6.826977729797363,801,201,501,1.430511474609375e-06,4.343373775482178,ok,True,airfoil_self_noise,rmse,1.6306886673820544,1.12828060296917,45.0,5.698697126828193,RT (synthetic-pretrain_rdb_512_size_16b.pt),bs=16 sl=128 d=256 blocks=12 heads=8 full=False qk_norm=True random_sampling=True steps=0 eval_batches=200 ckpt=synthetic-pretrain_rdb_512_size_16b.pt
airfoil-self-noise,tabarena-airfoil-self-noise,fold-12,12,regression,1,0,42,nan,nan,6.654455184936523,801,201,501,1.1920928955078125e-06,4.568413019180298,ok,True,airfoil_self_noise,rmse,1.7006943404717818,1.032568122722141,45.0,5.621887062214382,RT (synthetic-pretrain_rdb_512_size_16b.pt),bs=16 sl=128 d=256 blocks=12 heads=8 full=False qk_norm=True random_sampling=True steps=0 eval_batches=200 ckpt=synthetic-pretrain_rdb_512_size_16b.pt
airfoil-self-noise,tabarena-airfoil-self-noise,fold-13,13,regression,1,0,42,nan,nan,6.519247531890869,801,201,501,1.1920928955078125e-06,4.3801023960113525,ok,True,airfoil_self_noise,rmse,1.5838342840816495,1.0893447248399777,45.0,5.429902807050891,RT (synthetic-pretrain_rdb_512_size_16b.pt),bs=16 sl=128 d=256 blocks=12 heads=8 full=False qk_norm=True random_sampling=True steps=0 eval_batches=200 ckpt=synthetic-pretrain_rdb_512_size_16b.pt
airfoil-self-noise,tabarena-airfoil-self-noise,fold-14,14,regression,1,0,42,nan,nan,6.854526996612549,801,201,501,1.430511474609375e-06,4.313380479812622,ok,True,airfoil_self_noise,rmse,1.4714127989238883,1.0765307709350374,45.0,5.777996225677511,RT (synthetic-pretrain_rdb_512_size_16b.pt),bs=16 sl=128 d=256 blocks=12 heads=8 full=False qk_norm=True random_sampling=True steps=0 eval_batches=200 ckpt=synthetic-pretrain_rdb_512_size_16b.pt
airfoil-self-noise,tabarena-airfoil-self-noise,fold-15,15,regression,1,0,42,nan,nan,6.631428241729736,801,201,501,1.430511474609375e-06,4.325116872787476,ok,True,airfoil_self_noise,rmse,1.6008692089226382,1.133741581298553,45.0,5.497686660431183,RT (synthetic-pretrain_rdb_512_size_16b.pt),bs=16 sl=128 d=256 blocks=12 heads=8 full=False qk_norm=True random_sampling=True steps=0 eval_batches=200 ckpt=synthetic-pretrain_rdb_512_size_16b.pt
airfoil-self-noise,tabarena-airfoil-self-noise,fold-16,16,regression,1,0,42,nan,nan,6.349808692932129,801,201,501,1.1920928955078125e-06,4.517273426055908,ok,True,airfoil_self_noise,rmse,1.697611879617766,1.0915502622412074,45.0,5.258258430690922,RT (synthetic-pretrain_rdb_512_size_16b.pt),bs=16 sl=128 d=256 blocks=12 heads=8 full=False qk_norm=True random_sampling=True steps=0 eval_batches=200 ckpt=synthetic-pretrain_rdb_512_size_16b.pt
airfoil-self-noise,tabarena-airfoil-self-noise,fold-17,17,regression,1,0,42,nan,nan,6.925392150878906,801,201,501,1.430511474609375e-06,4.3291027545928955,ok,True,airfoil_self_noise,rmse,1.567779435803561,0.9336311344035184,45.0,5.991761016475388,RT (synthetic-pretrain_rdb_512_size_16b.pt),bs=16 sl=128 d=256 blocks=12 heads=8 full=False qk_norm=True random_sampling=True steps=0 eval_batches=200 ckpt=synthetic-pretrain_rdb_512_size_16b.pt
airfoil-self-noise,tabarena-airfoil-self-noise,fold-18,18,regression,1,0,42,nan,nan,6.756690502166748,801,201,501,1.9073486328125e-06,4.304593086242676,ok,True,airfoil_self_noise,rmse,1.6097512242890002,1.0661763737141177,45.0,5.69051412845263,RT (synthetic-pretrain_rdb_512_size_16b.pt),bs=16 sl=128 d=256 blocks=12 heads=8 full=False qk_norm=True random_sampling=True steps=0 eval_batches=200 ckpt=synthetic-pretrain_rdb_512_size_16b.pt
airfoil-self-noise,tabarena-airfoil-self-noise,fold-19,19,regression,1,0,42,nan,nan,6.735931873321533,801,201,501,1.6689300537109375e-06,4.312299013137817,ok,True,airfoil_self_noise,rmse,1.5281510335933304,0.9786571771458628,45.0,5.757274696175671,RT (synthetic-pretrain_rdb_512_size_16b.pt),bs=16 sl=128 d=256 blocks=12 heads=8 full=False qk_norm=True random_sampling=True steps=0 eval_batches=200 ckpt=synthetic-pretrain_rdb_512_size_16b.pt
airfoil-self-noise,tabarena-airfoil-self-noise,fold-20,20,regression,1,0,42,nan,nan,6.317286491394043,801,201,501,1.1920928955078125e-06,4.5572662353515625,ok,True,airfoil_self_noise,rmse,1.4361773849472803,1.0231700118834288,45.0,5.294116479510614,RT (synthetic-pretrain_rdb_512_size_16b.pt),bs=16 sl=128 d=256 blocks=12 heads=8 full=False qk_norm=True random_sampling=True steps=0 eval_batches=200 ckpt=synthetic-pretrain_rdb_512_size_16b.pt
airfoil-self-noise,tabarena-airfoil-self-noise,fold-21,21,regression,1,0,42,nan,nan,6.730463027954102,801,201,501,1.430511474609375e-06,4.340763568878174,ok,True,airfoil_self_noise,rmse,1.401413231232579,0.942650475970968,45.0,5.787812551983134,RT (synthetic-pretrain_rdb_512_size_16b.pt),bs=16 sl=128 d=256 blocks=12 heads=8 full=False qk_norm=True random_sampling=True steps=0 eval_batches=200 ckpt=synthetic-pretrain_rdb_512_size_16b.pt
airfoil-self-noise,tabarena-airfoil-self-noise,fold-22,22,regression,1,0,42,nan,nan,6.628966808319092,801,201,501,1.1920928955078125e-06,4.3194239139556885,ok,True,airfoil_self_noise,rmse,1.4941470264508492,1.1114469131535665,45.0,5.517519895165526,RT (synthetic-pretrain_rdb_512_size_16b.pt),bs=16 sl=128 d=256 blocks=12 heads=8 full=False qk_norm=True random_sampling=True steps=0 eval_batches=200 ckpt=synthetic-pretrain_rdb_512_size_16b.pt
airfoil-self-noise,tabarena-airfoil-self-noise,fold-23,23,regression,1,0,42,nan,nan,6.434993267059326,801,201,501,1.6689300537109375e-06,4.328356742858887,ok,True,airfoil_self_noise,rmse,1.699299515781381,1.0949814652755565,45.0,5.34001180178377,RT (synthetic-pretrain_rdb_512_size_16b.pt),bs=16 sl=128 d=256 blocks=12 heads=8 full=False qk_norm=True random_sampling=True steps=0 eval_batches=200 ckpt=synthetic-pretrain_rdb_512_size_16b.pt
airfoil-self-noise,tabarena-airfoil-self-noise,fold-24,24,regression,1,0,42,nan,nan,6.681382179260254,801,201,501,1.430511474609375e-06,4.532129287719727,ok,True,airfoil_self_noise,rmse,1.6105723732293282,1.1431634894100384,45.0,5.538218689850216,RT (synthetic-pretrain_rdb_512_size_16b.pt),bs=16 sl=128 d=256 blocks=12 heads=8 full=False qk_norm=True random_sampling=True steps=0 eval_batches=200 ckpt=synthetic-pretrain_rdb_512_size_16b.pt
airfoil-self-noise,tabarena-airfoil-self-noise,fold-25,25,regression,1,0,42,nan,nan,6.777836322784424,801,201,501,1.6689300537109375e-06,4.341920852661133,ok,True,airfoil_self_noise,rmse,1.4967771632928113,1.0150818353544142,45.0,5.762754487430009,RT (synthetic-pretrain_rdb_512_size_16b.pt),bs=16 sl=128 d=256 blocks=12 heads=8 full=False qk_norm=True random_sampling=True steps=0 eval_batches=200 ckpt=synthetic-pretrain_rdb_512_size_16b.pt
airfoil-self-noise,tabarena-airfoil-self-noise,fold-26,26,regression,1,0,42,nan,nan,6.426196098327637,801,201,501,1.430511474609375e-06,4.3285558223724365,ok,True,airfoil_self_noise,rmse,1.57697472900351,1.158504360163006,45.0,5.267691738164631,RT (synthetic-pretrain_rdb_512_size_16b.pt),bs=16 sl=128 d=256 blocks=12 heads=8 full=False qk_norm=True random_sampling=True steps=0 eval_batches=200 ckpt=synthetic-pretrain_rdb_512_size_16b.pt
airfoil-self-noise,tabarena-airfoil-self-noise,fold-27,27,regression,1,0,42,nan,nan,6.482564449310303,801,201,501,1.1920928955078125e-06,4.320669412612915,ok,True,airfoil_self_noise,rmse,1.631816449925383,1.141427455237724,45.0,5.341136994072579,RT (synthetic-pretrain_rdb_512_size_16b.pt),bs=16 sl=128 d=256 blocks=12 heads=8 full=False qk_norm=True random_sampling=True steps=0 eval_batches=200 ckpt=synthetic-pretrain_rdb_512_size_16b.pt
airfoil-self-noise,tabarena-airfoil-self-noise,fold-28,28,regression,1,0,42,nan,nan,6.743556022644043,801,201,501,1.9073486328125e-06,4.565762996673584,ok,True,airfoil_self_noise,rmse,1.4592213201261317,1.0202671180672895,45.0,5.723288904576753,RT (synthetic-pretrain_rdb_512_size_16b.pt),bs=16 sl=128 d=256 blocks=12 heads=8 full=False qk_norm=True random_sampling=True steps=0 eval_batches=200 ckpt=synthetic-pretrain_rdb_512_size_16b.pt
airfoil-self-noise,tabarena-airfoil-self-noise,fold-29,29,regression,1,0,42,nan,nan,6.5985026359558105,801,201,501,1.430511474609375e-06,4.3495564460754395,ok,True,airfoil_self_noise,rmse,1.7057537046136333,1.1293917000618183,45.0,5.469110935893992,RT (synthetic-pretrain_rdb_512_size_16b.pt),bs=16 sl=128 d=256 blocks=12 heads=8 full=False qk_norm=True random_sampling=True steps=0 eval_batches=200 ckpt=synthetic-pretrain_rdb_512_size_16b.pt
amazon-employee-access,tabarena-amazon-employee-access,fold-0,0,binary_classification,1,0,42,nan,nan,0.4504198889785074,17476,4370,10923,1.430511474609375e-06,26.227048635482788,ok,True,Amazon_employee_access,roc_auc,0.1634030411235577,0.1230717758788864,45.0,0.327348113099621,RT (synthetic-pretrain_rdb_512_size_16b.pt),bs=16 sl=128 d=256 blocks=12 heads=8 full=False qk_norm=True random_sampling=True steps=0 eval_batches=200 ckpt=synthetic-pretrain_rdb_512_size_16b.pt
amazon-employee-access,tabarena-amazon-employee-access,fold-1,1,binary_classification,1,0,42,nan,nan,0.4840215506107236,17476,4370,10923,1.1920928955078125e-06,26.46622920036316,ok,True,Amazon_employee_access,roc_auc,0.1466546595341388,0.1047241260336855,45.0,0.3792974245770381,RT (synthetic-pretrain_rdb_512_size_16b.pt),bs=16 sl=128 d=256 blocks=12 heads=8 full=False qk_norm=True random_sampling=True steps=0 eval_batches=200 ckpt=synthetic-pretrain_rdb_512_size_16b.pt
amazon-employee-access,tabarena-amazon-employee-access,fold-2,2,binary_classification,1,0,42,nan,nan,0.5018679304630815,17476,4370,10923,1.1920928955078125e-06,26.273380279541016,ok,True,Amazon_employee_access,roc_auc,0.1556947265478071,0.1082748784460748,45.0,0.39359305201700673,RT (synthetic-pretrain_rdb_512_size_16b.pt),bs=16 sl=128 d=256 blocks=12 heads=8 full=False qk_norm=True random_sampling=True steps=0 eval_batches=200 ckpt=synthetic-pretrain_rdb_512_size_16b.pt
amazon-employee-access,tabarena-amazon-employee-access,fold-3,3,binary_classification,1,0,42,nan,nan,0.5022782425638619,17476,4370,10923,1.430511474609375e-06,26.186620950698853,ok,True,Amazon_employee_access,roc_auc,0.154097026528034,0.113316723842512,45.0,0.3889615187213499,RT (synthetic-pretrain_rdb_512_size_16b.pt),bs=16 sl=128 d=256 blocks=12 heads=8 full=False qk_norm=True random_sampling=True steps=0 eval_batches=200 ckpt=synthetic-pretrain_rdb_512_size_16b.pt
amazon-employee-access,tabarena-amazon-employee-access,fold-4,4,binary_classification,1,0,42,nan,nan,0.5195412236262452,17476,4370,10923,1.1920928955078125e-06,26.44507908821106,ok,True,Amazon_employee_access,roc_auc,0.1484161378567237,0.1125839340999693,45.0,0.4069572895262759,RT (synthetic-pretrain_rdb_512_size_16b.pt),bs=16 sl=128 d=256 blocks=12 heads=8 full=False qk_norm=True random_sampling=True steps=0 eval_batches=200 ckpt=synthetic-pretrain_rdb_512_size_16b.pt
amazon-employee-access,tabarena-amazon-employee-access,fold-5,5,binary_classification,1,0,42,nan,nan,0.5177699405530691,17476,4370,10923,1.430511474609375e-06,26.14308738708496,ok,True,Amazon_employee_access,roc_auc,0.1713506571665001,0.1228595071519917,45.0,0.39491043340107745,RT (synthetic-pretrain_rdb_512_size_16b.pt),bs=16 sl=128 d=256 blocks=12 heads=8 full=False qk_norm=True random_sampling=True steps=0 eval_batches=200 ckpt=synthetic-pretrain_rdb_512_size_16b.pt
amazon-employee-access,tabarena-amazon-employee-access,fold-6,6,binary_classification,1,0,42,nan,nan,0.5088590512037872,17476,4370,10923,1.6689300537109375e-06,26.134417295455933,ok,True,Amazon_employee_access,roc_auc,0.1682342873027802,0.1200474422163153,45.0,0.38881160898747186,RT (synthetic-pretrain_rdb_512_size_16b.pt),bs=16 sl=128 d=256 blocks=12 heads=8 full=False qk_norm=True random_sampling=True steps=0 eval_batches=200 ckpt=synthetic-pretrain_rdb_512_size_16b.pt
amazon-employee-access,tabarena-amazon-employee-access,fold-7,7,binary_classification,1,0,42,nan,nan,0.5167639290854169,17476,4370,10923,1.430511474609375e-06,26.2828106880188,ok,True,Amazon_employee_access,roc_auc,0.1511725558402388,0.1148996942148048,45.0,0.4018642348706121,RT (synthetic-pretrain_rdb_512_size_16b.pt),bs=16 sl=128 d=256 blocks=12 heads=8 full=False qk_norm=True random_sampling=True steps=0 eval_batches=200 ckpt=synthetic-pretrain_rdb_512_size_16b.pt
amazon-employee-access,tabarena-amazon-employee-access,fold-8,8,binary_classification,1,0,42,nan,nan,0.4991855260868878,17476,4370,10923,1.430511474609375e-06,26.369619846343994,ok,True,Amazon_employee_access,roc_auc,0.156686655704936,0.1237984699634762,45.0,0.3753870561234116,RT (synthetic-pretrain_rdb_512_size_16b.pt),bs=16 sl=128 d=256 blocks=12 heads=8 full=False qk_norm=True random_sampling=True steps=0 eval_batches=200 ckpt=synthetic-pretrain_rdb_512_size_16b.pt
another-dataset-on-used-fiat-500,tabarena-another-dataset-on-used-fiat-500,fold-0,0,regression,1,0,42,nan,nan,1525.157470703125,820,205,513,1.430511474609375e-06,4.471972703933716,ok,True,Another-Dataset-on-used-Fiat-500,rmse,727.096139944832,684.4739289534879,45.0,840.6835417496371,RT (synthetic-pretrain_rdb_512_size_16b.pt),bs=16 sl=128 d=256 blocks=12 heads=8 full=False qk_norm=True random_sampling=True steps=0 eval_batches=200 ckpt=synthetic-pretrain_rdb_512_size_16b.pt
another-dataset-on-used-fiat-500,tabarena-another-dataset-on-used-fiat-500,fold-1,1,regression,1,0,42,nan,nan,1585.5272216796875,820,205,513,1.430511474609375e-06,4.489696979522705,ok,True,Another-Dataset-on-used-Fiat-500,rmse,745.2317427602255,714.6702841954356,45.0,870.856937484252,RT (synthetic-pretrain_rdb_512_size_16b.pt),bs=16 sl=128 d=256 blocks=12 heads=8 full=False qk_norm=True random_sampling=True steps=0 eval_batches=200 ckpt=synthetic-pretrain_rdb_512_size_16b.pt
another-dataset-on-used-fiat-500,tabarena-another-dataset-on-used-fiat-500,fold-2,2,regression,1,0,42,nan,nan,1570.948974609375,820,206,512,1.6689300537109375e-06,4.338808298110962,ok,True,Another-Dataset-on-used-Fiat-500,rmse,773.1062748747117,749.273935417717,45.0,821.675039191658,RT (synthetic-pretrain_rdb_512_size_16b.pt),bs=16 sl=128 d=256 blocks=12 heads=8 full=False qk_norm=True random_sampling=True steps=0 eval_batches=200 ckpt=synthetic-pretrain_rdb_512_size_16b.pt
another-dataset-on-used-fiat-500,tabarena-another-dataset-on-used-fiat-500,fold-3,3,regression,1,0,42,nan,nan,1582.41015625,820,205,513,1.1920928955078125e-06,4.461535930633545,ok,True,Another-Dataset-on-used-Fiat-500,rmse,746.2814167686921,726.7427178554125,45.0,855.6674383945875,RT (synthetic-pretrain_rdb_512_size_16b.pt),bs=16 sl=128 d=256 blocks=12 heads=8 full=False qk_norm=True random_sampling=True steps=0 eval_batches=200 ckpt=synthetic-pretrain_rdb_512_size_16b.pt
another-dataset-on-used-fiat-500,tabarena-another-dataset-on-used-fiat-500,fold-4,4,regression,1,0,42,nan,nan,1556.05322265625,820,205,513,9.5367431640625e-07,4.748046159744263,ok,True,Another-Dataset-on-used-Fiat-500,rmse,761.084859104398,722.6529421211595,45.0,833.4002805350905,RT (synthetic-pretrain_rdb_512_size_16b.pt),bs=16 sl=128 d=256 blocks=12 heads=8 full=False qk_norm=True random_sampling=True steps=0 eval_batches=200 ckpt=synthetic-pretrain_rdb_512_size_16b.pt
another-dataset-on-used-fiat-500,tabarena-another-dataset-on-used-fiat-500,fold-5,5,regression,1,0,42,nan,nan,1606.9661865234375,820,206,512,1.1920928955078125e-06,4.361350059509277,ok,True,Another-Dataset-on-used-Fiat-500,rmse,752.70043676175,712.2787670489912,45.0,894.6874194744463,RT (synthetic-pretrain_rdb_512_size_16b.pt),bs=16 sl=128 d=256 blocks=12 heads=8 full=False qk_norm=True random_sampling=True steps=0 eval_batches=200 ckpt=synthetic-pretrain_rdb_512_size_16b.pt
another-dataset-on-used-fiat-500,tabarena-another-dataset-on-used-fiat-500,fold-6,6,regression,1,0,42,nan,nan,1633.8021240234375,820,205,513,9.5367431640625e-07,4.495319604873657,ok,True,Another-Dataset-on-used-Fiat-500,rmse,742.8219271991052,721.8301271786611,45.0,911.9719968447764,RT (synthetic-pretrain_rdb_512_size_16b.pt),bs=16 sl=128 d=256 blocks=12 heads=8 full=False qk_norm=True random_sampling=True steps=0 eval_batches=200 ckpt=synthetic-pretrain_rdb_512_size_16b.pt
another-dataset-on-used-fiat-500,tabarena-another-dataset-on-used-fiat-500,fold-7,7,regression,1,0,42,nan,nan,1561.3916015625,820,205,513,1.430511474609375e-06,4.46421480178833,ok,True,Another-Dataset-on-used-Fiat-500,rmse,746.4688064991403,703.9042957444839,45.0,857.4873058180161,RT (synthetic-pretrain_rdb_512_size_16b.pt),bs=16 sl=128 d=256 blocks=12 heads=8 full=False qk_norm=True random_sampling=True steps=0 eval_batches=200 ckpt=synthetic-pretrain_rdb_512_size_16b.pt
another-dataset-on-used-fiat-500,tabarena-another-dataset-on-used-fiat-500,fold-8,8,regression,1,0,42,nan,nan,1542.1646728515625,820,206,512,1.1920928955078125e-06,4.332698822021484,ok,True,Another-Dataset-on-used-Fiat-500,rmse,737.6286151076337,716.0325081352468,45.0,826.1321647163157,RT (synthetic-pretrain_rdb_512_size_16b.pt),bs=16 sl=128 d=256 blocks=12 heads=8 full=False qk_norm=True random_sampling=True steps=0 eval_batches=200 ckpt=synthetic-pretrain_rdb_512_size_16b.pt
another-dataset-on-used-fiat-500,tabarena-another-dataset-on-used-fiat-500,fold-9,9,regression,1,0,42,nan,nan,1546.1295166015625,820,205,513,1.1920928955078125e-06,4.465684413909912,ok,True,Another-Dataset-on-used-Fiat-500,rmse,737.0718329307715,689.1111369554578,45.0,857.0183796461047,RT (synthetic-pretrain_rdb_512_size_16b.pt),bs=16 sl=128 d=256 blocks=12 heads=8 full=False qk_norm=True random_sampling=True steps=0 eval_batches=200 ckpt=synthetic-pretrain_rdb_512_size_16b.pt
another-dataset-on-used-fiat-500,tabarena-another-dataset-on-used-fiat-500,fold-10,10,regression,1,0,42,nan,nan,1509.59912109375,820,205,513,9.5367431640625e-07,4.758612394332886,ok,True,Another-Dataset-on-used-Fiat-500,rmse,744.2329064370816,719.1031916439499,45.0,790.4959294498001,RT (synthetic-pretrain_rdb_512_size_16b.pt),bs=16 sl=128 d=256 blocks=12 heads=8 full=False qk_norm=True random_sampling=True steps=0 eval_batches=200 ckpt=synthetic-pretrain_rdb_512_size_16b.pt
another-dataset-on-used-fiat-500,tabarena-another-dataset-on-used-fiat-500,fold-11,11,regression,1,0,42,nan,nan,1688.456787109375,820,206,512,1.1920928955078125e-06,4.363205194473267,ok,True,Another-Dataset-on-used-Fiat-500,rmse,774.6645674968966,756.694920051813,45.0,931.761867057562,RT (synthetic-pretrain_rdb_512_size_16b.pt),bs=16 sl=128 d=256 blocks=12 heads=8 full=False qk_norm=True random_sampling=True steps=0 eval_batches=200 ckpt=synthetic-pretrain_rdb_512_size_16b.pt
another-dataset-on-used-fiat-500,tabarena-another-dataset-on-used-fiat-500,fold-12,12,regression,1,0,42,nan,nan,1476.785400390625,820,205,513,1.430511474609375e-06,4.465285301208496,ok,True,Another-Dataset-on-used-Fiat-500,rmse,734.0509505423823,712.0036764324274,45.0,764.7817239581976,RT (synthetic-pretrain_rdb_512_size_16b.pt),bs=16 sl=128 d=256 blocks=12 heads=8 full=False qk_norm=True random_sampling=True steps=0 eval_batches=200 ckpt=synthetic-pretrain_rdb_512_size_16b.pt
another-dataset-on-used-fiat-500,tabarena-another-dataset-on-used-fiat-500,fold-13,13,regression,1,0,42,nan,nan,1574.695556640625,820,205,513,1.430511474609375e-06,4.464300155639648,ok,True,Another-Dataset-on-used-Fiat-500,rmse,788.4295358216963,747.1575827548468,45.0,827.5379738857782,RT (synthetic-pretrain_rdb_512_size_16b.pt),bs=16 sl=128 d=256 blocks=12 heads=8 full=False qk_norm=True random_sampling=True steps=0 eval_batches=200 ckpt=synthetic-pretrain_rdb_512_size_16b.pt
another-dataset-on-used-fiat-500,tabarena-another-dataset-on-used-fiat-500,fold-14,14,regression,1,0,42,nan,nan,1622.09375,820,206,512,1.1920928955078125e-06,4.340148687362671,ok,True,Another-Dataset-on-used-Fiat-500,rmse,731.704344058786,704.9382338572465,45.0,917.1555161427535,RT (synthetic-pretrain_rdb_512_size_16b.pt),bs=16 sl=128 d=256 blocks=12 heads=8 full=False qk_norm=True random_sampling=True steps=0 eval_batches=200 ckpt=synthetic-pretrain_rdb_512_size_16b.pt
another-dataset-on-used-fiat-500,tabarena-another-dataset-on-used-fiat-500,fold-15,15,regression,1,0,42,nan,nan,1570.6695556640625,820,205,513,1.430511474609375e-06,4.747630596160889,ok,True,Another-Dataset-on-used-Fiat-500,rmse,727.7197463992476,701.689369242221,45.0,868.9801864218415,RT (synthetic-pretrain_rdb_512_size_16b.pt),bs=16 sl=128 d=256 blocks=12 heads=8 full=False qk_norm=True random_sampling=True steps=0 eval_batches=200 ckpt=synthetic-pretrain_rdb_512_size_16b.pt
another-dataset-on-used-fiat-500,tabarena-another-dataset-on-used-fiat-500,fold-16,16,regression,1,0,42,nan,nan,1547.5321044921875,820,205,513,9.5367431640625e-07,4.490108489990234,ok,True,Another-Dataset-on-used-Fiat-500,rmse,751.8667176541305,720.6484085667272,45.0,826.8836959254603,RT (synthetic-pretrain_rdb_512_size_16b.pt),bs=16 sl=128 d=256 blocks=12 heads=8 full=False qk_norm=True random_sampling=True steps=0 eval_batches=200 ckpt=synthetic-pretrain_rdb_512_size_16b.pt
another-dataset-on-used-fiat-500,tabarena-another-dataset-on-used-fiat-500,fold-17,17,regression,1,0,42,nan,nan,1643.1396484375,820,206,512,1.1920928955078125e-06,4.347990989685059,ok,True,Another-Dataset-on-used-Fiat-500,rmse,747.020449118762,728.1997402537252,45.0,914.9399081837748,RT (synthetic-pretrain_rdb_512_size_16b.pt),bs=16 sl=128 d=256 blocks=12 heads=8 full=False qk_norm=True random_sampling=True steps=0 eval_batches=200 ckpt=synthetic-pretrain_rdb_512_size_16b.pt
another-dataset-on-used-fiat-500,tabarena-another-dataset-on-used-fiat-500,fold-18,18,regression,1,0,42,nan,nan,1597.7720947265625,820,205,513,1.1920928955078125e-06,4.446722507476807,ok,True,Another-Dataset-on-used-Fiat-500,rmse,754.1708790259817,729.6869817666928,45.0,868.0851129598697,RT (synthetic-pretrain_rdb_512_size_16b.pt),bs=16 sl=128 d=256 blocks=12 heads=8 full=False qk_norm=True random_sampling=True steps=0 eval_batches=200 ckpt=synthetic-pretrain_rdb_512_size_16b.pt
another-dataset-on-used-fiat-500,tabarena-another-dataset-on-used-fiat-500,fold-19,19,regression,1,0,42,nan,nan,1554.0032958984375,820,205,513,1.1920928955078125e-06,4.438455104827881,ok,True,Another-Dataset-on-used-Fiat-500,rmse,709.4821752069854,682.2751758741015,45.0,871.728120024336,RT (synthetic-pretrain_rdb_512_size_16b.pt),bs=16 sl=128 d=256 blocks=12 heads=8 full=False qk_norm=True random_sampling=True steps=0 eval_batches=200 ckpt=synthetic-pretrain_rdb_512_size_16b.pt
another-dataset-on-used-fiat-500,tabarena-another-dataset-on-used-fiat-500,fold-20,20,regression,1,0,42,nan,nan,1564.7216796875,820,206,512,1.6689300537109375e-06,4.61907958984375,ok,True,Another-Dataset-on-used-Fiat-500,rmse,749.3504230158543,736.8072203310385,45.0,827.9144593564615,RT (synthetic-pretrain_rdb_512_size_16b.pt),bs=16 sl=128 d=256 blocks=12 heads=8 full=False qk_norm=True random_sampling=True steps=0 eval_batches=200 ckpt=synthetic-pretrain_rdb_512_size_16b.pt
another-dataset-on-used-fiat-500,tabarena-another-dataset-on-used-fiat-500,fold-21,21,regression,1,0,42,nan,nan,1543.5408935546875,820,205,513,1.430511474609375e-06,4.474176406860352,ok,True,Another-Dataset-on-used-Fiat-500,rmse,772.465495726888,756.9574557172316,45.0,786.5834378374559,RT (synthetic-pretrain_rdb_512_size_16b.pt),bs=16 sl=128 d=256 blocks=12 heads=8 full=False qk_norm=True random_sampling=True steps=0 eval_batches=200 ckpt=synthetic-pretrain_rdb_512_size_16b.pt
another-dataset-on-used-fiat-500,tabarena-another-dataset-on-used-fiat-500,fold-22,22,regression,1,0,42,nan,nan,1560.0130615234375,820,205,513,1.1920928955078125e-06,4.483487367630005,ok,True,Another-Dataset-on-used-Fiat-500,rmse,734.1871815738813,712.8087869710102,45.0,847.2042745524273,RT (synthetic-pretrain_rdb_512_size_16b.pt),bs=16 sl=128 d=256 blocks=12 heads=8 full=False qk_norm=True random_sampling=True steps=0 eval_batches=200 ckpt=synthetic-pretrain_rdb_512_size_16b.pt
another-dataset-on-used-fiat-500,tabarena-another-dataset-on-used-fiat-500,fold-23,23,regression,1,0,42,nan,nan,1578.56640625,820,206,512,1.430511474609375e-06,4.3354761600494385,ok,True,Another-Dataset-on-used-Fiat-500,rmse,694.2475384573319,659.8072766654172,45.0,918.7591295845828,RT (synthetic-pretrain_rdb_512_size_16b.pt),bs=16 sl=128 d=256 blocks=12 heads=8 full=False qk_norm=True random_sampling=True steps=0 eval_batches=200 ckpt=synthetic-pretrain_rdb_512_size_16b.pt
another-dataset-on-used-fiat-500,tabarena-another-dataset-on-used-fiat-500,fold-24,24,regression,1,0,42,nan,nan,1578.4351806640625,820,205,513,9.5367431640625e-07,4.449851751327515,ok,True,Another-Dataset-on-used-Fiat-500,rmse,781.1274408135182,745.6296716830508,45.0,832.8055089810117,RT (synthetic-pretrain_rdb_512_size_16b.pt),bs=16 sl=128 d=256 blocks=12 heads=8 full=False qk_norm=True random_sampling=True steps=0 eval_batches=200 ckpt=synthetic-pretrain_rdb_512_size_16b.pt
another-dataset-on-used-fiat-500,tabarena-another-dataset-on-used-fiat-500,fold-25,25,regression,1,0,42,nan,nan,1562.4671630859375,820,205,513,1.1920928955078125e-06,4.45716118812561,ok,True,Another-Dataset-on-used-Fiat-500,rmse,733.7116361835959,701.1645637089788,45.0,861.3025993769587,RT (synthetic-pretrain_rdb_512_size_16b.pt),bs=16 sl=128 d=256 blocks=12 heads=8 full=False qk_norm=True random_sampling=True steps=0 eval_batches=200 ckpt=synthetic-pretrain_rdb_512_size_16b.pt
another-dataset-on-used-fiat-500,tabarena-another-dataset-on-used-fiat-500,fold-26,26,regression,1,0,42,nan,nan,1535.64208984375,820,206,512,1.430511474609375e-06,4.665192127227783,ok,True,Another-Dataset-on-used-Fiat-500,rmse,733.8734304291761,711.5431148715749,45.0,824.0989749721751,RT (synthetic-pretrain_rdb_512_size_16b.pt),bs=16 sl=128 d=256 blocks=12 heads=8 full=False qk_norm=True random_sampling=True steps=0 eval_batches=200 ckpt=synthetic-pretrain_rdb_512_size_16b.pt
another-dataset-on-used-fiat-500,tabarena-another-dataset-on-used-fiat-500,fold-27,27,regression,1,0,42,nan,nan,1485.3929443359375,820,205,513,1.6689300537109375e-06,4.4922099113464355,ok,True,Another-Dataset-on-used-Fiat-500,rmse,774.0630331760972,737.4113645184424,45.0,747.9815798174951,RT (synthetic-pretrain_rdb_512_size_16b.pt),bs=16 sl=128 d=256 blocks=12 heads=8 full=False qk_norm=True random_sampling=True steps=0 eval_batches=200 ckpt=synthetic-pretrain_rdb_512_size_16b.pt
another-dataset-on-used-fiat-500,tabarena-another-dataset-on-used-fiat-500,fold-28,28,regression,1,0,42,nan,nan,1594.9271240234375,820,205,513,9.5367431640625e-07,4.473160266876221,ok,True,Another-Dataset-on-used-Fiat-500,rmse,703.304733770604,689.3374125961791,45.0,905.5897114272584,RT (synthetic-pretrain_rdb_512_size_16b.pt),bs=16 sl=128 d=256 blocks=12 heads=8 full=False qk_norm=True random_sampling=True steps=0 eval_batches=200 ckpt=synthetic-pretrain_rdb_512_size_16b.pt
another-dataset-on-used-fiat-500,tabarena-another-dataset-on-used-fiat-500,fold-29,29,regression,1,0,42,nan,nan,1609.2061767578125,820,206,512,1.1920928955078125e-06,4.342455863952637,ok,True,Another-Dataset-on-used-Fiat-500,rmse,771.506977514324,716.9619970182091,45.0,892.2441797396034,RT (synthetic-pretrain_rdb_512_size_16b.pt),bs=16 sl=128 d=256 blocks=12 heads=8 full=False qk_norm=True random_sampling=True steps=0 eval_batches=200 ckpt=synthetic-pretrain_rdb_512_size_16b.pt
apsfailure,tabarena-apsfailure,fold-0,0,binary_classification,1,0,42,nan,nan,0.33848362164151635,10000,10134,25334,1.1920928955078125e-06,26.45851993560791,ok,True,APSFailure,roc_auc,0.0053627177280739,0.0047031234604394,45.0,0.33378049818107697,RT (synthetic-pretrain_rdb_512_size_16b.pt),bs=16 sl=128 d=256 blocks=12 heads=8 full=False qk_norm=True random_sampling=True steps=0 eval_batches=200 ckpt=synthetic-pretrain_rdb_512_size_16b.pt
apsfailure,tabarena-apsfailure,fold-1,1,binary_classification,1,0,42,nan,nan,0.36735934182590224,10000,10134,25333,1.430511474609375e-06,26.594415187835693,ok,True,APSFailure,roc_auc,0.0085832656733449,0.0073721445656228,45.0,0.35998719726027945,RT (synthetic-pretrain_rdb_512_size_16b.pt),bs=16 sl=128 d=256 blocks=12 heads=8 full=False qk_norm=True random_sampling=True steps=0 eval_batches=200 ckpt=synthetic-pretrain_rdb_512_size_16b.pt
apsfailure,tabarena-apsfailure,fold-2,2,binary_classification,1,0,42,nan,nan,0.3789410828025478,10000,10134,25333,1.430511474609375e-06,26.577329635620117,ok,True,APSFailure,roc_auc,0.0094402141712931,0.0073480941827037,45.0,0.3715929886198441,RT (synthetic-pretrain_rdb_512_size_16b.pt),bs=16 sl=128 d=256 blocks=12 heads=8 full=False qk_norm=True random_sampling=True steps=0 eval_batches=200 ckpt=synthetic-pretrain_rdb_512_size_16b.pt
apsfailure,tabarena-apsfailure,fold-3,3,binary_classification,1,0,42,nan,nan,0.40076309655257025,10000,10134,25334,9.5367431640625e-07,26.472293853759766,ok,True,APSFailure,roc_auc,0.0117294971589976,0.0101796564521956,45.0,0.39058344010037466,RT (synthetic-pretrain_rdb_512_size_16b.pt),bs=16 sl=128 d=256 blocks=12 heads=8 full=False qk_norm=True random_sampling=True steps=0 eval_batches=200 ckpt=synthetic-pretrain_rdb_512_size_16b.pt
apsfailure,tabarena-apsfailure,fold-4,4,binary_classification,1,0,42,nan,nan,0.38061305732484074,10000,10134,25333,1.1920928955078125e-06,26.212224006652832,ok,True,APSFailure,roc_auc,0.0061420640319501,0.0049785170393452,45.0,0.37563454028549553,RT (synthetic-pretrain_rdb_512_size_16b.pt),bs=16 sl=128 d=256 blocks=12 heads=8 full=False qk_norm=True random_sampling=True steps=0 eval_batches=200 ckpt=synthetic-pretrain_rdb_512_size_16b.pt
apsfailure,tabarena-apsfailure,fold-5,5,binary_classification,1,0,42,nan,nan,0.2987818471337579,10000,10134,25333,1.6689300537109375e-06,26.681023836135864,ok,True,APSFailure,roc_auc,0.0062365978363432,0.00561734436374,45.0,0.2931645027700179,RT (synthetic-pretrain_rdb_512_size_16b.pt),bs=16 sl=128 d=256 blocks=12 heads=8 full=False qk_norm=True random_sampling=True steps=0 eval_batches=200 ckpt=synthetic-pretrain_rdb_512_size_16b.pt
apsfailure,tabarena-apsfailure,fold-6,6,binary_classification,1,0,42,nan,nan,0.40079990185253345,10000,10134,25334,1.1920928955078125e-06,26.525371313095093,ok,True,APSFailure,roc_auc,0.0092041908890859,0.0063322713786798,45.0,0.39446763047385364,RT (synthetic-pretrain_rdb_512_size_16b.pt),bs=16 sl=128 d=256 blocks=12 heads=8 full=False qk_norm=True random_sampling=True steps=0 eval_batches=200 ckpt=synthetic-pretrain_rdb_512_size_16b.pt
apsfailure,tabarena-apsfailure,fold-7,7,binary_classification,1,0,42,nan,nan,0.4342223991507431,10000,10134,25333,1.1920928955078125e-06,26.488725900650024,ok,True,APSFailure,roc_auc,0.0061712053718374,0.0048063461411862,45.0,0.42941605300955693,RT (synthetic-pretrain_rdb_512_size_16b.pt),bs=16 sl=128 d=256 blocks=12 heads=8 full=False qk_norm=True random_sampling=True steps=0 eval_batches=200 ckpt=synthetic-pretrain_rdb_512_size_16b.pt
apsfailure,tabarena-apsfailure,fold-8,8,binary_classification,1,0,42,nan,nan,0.2814490445859872,10000,10134,25333,1.1920928955078125e-06,26.625648260116577,ok,True,APSFailure,roc_auc,0.0099261372364003,0.0083664172390336,45.0,0.2730826273469536,RT (synthetic-pretrain_rdb_512_size_16b.pt),bs=16 sl=128 d=256 blocks=12 heads=8 full=False qk_norm=True random_sampling=True steps=0 eval_batches=200 ckpt=synthetic-pretrain_rdb_512_size_16b.pt
bank-customer-churn,tabarena-bank-customer-churn,fold-0,0,binary_classification,1,0,42,nan,nan,0.4424407659733609,5332,1334,3334,1.430511474609375e-06,26.001431941986084,ok,True,Bank_Customer_Churn,roc_auc,0.1306379992733305,0.1205852741236281,45.0,0.32185549184973283,RT (synthetic-pretrain_rdb_512_size_16b.pt),bs=16 sl=128 d=256 blocks=12 heads=8 full=False qk_norm=True random_sampling=True steps=0 eval_batches=200 ckpt=synthetic-pretrain_rdb_512_size_16b.pt
bank-customer-churn,tabarena-bank-customer-churn,fold-1,1,binary_classification,1,0,42,nan,nan,0.4219988688513221,5333,1334,3333,1.1920928955078125e-06,26.427114248275757,ok,True,Bank_Customer_Churn,roc_auc,0.1270036724515084,0.1161844238779268,45.0,0.30581444497339527,RT (synthetic-pretrain_rdb_512_size_16b.pt),bs=16 sl=128 d=256 blocks=12 heads=8 full=False qk_norm=True random_sampling=True steps=0 eval_batches=200 ckpt=synthetic-pretrain_rdb_512_size_16b.pt
bank-customer-churn,tabarena-bank-customer-churn,fold-2,2,binary_classification,1,0,42,nan,nan,0.43393810727498383,5333,1334,3333,9.5367431640625e-07,26.35556674003601,ok,True,Bank_Customer_Churn,roc_auc,0.1447999129887585,0.1369417102370279,45.0,0.29699639703795594,RT (synthetic-pretrain_rdb_512_size_16b.pt),bs=16 sl=128 d=256 blocks=12 heads=8 full=False qk_norm=True random_sampling=True steps=0 eval_batches=200 ckpt=synthetic-pretrain_rdb_512_size_16b.pt
bank-customer-churn,tabarena-bank-customer-churn,fold-3,3,binary_classification,1,0,42,nan,nan,0.43695823269846934,5332,1334,3334,1.1920928955078125e-06,25.94426703453064,ok,True,Bank_Customer_Churn,roc_auc,0.1325500833451208,0.1243991801391766,45.0,0.3125590525592927,RT (synthetic-pretrain_rdb_512_size_16b.pt),bs=16 sl=128 d=256 blocks=12 heads=8 full=False qk_norm=True random_sampling=True steps=0 eval_batches=200 ckpt=synthetic-pretrain_rdb_512_size_16b.pt
bank-customer-churn,tabarena-bank-customer-churn,fold-4,4,binary_classification,1,0,42,nan,nan,0.4185546048273504,5333,1334,3333,1.430511474609375e-06,26.461872816085815,ok,True,Bank_Customer_Churn,roc_auc,0.1519744559855189,0.138741311361515,45.0,0.2798132934658354,RT (synthetic-pretrain_rdb_512_size_16b.pt),bs=16 sl=128 d=256 blocks=12 heads=8 full=False qk_norm=True random_sampling=True steps=0 eval_batches=200 ckpt=synthetic-pretrain_rdb_512_size_16b.pt
bank-customer-churn,tabarena-bank-customer-churn,fold-5,5,binary_classification,1,0,42,nan,nan,0.43994897873775307,5333,1334,3333,1.430511474609375e-06,26.660764694213867,ok,True,Bank_Customer_Churn,roc_auc,0.1222868640771204,0.1125669093140873,45.0,0.32738206942366577,RT (synthetic-pretrain_rdb_512_size_16b.pt),bs=16 sl=128 d=256 blocks=12 heads=8 full=False qk_norm=True random_sampling=True steps=0 eval_batches=200 ckpt=synthetic-pretrain_rdb_512_size_16b.pt
bank-customer-churn,tabarena-bank-customer-churn,fold-6,6,binary_classification,1,0,42,nan,nan,0.43945914810746334,5332,1334,3334,1.430511474609375e-06,26.661742687225342,ok,True,Bank_Customer_Churn,roc_auc,0.1395233380206295,0.1292198841211597,45.0,0.31023926398630364,RT (synthetic-pretrain_rdb_512_size_16b.pt),bs=16 sl=128 d=256 blocks=12 heads=8 full=False qk_norm=True random_sampling=True steps=0 eval_batches=200 ckpt=synthetic-pretrain_rdb_512_size_16b.pt
bank-customer-churn,tabarena-bank-customer-churn,fold-7,7,binary_classification,1,0,42,nan,nan,0.4392154061015069,5333,1334,3333,1.430511474609375e-06,26.285154581069946,ok,True,Bank_Customer_Churn,roc_auc,0.1329984584360395,0.122594288999404,45.0,0.3166211171021029,RT (synthetic-pretrain_rdb_512_size_16b.pt),bs=16 sl=128 d=256 blocks=12 heads=8 full=False qk_norm=True random_sampling=True steps=0 eval_batches=200 ckpt=synthetic-pretrain_rdb_512_size_16b.pt
bank-customer-churn,tabarena-bank-customer-churn,fold-8,8,binary_classification,1,0,42,nan,nan,0.4089556843210358,5333,1334,3333,1.6689300537109375e-06,26.745893716812134,ok,True,Bank_Customer_Churn,roc_auc,0.1393611554737729,0.1274870065802251,45.0,0.2814686777408107,RT (synthetic-pretrain_rdb_512_size_16b.pt),bs=16 sl=128 d=256 blocks=12 heads=8 full=False qk_norm=True random_sampling=True steps=0 eval_batches=200 ckpt=synthetic-pretrain_rdb_512_size_16b.pt
bank-marketing,tabarena-bank-marketing,fold-0,0,binary_classification,1,0,42,nan,nan,0.45199382341675176,24112,6028,15071,1.1920928955078125e-06,26.649542808532715,ok,True,bank-marketing,roc_auc,0.2297333808314071,0.2244975748874648,45.0,0.22749624852928696,RT (synthetic-pretrain_rdb_512_size_16b.pt),bs=16 sl=128 d=256 blocks=12 heads=8 full=False qk_norm=True random_sampling=True steps=0 eval_batches=200 ckpt=synthetic-pretrain_rdb_512_size_16b.pt
bank-marketing,tabarena-bank-marketing,fold-1,1,binary_classification,1,0,42,nan,nan,0.4606532729166235,24112,6029,15070,1.430511474609375e-06,26.33746886253357,ok,True,bank-marketing,roc_auc,0.2435251837353247,0.2398835971037126,45.0,0.2207696758129109,RT (synthetic-pretrain_rdb_512_size_16b.pt),bs=16 sl=128 d=256 blocks=12 heads=8 full=False qk_norm=True random_sampling=True steps=0 eval_batches=200 ckpt=synthetic-pretrain_rdb_512_size_16b.pt
bank-marketing,tabarena-bank-marketing,fold-2,2,binary_classification,1,0,42,nan,nan,0.45581165987323513,24112,6029,15070,1.430511474609375e-06,26.859712839126587,ok,True,bank-marketing,roc_auc,0.2398130522188583,0.2371135062082269,45.0,0.21869815366500822,RT (synthetic-pretrain_rdb_512_size_16b.pt),bs=16 sl=128 d=256 blocks=12 heads=8 full=False qk_norm=True random_sampling=True steps=0 eval_batches=200 ckpt=synthetic-pretrain_rdb_512_size_16b.pt
bank-marketing,tabarena-bank-marketing,fold-3,3,binary_classification,1,0,42,nan,nan,0.4981451297561287,24112,6028,15071,1.1920928955078125e-06,26.788468837738037,ok,True,bank-marketing,roc_auc,0.2323137870064295,0.2300972457425205,45.0,0.2680478840136082,RT (synthetic-pretrain_rdb_512_size_16b.pt),bs=16 sl=128 d=256 blocks=12 heads=8 full=False qk_norm=True random_sampling=True steps=0 eval_batches=200 ckpt=synthetic-pretrain_rdb_512_size_16b.pt
bank-marketing,tabarena-bank-marketing,fold-4,4,binary_classification,1,0,42,nan,nan,0.48403371197230216,24112,6029,15070,9.5367431640625e-07,26.439356327056885,ok,True,bank-marketing,roc_auc,0.2313123296559485,0.2291149737123331,45.0,0.254918738259969,RT (synthetic-pretrain_rdb_512_size_16b.pt),bs=16 sl=128 d=256 blocks=12 heads=8 full=False qk_norm=True random_sampling=True steps=0 eval_batches=200 ckpt=synthetic-pretrain_rdb_512_size_16b.pt
bank-marketing,tabarena-bank-marketing,fold-5,5,binary_classification,1,0,42,nan,nan,0.5095216419314824,24112,6029,15070,1.430511474609375e-06,26.749446630477905,ok,True,bank-marketing,roc_auc,0.2409465444110314,0.2389646593997052,45.0,0.2705569825317772,RT (synthetic-pretrain_rdb_512_size_16b.pt),bs=16 sl=128 d=256 blocks=12 heads=8 full=False qk_norm=True random_sampling=True steps=0 eval_batches=200 ckpt=synthetic-pretrain_rdb_512_size_16b.pt
bank-marketing,tabarena-bank-marketing,fold-6,6,binary_classification,1,0,42,nan,nan,0.4630003511235954,24112,6028,15071,1.1920928955078125e-06,26.24874472618103,ok,True,bank-marketing,roc_auc,0.2397856977605152,0.2369382640971333,45.0,0.22606208702646208,RT (synthetic-pretrain_rdb_512_size_16b.pt),bs=16 sl=128 d=256 blocks=12 heads=8 full=False qk_norm=True random_sampling=True steps=0 eval_batches=200 ckpt=synthetic-pretrain_rdb_512_size_16b.pt
bank-marketing,tabarena-bank-marketing,fold-7,7,binary_classification,1,0,42,nan,nan,0.4667412515481043,24112,6029,15070,1.6689300537109375e-06,27.035455226898193,ok,True,bank-marketing,roc_auc,0.2348272125593253,0.2332039129521304,45.0,0.23353733859597392,RT (synthetic-pretrain_rdb_512_size_16b.pt),bs=16 sl=128 d=256 blocks=12 heads=8 full=False qk_norm=True random_sampling=True steps=0 eval_batches=200 ckpt=synthetic-pretrain_rdb_512_size_16b.pt
bank-marketing,tabarena-bank-marketing,fold-8,8,binary_classification,1,0,42,nan,nan,0.48678507632388157,24112,6029,15070,1.430511474609375e-06,26.80483365058899,ok,True,bank-marketing,roc_auc,0.2378188484935001,0.2350137195947816,45.0,0.2517713567291,RT (synthetic-pretrain_rdb_512_size_16b.pt),bs=16 sl=128 d=256 blocks=12 heads=8 full=False qk_norm=True random_sampling=True steps=0 eval_batches=200 ckpt=synthetic-pretrain_rdb_512_size_16b.pt
bioresponse,tabarena-bioresponse,fold-0,0,binary_classification,1,0,42,nan,nan,0.4944979845248576,2000,500,1251,1.6689300537109375e-06,10.488465547561646,ok,True,Bioresponse,roc_auc,0.111203776634903,0.1083337194396825,45.0,0.3861642650851751,RT (synthetic-pretrain_rdb_512_size_16b.pt),bs=16 sl=128 d=256 blocks=12 heads=8 full=False qk_norm=True random_sampling=True steps=0 eval_batches=200 ckpt=synthetic-pretrain_rdb_512_size_16b.pt
bioresponse,tabarena-bioresponse,fold-1,1,binary_classification,1,0,42,nan,nan,0.5084034696866555,2000,501,1250,1.1920928955078125e-06,10.468398332595825,ok,True,Bioresponse,roc_auc,0.1380113249582276,0.1345277141737317,45.0,0.37387575551292385,RT (synthetic-pretrain_rdb_512_size_16b.pt),bs=16 sl=128 d=256 blocks=12 heads=8 full=False qk_norm=True random_sampling=True steps=0 eval_batches=200 ckpt=synthetic-pretrain_rdb_512_size_16b.pt
bioresponse,tabarena-bioresponse,fold-2,2,binary_classification,1,0,42,nan,nan,0.510176217587722,2000,501,1250,1.430511474609375e-06,10.441515684127808,ok,True,Bioresponse,roc_auc,0.1260623594694391,0.1182210120263217,45.0,0.39195520556140034,RT (synthetic-pretrain_rdb_512_size_16b.pt),bs=16 sl=128 d=256 blocks=12 heads=8 full=False qk_norm=True random_sampling=True steps=0 eval_batches=200 ckpt=synthetic-pretrain_rdb_512_size_16b.pt
bioresponse,tabarena-bioresponse,fold-3,3,binary_classification,1,0,42,nan,nan,0.519800820604694,2000,500,1251,1.430511474609375e-06,10.972330808639526,ok,True,Bioresponse,roc_auc,0.1370600318151631,0.1295464022610387,45.0,0.3902544183436553,RT (synthetic-pretrain_rdb_512_size_16b.pt),bs=16 sl=128 d=256 blocks=12 heads=8 full=False qk_norm=True random_sampling=True steps=0 eval_batches=200 ckpt=synthetic-pretrain_rdb_512_size_16b.pt
bioresponse,tabarena-bioresponse,fold-4,4,binary_classification,1,0,42,nan,nan,0.530954112259422,2000,501,1250,1.6689300537109375e-06,10.490374326705933,ok,True,Bioresponse,roc_auc,0.1306856859954205,0.1230996142500567,45.0,0.40785449800936535,RT (synthetic-pretrain_rdb_512_size_16b.pt),bs=16 sl=128 d=256 blocks=12 heads=8 full=False qk_norm=True random_sampling=True steps=0 eval_batches=200 ckpt=synthetic-pretrain_rdb_512_size_16b.pt
bioresponse,tabarena-bioresponse,fold-5,5,binary_classification,1,0,42,nan,nan,0.5046207479835798,2000,501,1250,9.5367431640625e-07,10.461999416351318,ok,True,Bioresponse,roc_auc,0.1215034965034964,0.1175325412051075,45.0,0.38708820677847233,RT (synthetic-pretrain_rdb_512_size_16b.pt),bs=16 sl=128 d=256 blocks=12 heads=8 full=False qk_norm=True random_sampling=True steps=0 eval_batches=200 ckpt=synthetic-pretrain_rdb_512_size_16b.pt
bioresponse,tabarena-bioresponse,fold-6,6,binary_classification,1,0,42,nan,nan,0.5056809114169074,2000,500,1251,1.1920928955078125e-06,10.430063247680664,ok,True,Bioresponse,roc_auc,0.1311526046734313,0.1227509305163014,45.0,0.38292998090060604,RT (synthetic-pretrain_rdb_512_size_16b.pt),bs=16 sl=128 d=256 blocks=12 heads=8 full=False qk_norm=True random_sampling=True steps=0 eval_batches=200 ckpt=synthetic-pretrain_rdb_512_size_16b.pt
bioresponse,tabarena-bioresponse,fold-7,7,binary_classification,1,0,42,nan,nan,0.4790905996658209,2000,501,1250,1.430511474609375e-06,10.963738441467285,ok,True,Bioresponse,roc_auc,0.1307991418610887,0.1235560162551314,45.0,0.3555345834106895,RT (synthetic-pretrain_rdb_512_size_16b.pt),bs=16 sl=128 d=256 blocks=12 heads=8 full=False qk_norm=True random_sampling=True steps=0 eval_batches=200 ckpt=synthetic-pretrain_rdb_512_size_16b.pt
bioresponse,tabarena-bioresponse,fold-8,8,binary_classification,1,0,42,nan,nan,0.5120701569816614,2000,501,1250,1.430511474609375e-06,10.482451677322388,ok,True,Bioresponse,roc_auc,0.1250335210512201,0.1160266724426016,45.0,0.39604348453905974,RT (synthetic-pretrain_rdb_512_size_16b.pt),bs=16 sl=128 d=256 blocks=12 heads=8 full=False qk_norm=True random_sampling=True steps=0 eval_batches=200 ckpt=synthetic-pretrain_rdb_512_size_16b.pt
blood-transfusion-service-center,tabarena-blood-transfusion-service-center,fold-0,0,binary_classification,1,0,42,nan,nan,0.3363596491228069,398,100,250,9.5367431640625e-07,2.2900500297546387,ok,True,blood-transfusion-service-center,roc_auc,0.3370614035087718,0.2453508771929824,45.0,0.09100877192982451,RT (synthetic-pretrain_rdb_512_size_16b.pt),bs=16 sl=128 d=256 blocks=12 heads=8 full=False qk_norm=True random_sampling=True steps=0 eval_batches=200 ckpt=synthetic-pretrain_rdb_512_size_16b.pt
blood-transfusion-service-center,tabarena-blood-transfusion-service-center,fold-1,1,binary_classification,1,0,42,nan,nan,0.3820695807314898,399,100,249,1.430511474609375e-06,2.2909483909606934,ok,True,blood-transfusion-service-center,roc_auc,0.2527653880463871,0.2003122212310437,45.0,0.18175735950044608,RT (synthetic-pretrain_rdb_512_size_16b.pt),bs=16 sl=128 d=256 blocks=12 heads=8 full=False qk_norm=True random_sampling=True steps=0 eval_batches=200 ckpt=synthetic-pretrain_rdb_512_size_16b.pt
blood-transfusion-service-center,tabarena-blood-transfusion-service-center,fold-2,2,binary_classification,1,0,42,nan,nan,0.445807314897413,399,100,249,9.5367431640625e-07,2.2847564220428467,ok,True,blood-transfusion-service-center,roc_auc,0.2931311329170383,0.2629348795718108,45.0,0.1828724353256022,RT (synthetic-pretrain_rdb_512_size_16b.pt),bs=16 sl=128 d=256 blocks=12 heads=8 full=False qk_norm=True random_sampling=True steps=0 eval_batches=200 ckpt=synthetic-pretrain_rdb_512_size_16b.pt
blood-transfusion-service-center,tabarena-blood-transfusion-service-center,fold-3,3,binary_classification,1,0,42,nan,nan,0.36578947368421055,398,100,250,1.1920928955078125e-06,2.275338888168335,ok,True,blood-transfusion-service-center,roc_auc,0.3167543859649122,0.2478070175438596,45.0,0.11798245614035097,RT (synthetic-pretrain_rdb_512_size_16b.pt),bs=16 sl=128 d=256 blocks=12 heads=8 full=False qk_norm=True random_sampling=True steps=0 eval_batches=200 ckpt=synthetic-pretrain_rdb_512_size_16b.pt
blood-transfusion-service-center,tabarena-blood-transfusion-service-center,fold-4,4,binary_classification,1,0,42,nan,nan,0.34843889384478144,399,100,249,1.430511474609375e-06,2.2711892127990723,ok,True,blood-transfusion-service-center,roc_auc,0.2766280107047278,0.2528991971454059,45.0,0.09553969669937556,RT (synthetic-pretrain_rdb_512_size_16b.pt),bs=16 sl=128 d=256 blocks=12 heads=8 full=False qk_norm=True random_sampling=True steps=0 eval_batches=200 ckpt=synthetic-pretrain_rdb_512_size_16b.pt
blood-transfusion-service-center,tabarena-blood-transfusion-service-center,fold-5,5,binary_classification,1,0,42,nan,nan,0.3761819803746653,399,100,249,1.430511474609375e-06,2.2796194553375244,ok,True,blood-transfusion-service-center,roc_auc,0.1935325602140947,0.1909901873327386,45.0,0.18519179304192673,RT (synthetic-pretrain_rdb_512_size_16b.pt),bs=16 sl=128 d=256 blocks=12 heads=8 full=False qk_norm=True random_sampling=True steps=0 eval_batches=200 ckpt=synthetic-pretrain_rdb_512_size_16b.pt
blood-transfusion-service-center,tabarena-blood-transfusion-service-center,fold-6,6,binary_classification,1,0,42,nan,nan,0.35236842105263155,398,100,250,1.6689300537109375e-06,2.279151439666748,ok,True,blood-transfusion-service-center,roc_auc,0.3016666666666667,0.2514473684210526,45.0,0.10092105263157897,RT (synthetic-pretrain_rdb_512_size_16b.pt),bs=16 sl=128 d=256 blocks=12 heads=8 full=False qk_norm=True random_sampling=True steps=0 eval_batches=200 ckpt=synthetic-pretrain_rdb_512_size_16b.pt
blood-transfusion-service-center,tabarena-blood-transfusion-service-center,fold-7,7,binary_classification,1,0,42,nan,nan,0.3590098126672613,399,100,249,1.6689300537109375e-06,2.277658700942993,ok,True,blood-transfusion-service-center,roc_auc,0.2384924174843889,0.2115967885816235,45.0,0.14741302408563778,RT (synthetic-pretrain_rdb_512_size_16b.pt),bs=16 sl=128 d=256 blocks=12 heads=8 full=False qk_norm=True random_sampling=True steps=0 eval_batches=200 ckpt=synthetic-pretrain_rdb_512_size_16b.pt
blood-transfusion-service-center,tabarena-blood-transfusion-service-center,fold-8,8,binary_classification,1,0,42,nan,nan,0.32863514719000886,399,100,249,1.9073486328125e-06,2.2805728912353516,ok,True,blood-transfusion-service-center,roc_auc,0.3004014272970561,0.2431311329170383,45.0,0.08550401427297055,RT (synthetic-pretrain_rdb_512_size_16b.pt),bs=16 sl=128 d=256 blocks=12 heads=8 full=False qk_norm=True random_sampling=True steps=0 eval_batches=200 ckpt=synthetic-pretrain_rdb_512_size_16b.pt
blood-transfusion-service-center,tabarena-blood-transfusion-service-center,fold-9,9,binary_classification,1,0,42,nan,nan,0.3402631578947367,398,100,250,1.430511474609375e-06,2.278614044189453,ok,True,blood-transfusion-service-center,roc_auc,0.3039035087719298,0.2587719298245613,45.0,0.08149122807017539,RT (synthetic-pretrain_rdb_512_size_16b.pt),bs=16 sl=128 d=256 blocks=12 heads=8 full=False qk_norm=True random_sampling=True steps=0 eval_batches=200 ckpt=synthetic-pretrain_rdb_512_size_16b.pt
blood-transfusion-service-center,tabarena-blood-transfusion-service-center,fold-10,10,binary_classification,1,0,42,nan,nan,0.3536128456735057,399,100,249,1.430511474609375e-06,2.8376872539520264,ok,True,blood-transfusion-service-center,roc_auc,0.28028545941124,0.2341213202497769,45.0,0.11949152542372882,RT (synthetic-pretrain_rdb_512_size_16b.pt),bs=16 sl=128 d=256 blocks=12 heads=8 full=False qk_norm=True random_sampling=True steps=0 eval_batches=200 ckpt=synthetic-pretrain_rdb_512_size_16b.pt
blood-transfusion-service-center,tabarena-blood-transfusion-service-center,fold-11,11,binary_classification,1,0,42,nan,nan,0.41966993755575377,399,100,249,1.430511474609375e-06,2.286911964416504,ok,True,blood-transfusion-service-center,roc_auc,0.2405441570026761,0.2181534344335414,45.0,0.20151650312221236,RT (synthetic-pretrain_rdb_512_size_16b.pt),bs=16 sl=128 d=256 blocks=12 heads=8 full=False qk_norm=True random_sampling=True steps=0 eval_batches=200 ckpt=synthetic-pretrain_rdb_512_size_16b.pt
blood-transfusion-service-center,tabarena-blood-transfusion-service-center,fold-12,12,binary_classification,1,0,42,nan,nan,0.31223684210526315,398,100,250,9.5367431640625e-07,2.288452625274658,ok,True,blood-transfusion-service-center,roc_auc,0.233157894736842,0.212719298245614,45.0,0.09951754385964914,RT (synthetic-pretrain_rdb_512_size_16b.pt),bs=16 sl=128 d=256 blocks=12 heads=8 full=False qk_norm=True random_sampling=True steps=0 eval_batches=200 ckpt=synthetic-pretrain_rdb_512_size_16b.pt
blood-transfusion-service-center,tabarena-blood-transfusion-service-center,fold-13,13,binary_classification,1,0,42,nan,nan,0.3611507582515612,399,100,249,1.1920928955078125e-06,2.2900948524475098,ok,True,blood-transfusion-service-center,roc_auc,0.2950936663693131,0.2032560214094557,45.0,0.15789473684210548,RT (synthetic-pretrain_rdb_512_size_16b.pt),bs=16 sl=128 d=256 blocks=12 heads=8 full=False qk_norm=True random_sampling=True steps=0 eval_batches=200 ckpt=synthetic-pretrain_rdb_512_size_16b.pt
blood-transfusion-service-center,tabarena-blood-transfusion-service-center,fold-14,14,binary_classification,1,0,42,nan,nan,0.3879571810883139,399,100,249,1.430511474609375e-06,2.291163921356201,ok,True,blood-transfusion-service-center,roc_auc,0.3170383586083853,0.2771632471008027,45.0,0.1107939339875112,RT (synthetic-pretrain_rdb_512_size_16b.pt),bs=16 sl=128 d=256 blocks=12 heads=8 full=False qk_norm=True random_sampling=True steps=0 eval_batches=200 ckpt=synthetic-pretrain_rdb_512_size_16b.pt
blood-transfusion-service-center,tabarena-blood-transfusion-service-center,fold-15,15,binary_classification,1,0,42,nan,nan,0.35184210526315784,398,100,250,1.6689300537109375e-06,2.2862470149993896,ok,True,blood-transfusion-service-center,roc_auc,0.2524122807017543,0.2374122807017543,45.0,0.11442982456140355,RT (synthetic-pretrain_rdb_512_size_16b.pt),bs=16 sl=128 d=256 blocks=12 heads=8 full=False qk_norm=True random_sampling=True steps=0 eval_batches=200 ckpt=synthetic-pretrain_rdb_512_size_16b.pt
blood-transfusion-service-center,tabarena-blood-transfusion-service-center,fold-16,16,binary_classification,1,0,42,nan,nan,0.3289919714540589,399,100,249,1.6689300537109375e-06,2.280104875564575,ok,True,blood-transfusion-service-center,roc_auc,0.2482158786797502,0.2420606601248885,45.0,0.0869313113291704,RT (synthetic-pretrain_rdb_512_size_16b.pt),bs=16 sl=128 d=256 blocks=12 heads=8 full=False qk_norm=True random_sampling=True steps=0 eval_batches=200 ckpt=synthetic-pretrain_rdb_512_size_16b.pt
blood-transfusion-service-center,tabarena-blood-transfusion-service-center,fold-17,17,binary_classification,1,0,42,nan,nan,0.3257805530776092,399,100,249,1.6689300537109375e-06,2.2761781215667725,ok,True,blood-transfusion-service-center,roc_auc,0.2418376449598571,0.2218554861730597,45.0,0.10392506690454953,RT (synthetic-pretrain_rdb_512_size_16b.pt),bs=16 sl=128 d=256 blocks=12 heads=8 full=False qk_norm=True random_sampling=True steps=0 eval_batches=200 ckpt=synthetic-pretrain_rdb_512_size_16b.pt
blood-transfusion-service-center,tabarena-blood-transfusion-service-center,fold-18,18,binary_classification,1,0,42,nan,nan,0.30157894736842106,398,100,250,1.1920928955078125e-06,2.2866921424865723,ok,True,blood-transfusion-service-center,roc_auc,0.2435964912280701,0.1723245614035088,45.0,0.12925438596491226,RT (synthetic-pretrain_rdb_512_size_16b.pt),bs=16 sl=128 d=256 blocks=12 heads=8 full=False qk_norm=True random_sampling=True steps=0 eval_batches=200 ckpt=synthetic-pretrain_rdb_512_size_16b.pt
blood-transfusion-service-center,tabarena-blood-transfusion-service-center,fold-19,19,binary_classification,1,0,42,nan,nan,0.35981266726137373,399,100,249,1.430511474609375e-06,2.2674081325531006,ok,True,blood-transfusion-service-center,roc_auc,0.3166815343443354,0.3166815343443354,45.0,0.04313113291703835,RT (synthetic-pretrain_rdb_512_size_16b.pt),bs=16 sl=128 d=256 blocks=12 heads=8 full=False qk_norm=True random_sampling=True steps=0 eval_batches=200 ckpt=synthetic-pretrain_rdb_512_size_16b.pt
blood-transfusion-service-center,tabarena-blood-transfusion-service-center,fold-20,20,binary_classification,1,0,42,nan,nan,0.36297948260481705,399,100,249,1.1920928955078125e-06,2.272406578063965,ok,True,blood-transfusion-service-center,roc_auc,0.2936663693131132,0.2341213202497769,45.0,0.12885816235504016,RT (synthetic-pretrain_rdb_512_size_16b.pt),bs=16 sl=128 d=256 blocks=12 heads=8 full=False qk_norm=True random_sampling=True steps=0 eval_batches=200 ckpt=synthetic-pretrain_rdb_512_size_16b.pt
blood-transfusion-service-center,tabarena-blood-transfusion-service-center,fold-21,21,binary_classification,1,0,42,nan,nan,0.32350877192982463,398,100,250,1.1920928955078125e-06,2.275639295578003,ok,True,blood-transfusion-service-center,roc_auc,0.2810526315789473,0.2621929824561404,45.0,0.06131578947368421,RT (synthetic-pretrain_rdb_512_size_16b.pt),bs=16 sl=128 d=256 blocks=12 heads=8 full=False qk_norm=True random_sampling=True steps=0 eval_batches=200 ckpt=synthetic-pretrain_rdb_512_size_16b.pt
blood-transfusion-service-center,tabarena-blood-transfusion-service-center,fold-22,22,binary_classification,1,0,42,nan,nan,0.38519179304192697,399,100,249,1.1920928955078125e-06,2.2799479961395264,ok,True,blood-transfusion-service-center,roc_auc,0.2380909901873328,0.2034344335414808,45.0,0.18175735950044616,RT (synthetic-pretrain_rdb_512_size_16b.pt),bs=16 sl=128 d=256 blocks=12 heads=8 full=False qk_norm=True random_sampling=True steps=0 eval_batches=200 ckpt=synthetic-pretrain_rdb_512_size_16b.pt
blood-transfusion-service-center,tabarena-blood-transfusion-service-center,fold-23,23,binary_classification,1,0,42,nan,nan,0.4241748438893844,399,100,249,1.430511474609375e-06,2.8246848583221436,ok,True,blood-transfusion-service-center,roc_auc,0.2943800178412132,0.2487511150758251,45.0,0.17542372881355933,RT (synthetic-pretrain_rdb_512_size_16b.pt),bs=16 sl=128 d=256 blocks=12 heads=8 full=False qk_norm=True random_sampling=True steps=0 eval_batches=200 ckpt=synthetic-pretrain_rdb_512_size_16b.pt
blood-transfusion-service-center,tabarena-blood-transfusion-service-center,fold-24,24,binary_classification,1,0,42,nan,nan,0.29495614035087714,398,100,250,1.6689300537109375e-06,2.2723867893218994,ok,True,blood-transfusion-service-center,roc_auc,0.2575438596491226,0.2430701754385964,45.0,0.05188596491228073,RT (synthetic-pretrain_rdb_512_size_16b.pt),bs=16 sl=128 d=256 blocks=12 heads=8 full=False qk_norm=True random_sampling=True steps=0 eval_batches=200 ckpt=synthetic-pretrain_rdb_512_size_16b.pt
blood-transfusion-service-center,tabarena-blood-transfusion-service-center,fold-25,25,binary_classification,1,0,42,nan,nan,0.31779661016949146,399,100,249,1.1920928955078125e-06,2.2800824642181396,ok,True,blood-transfusion-service-center,roc_auc,0.2628456735057984,0.2292595896520963,45.0,0.08853702051739515,RT (synthetic-pretrain_rdb_512_size_16b.pt),bs=16 sl=128 d=256 blocks=12 heads=8 full=False qk_norm=True random_sampling=True steps=0 eval_batches=200 ckpt=synthetic-pretrain_rdb_512_size_16b.pt
blood-transfusion-service-center,tabarena-blood-transfusion-service-center,fold-26,26,binary_classification,1,0,42,nan,nan,0.3487511150758251,399,100,249,1.9073486328125e-06,2.2864749431610107,ok,True,blood-transfusion-service-center,roc_auc,0.2764942016057091,0.2239518287243532,45.0,0.12479928635147192,RT (synthetic-pretrain_rdb_512_size_16b.pt),bs=16 sl=128 d=256 blocks=12 heads=8 full=False qk_norm=True random_sampling=True steps=0 eval_batches=200 ckpt=synthetic-pretrain_rdb_512_size_16b.pt
blood-transfusion-service-center,tabarena-blood-transfusion-service-center,fold-27,27,binary_classification,1,0,42,nan,nan,0.3641666666666665,398,100,250,1.1920928955078125e-06,2.303645610809326,ok,True,blood-transfusion-service-center,roc_auc,0.3039473684210525,0.2551754385964913,45.0,0.10899122807017525,RT (synthetic-pretrain_rdb_512_size_16b.pt),bs=16 sl=128 d=256 blocks=12 heads=8 full=False qk_norm=True random_sampling=True steps=0 eval_batches=200 ckpt=synthetic-pretrain_rdb_512_size_16b.pt
blood-transfusion-service-center,tabarena-blood-transfusion-service-center,fold-28,28,binary_classification,1,0,42,nan,nan,0.3558429973238181,399,100,249,1.9073486328125e-06,2.295905590057373,ok,True,blood-transfusion-service-center,roc_auc,0.29049955396967,0.2286797502230151,45.0,0.12716324710080298,RT (synthetic-pretrain_rdb_512_size_16b.pt),bs=16 sl=128 d=256 blocks=12 heads=8 full=False qk_norm=True random_sampling=True steps=0 eval_batches=200 ckpt=synthetic-pretrain_rdb_512_size_16b.pt
blood-transfusion-service-center,tabarena-blood-transfusion-service-center,fold-29,29,binary_classification,1,0,42,nan,nan,0.35200713648528104,399,100,249,1.6689300537109375e-06,2.288076639175415,ok,True,blood-transfusion-service-center,roc_auc,0.2395628902765387,0.2147190008920606,45.0,0.13728813559322042,RT (synthetic-pretrain_rdb_512_size_16b.pt),bs=16 sl=128 d=256 blocks=12 heads=8 full=False qk_norm=True random_sampling=True steps=0 eval_batches=200 ckpt=synthetic-pretrain_rdb_512_size_16b.pt
churn,tabarena-churn,fold-0,0,binary_classification,1,0,42,nan,nan,0.45896404079167097,2666,667,1667,1.430511474609375e-06,13.735917568206787,ok,True,churn,roc_auc,0.0712995534709637,0.0550847457627118,45.0,0.40387929502895914,RT (synthetic-pretrain_rdb_512_size_16b.pt),bs=16 sl=128 d=256 blocks=12 heads=8 full=False qk_norm=True random_sampling=True steps=0 eval_batches=200 ckpt=synthetic-pretrain_rdb_512_size_16b.pt
churn,tabarena-churn,fold-1,1,binary_classification,1,0,42,nan,nan,0.4446443165263121,2666,667,1667,1.1920928955078125e-06,14.321980714797974,ok,True,churn,roc_auc,0.0996280898743322,0.0850241030925392,45.0,0.3596202134337729,RT (synthetic-pretrain_rdb_512_size_16b.pt),bs=16 sl=128 d=256 blocks=12 heads=8 full=False qk_norm=True random_sampling=True steps=0 eval_batches=200 ckpt=synthetic-pretrain_rdb_512_size_16b.pt
churn,tabarena-churn,fold-2,2,binary_classification,1,0,42,nan,nan,0.4852461453826368,2667,667,1666,1.1920928955078125e-06,13.819123268127441,ok,True,churn,roc_auc,0.0802801195414604,0.0551466761824047,45.0,0.43009946920023207,RT (synthetic-pretrain_rdb_512_size_16b.pt),bs=16 sl=128 d=256 blocks=12 heads=8 full=False qk_norm=True random_sampling=True steps=0 eval_batches=200 ckpt=synthetic-pretrain_rdb_512_size_16b.pt
churn,tabarena-churn,fold-3,3,binary_classification,1,0,42,nan,nan,0.46506680169136194,2666,667,1667,1.1920928955078125e-06,13.724827766418457,ok,True,churn,roc_auc,0.0862233355837449,0.0648059316111762,45.0,0.40026087008018574,RT (synthetic-pretrain_rdb_512_size_16b.pt),bs=16 sl=128 d=256 blocks=12 heads=8 full=False qk_norm=True random_sampling=True steps=0 eval_batches=200 ckpt=synthetic-pretrain_rdb_512_size_16b.pt
churn,tabarena-churn,fold-4,4,binary_classification,1,0,42,nan,nan,0.4477889706143624,2666,667,1667,1.430511474609375e-06,13.715869188308716,ok,True,churn,roc_auc,0.0701773087446258,0.0524138625353847,45.0,0.3953751080789777,RT (synthetic-pretrain_rdb_512_size_16b.pt),bs=16 sl=128 d=256 blocks=12 heads=8 full=False qk_norm=True random_sampling=True steps=0 eval_batches=200 ckpt=synthetic-pretrain_rdb_512_size_16b.pt
churn,tabarena-churn,fold-5,5,binary_classification,1,0,42,nan,nan,0.4570513106442452,2667,667,1666,1.430511474609375e-06,14.31915020942688,ok,True,churn,roc_auc,0.0973073434735417,0.074138007939694,45.0,0.3829133027045512,RT (synthetic-pretrain_rdb_512_size_16b.pt),bs=16 sl=128 d=256 blocks=12 heads=8 full=False qk_norm=True random_sampling=True steps=0 eval_batches=200 ckpt=synthetic-pretrain_rdb_512_size_16b.pt
churn,tabarena-churn,fold-6,6,binary_classification,1,0,42,nan,nan,0.4392536924516459,2666,667,1667,1.6689300537109375e-06,13.747806072235107,ok,True,churn,roc_auc,0.0769463099172085,0.066991199706262,45.0,0.3722624927453839,RT (synthetic-pretrain_rdb_512_size_16b.pt),bs=16 sl=128 d=256 blocks=12 heads=8 full=False qk_norm=True random_sampling=True steps=0 eval_batches=200 ckpt=synthetic-pretrain_rdb_512_size_16b.pt
churn,tabarena-churn,fold-7,7,binary_classification,1,0,42,nan,nan,0.4522957159269919,2666,667,1667,1.6689300537109375e-06,13.720560073852539,ok,True,churn,roc_auc,0.0921128995961104,0.0718784422414099,45.0,0.380417273685582,RT (synthetic-pretrain_rdb_512_size_16b.pt),bs=16 sl=128 d=256 blocks=12 heads=8 full=False qk_norm=True random_sampling=True steps=0 eval_batches=200 ckpt=synthetic-pretrain_rdb_512_size_16b.pt
churn,tabarena-churn,fold-8,8,binary_classification,1,0,42,nan,nan,0.46540880503144655,2667,667,1666,3.337860107421875e-06,16.708909034729004,ok,True,churn,roc_auc,0.0782907355368214,0.0550455714646802,45.0,0.41036323356676635,RT (synthetic-pretrain_rdb_512_size_16b.pt),bs=16 sl=128 d=256 blocks=12 heads=8 full=False qk_norm=True random_sampling=True steps=0 eval_batches=200 ckpt=synthetic-pretrain_rdb_512_size_16b.pt
coil2000-insurance-policies,tabarena-coil2000-insurance-policies,fold-0,0,binary_classification,1,0,42,nan,nan,0.49139927512401715,5238,1310,3274,1.9073486328125e-06,26.464634895324707,ok,True,coil2000_insurance_policies,roc_auc,0.2520457024841565,0.2409806713801517,45.0,0.2504186037438655,RT (synthetic-pretrain_rdb_512_size_16b.pt),bs=16 sl=128 d=256 blocks=12 heads=8 full=False qk_norm=True random_sampling=True steps=0 eval_batches=200 ckpt=synthetic-pretrain_rdb_512_size_16b.pt
coil2000-insurance-policies,tabarena-coil2000-insurance-policies,fold-1,1,binary_classification,1,0,42,nan,nan,0.45596108707037697,5238,1310,3274,1.430511474609375e-06,26.77693223953247,ok,True,coil2000_insurance_policies,roc_auc,0.2427936143103405,0.2117878765166846,45.0,0.24417321055369237,RT (synthetic-pretrain_rdb_512_size_16b.pt),bs=16 sl=128 d=256 blocks=12 heads=8 full=False qk_norm=True random_sampling=True steps=0 eval_batches=200 ckpt=synthetic-pretrain_rdb_512_size_16b.pt
coil2000-insurance-policies,tabarena-coil2000-insurance-policies,fold-2,2,binary_classification,1,0,42,nan,nan,0.4743686973625887,5238,1310,3274,1.1920928955078125e-06,26.58300256729126,ok,True,coil2000_insurance_policies,roc_auc,0.2561819562132845,0.226311479757595,45.0,0.2480572176049937,RT (synthetic-pretrain_rdb_512_size_16b.pt),bs=16 sl=128 d=256 blocks=12 heads=8 full=False qk_norm=True random_sampling=True steps=0 eval_batches=200 ckpt=synthetic-pretrain_rdb_512_size_16b.pt
coil2000-insurance-policies,tabarena-coil2000-insurance-policies,fold-3,3,binary_classification,1,0,42,nan,nan,0.4787426551062345,5238,1310,3274,9.5367431640625e-07,26.580817937850952,ok,True,coil2000_insurance_policies,roc_auc,0.2619098774993547,0.2439753166612536,45.0,0.23476733844498088,RT (synthetic-pretrain_rdb_512_size_16b.pt),bs=16 sl=128 d=256 blocks=12 heads=8 full=False qk_norm=True random_sampling=True steps=0 eval_batches=200 ckpt=synthetic-pretrain_rdb_512_size_16b.pt
coil2000-insurance-policies,tabarena-coil2000-insurance-policies,fold-4,4,binary_classification,1,0,42,nan,nan,0.44143224775933987,5238,1310,3274,1.1920928955078125e-06,26.595505714416504,ok,True,coil2000_insurance_policies,roc_auc,0.2234141954180928,0.2017429901483165,45.0,0.23968925761102336,RT (synthetic-pretrain_rdb_512_size_16b.pt),bs=16 sl=128 d=256 blocks=12 heads=8 full=False qk_norm=True random_sampling=True steps=0 eval_batches=200 ckpt=synthetic-pretrain_rdb_512_size_16b.pt
coil2000-insurance-policies,tabarena-coil2000-insurance-policies,fold-5,5,binary_classification,1,0,42,nan,nan,0.5130857643506206,5238,1310,3274,1.1920928955078125e-06,26.528106689453125,ok,True,coil2000_insurance_policies,roc_auc,0.2513733076076434,0.2273615586585511,45.0,0.28572420569206947,RT (synthetic-pretrain_rdb_512_size_16b.pt),bs=16 sl=128 d=256 blocks=12 heads=8 full=False qk_norm=True random_sampling=True steps=0 eval_batches=200 ckpt=synthetic-pretrain_rdb_512_size_16b.pt
coil2000-insurance-policies,tabarena-coil2000-insurance-policies,fold-6,6,binary_classification,1,0,42,nan,nan,0.44405613873910554,5238,1310,3274,1.430511474609375e-06,26.601168155670166,ok,True,coil2000_insurance_policies,roc_auc,0.2296783004805089,0.2176930571863992,45.0,0.22636308155270635,RT (synthetic-pretrain_rdb_512_size_16b.pt),bs=16 sl=128 d=256 blocks=12 heads=8 full=False qk_norm=True random_sampling=True steps=0 eval_batches=200 ckpt=synthetic-pretrain_rdb_512_size_16b.pt
coil2000-insurance-policies,tabarena-coil2000-insurance-policies,fold-7,7,binary_classification,1,0,42,nan,nan,0.4590695626906367,5238,1310,3274,1.430511474609375e-06,26.642244338989258,ok,True,coil2000_insurance_policies,roc_auc,0.2645439328453294,0.2349097692390969,45.0,0.2241597934515398,RT (synthetic-pretrain_rdb_512_size_16b.pt),bs=16 sl=128 d=256 blocks=12 heads=8 full=False qk_norm=True random_sampling=True steps=0 eval_batches=200 ckpt=synthetic-pretrain_rdb_512_size_16b.pt
coil2000-insurance-policies,tabarena-coil2000-insurance-policies,fold-8,8,binary_classification,1,0,42,nan,nan,0.5042170531360816,5238,1310,3274,1.1920928955078125e-06,26.81990122795105,ok,True,coil2000_insurance_policies,roc_auc,0.2545144276034,0.2225023537680179,45.0,0.28171469936806365,RT (synthetic-pretrain_rdb_512_size_16b.pt),bs=16 sl=128 d=256 blocks=12 heads=8 full=False qk_norm=True random_sampling=True steps=0 eval_batches=200 ckpt=synthetic-pretrain_rdb_512_size_16b.pt
concrete-compressive-strength,tabarena-concrete-compressive-strength,fold-0,0,regression,1,0,42,nan,nan,15.519036293029785,548,138,344,1.1920928955078125e-06,3.251162528991699,ok,True,concrete_compressive_strength,rmse,4.609973311169731,3.914744220620437,45.0,11.604292072409349,RT (synthetic-pretrain_rdb_512_size_16b.pt),bs=16 sl=128 d=256 blocks=12 heads=8 full=False qk_norm=True random_sampling=True steps=0 eval_batches=200 ckpt=synthetic-pretrain_rdb_512_size_16b.pt
concrete-compressive-strength,tabarena-concrete-compressive-strength,fold-1,1,regression,1,0,42,nan,nan,15.254610061645508,549,138,343,1.1920928955078125e-06,3.1010496616363525,ok,True,concrete_compressive_strength,rmse,4.095591852217447,3.79217436672961,45.0,11.462435694915898,RT (synthetic-pretrain_rdb_512_size_16b.pt),bs=16 sl=128 d=256 blocks=12 heads=8 full=False qk_norm=True random_sampling=True steps=0 eval_batches=200 ckpt=synthetic-pretrain_rdb_512_size_16b.pt
concrete-compressive-strength,tabarena-concrete-compressive-strength,fold-2,2,regression,1,0,42,nan,nan,15.062468528747559,549,138,343,1.430511474609375e-06,3.121427297592163,ok,True,concrete_compressive_strength,rmse,4.314838960334888,3.8529382255379434,45.0,11.209530303209615,RT (synthetic-pretrain_rdb_512_size_16b.pt),bs=16 sl=128 d=256 blocks=12 heads=8 full=False qk_norm=True random_sampling=True steps=0 eval_batches=200 ckpt=synthetic-pretrain_rdb_512_size_16b.pt
concrete-compressive-strength,tabarena-concrete-compressive-strength,fold-3,3,regression,1,0,42,nan,nan,16.265342712402344,548,138,344,1.1920928955078125e-06,3.099135637283325,ok,True,concrete_compressive_strength,rmse,4.101246870785971,3.791052308991999,45.0,12.474290403410345,RT (synthetic-pretrain_rdb_512_size_16b.pt),bs=16 sl=128 d=256 blocks=12 heads=8 full=False qk_norm=True random_sampling=True steps=0 eval_batches=200 ckpt=synthetic-pretrain_rdb_512_size_16b.pt
concrete-compressive-strength,tabarena-concrete-compressive-strength,fold-4,4,regression,1,0,42,nan,nan,15.352246284484863,549,138,343,1.430511474609375e-06,3.079674243927002,ok,True,concrete_compressive_strength,rmse,4.709128910333633,4.03767945621805,45.0,11.314566828266813,RT (synthetic-pretrain_rdb_512_size_16b.pt),bs=16 sl=128 d=256 blocks=12 heads=8 full=False qk_norm=True random_sampling=True steps=0 eval_batches=200 ckpt=synthetic-pretrain_rdb_512_size_16b.pt
concrete-compressive-strength,tabarena-concrete-compressive-strength,fold-5,5,regression,1,0,42,nan,nan,14.615191459655762,549,138,343,1.1920928955078125e-06,3.334707260131836,ok,True,concrete_compressive_strength,rmse,4.939242164212933,4.183263526263326,45.0,10.431927933392435,RT (synthetic-pretrain_rdb_512_size_16b.pt),bs=16 sl=128 d=256 blocks=12 heads=8 full=False qk_norm=True random_sampling=True steps=0 eval_batches=200 ckpt=synthetic-pretrain_rdb_512_size_16b.pt
concrete-compressive-strength,tabarena-concrete-compressive-strength,fold-6,6,regression,1,0,42,nan,nan,15.4580659866333,548,138,344,1.430511474609375e-06,3.1162872314453125,ok,True,concrete_compressive_strength,rmse,4.563038192604608,4.131734820441877,45.0,11.326331166191423,RT (synthetic-pretrain_rdb_512_size_16b.pt),bs=16 sl=128 d=256 blocks=12 heads=8 full=False qk_norm=True random_sampling=True steps=0 eval_batches=200 ckpt=synthetic-pretrain_rdb_512_size_16b.pt
concrete-compressive-strength,tabarena-concrete-compressive-strength,fold-7,7,regression,1,0,42,nan,nan,14.233501434326172,549,138,343,1.1920928955078125e-06,3.1181044578552246,ok,True,concrete_compressive_strength,rmse,4.104999547251212,3.262319329415383,45.0,10.971182104910788,RT (synthetic-pretrain_rdb_512_size_16b.pt),bs=16 sl=128 d=256 blocks=12 heads=8 full=False qk_norm=True random_sampling=True steps=0 eval_batches=200 ckpt=synthetic-pretrain_rdb_512_size_16b.pt
concrete-compressive-strength,tabarena-concrete-compressive-strength,fold-8,8,regression,1,0,42,nan,nan,16.49610710144043,549,138,343,1.6689300537109375e-06,3.108140707015991,ok,True,concrete_compressive_strength,rmse,5.053112777644362,4.152365178984297,45.0,12.343741922456132,RT (synthetic-pretrain_rdb_512_size_16b.pt),bs=16 sl=128 d=256 blocks=12 heads=8 full=False qk_norm=True random_sampling=True steps=0 eval_batches=200 ckpt=synthetic-pretrain_rdb_512_size_16b.pt
concrete-compressive-strength,tabarena-concrete-compressive-strength,fold-9,9,regression,1,0,42,nan,nan,15.431772232055664,548,138,344,1.430511474609375e-06,3.095811605453491,ok,True,concrete_compressive_strength,rmse,4.726019680849876,4.135476061798498,45.0,11.296296170257166,RT (synthetic-pretrain_rdb_512_size_16b.pt),bs=16 sl=128 d=256 blocks=12 heads=8 full=False qk_norm=True random_sampling=True steps=0 eval_batches=200 ckpt=synthetic-pretrain_rdb_512_size_16b.pt
concrete-compressive-strength,tabarena-concrete-compressive-strength,fold-10,10,regression,1,0,42,nan,nan,15.623067855834961,549,138,343,9.5367431640625e-07,3.091705799102783,ok,True,concrete_compressive_strength,rmse,3.828762467454686,3.4796887181700407,45.0,12.14337913766492,RT (synthetic-pretrain_rdb_512_size_16b.pt),bs=16 sl=128 d=256 blocks=12 heads=8 full=False qk_norm=True random_sampling=True steps=0 eval_batches=200 ckpt=synthetic-pretrain_rdb_512_size_16b.pt
concrete-compressive-strength,tabarena-concrete-compressive-strength,fold-11,11,regression,1,0,42,nan,nan,15.549768447875977,549,138,343,1.1920928955078125e-06,3.3204684257507324,ok,True,concrete_compressive_strength,rmse,4.93330224301168,4.519660815815444,45.0,11.030107632060533,RT (synthetic-pretrain_rdb_512_size_16b.pt),bs=16 sl=128 d=256 blocks=12 heads=8 full=False qk_norm=True random_sampling=True steps=0 eval_batches=200 ckpt=synthetic-pretrain_rdb_512_size_16b.pt
concrete-compressive-strength,tabarena-concrete-compressive-strength,fold-12,12,regression,1,0,42,nan,nan,14.952287673950195,548,138,344,1.430511474609375e-06,3.096575975418091,ok,True,concrete_compressive_strength,rmse,4.99477937847029,4.591680750036984,45.0,10.360606923913211,RT (synthetic-pretrain_rdb_512_size_16b.pt),bs=16 sl=128 d=256 blocks=12 heads=8 full=False qk_norm=True random_sampling=True steps=0 eval_batches=200 ckpt=synthetic-pretrain_rdb_512_size_16b.pt
concrete-compressive-strength,tabarena-concrete-compressive-strength,fold-13,13,regression,1,0,42,nan,nan,15.726545333862305,549,138,343,1.1920928955078125e-06,3.1116039752960205,ok,True,concrete_compressive_strength,rmse,4.209969269800465,3.6575419978836328,45.0,12.069003335978671,RT (synthetic-pretrain_rdb_512_size_16b.pt),bs=16 sl=128 d=256 blocks=12 heads=8 full=False qk_norm=True random_sampling=True steps=0 eval_batches=200 ckpt=synthetic-pretrain_rdb_512_size_16b.pt
concrete-compressive-strength,tabarena-concrete-compressive-strength,fold-14,14,regression,1,0,42,nan,nan,14.850248336791992,549,138,343,1.430511474609375e-06,3.1022162437438965,ok,True,concrete_compressive_strength,rmse,4.074742784314835,3.634830464629737,45.0,11.215417872162256,RT (synthetic-pretrain_rdb_512_size_16b.pt),bs=16 sl=128 d=256 blocks=12 heads=8 full=False qk_norm=True random_sampling=True steps=0 eval_batches=200 ckpt=synthetic-pretrain_rdb_512_size_16b.pt
concrete-compressive-strength,tabarena-concrete-compressive-strength,fold-15,15,regression,1,0,42,nan,nan,15.367903709411621,548,138,344,1.1920928955078125e-06,3.0892984867095947,ok,True,concrete_compressive_strength,rmse,3.94194617646994,3.5119058766396782,45.0,11.855997832771942,RT (synthetic-pretrain_rdb_512_size_16b.pt),bs=16 sl=128 d=256 blocks=12 heads=8 full=False qk_norm=True random_sampling=True steps=0 eval_batches=200 ckpt=synthetic-pretrain_rdb_512_size_16b.pt
concrete-compressive-strength,tabarena-concrete-compressive-strength,fold-16,16,regression,1,0,42,nan,nan,15.236515045166016,549,138,343,1.1920928955078125e-06,3.0893237590789795,ok,True,concrete_compressive_strength,rmse,4.496490039895541,4.02294171581984,45.0,11.213573329346175,RT (synthetic-pretrain_rdb_512_size_16b.pt),bs=16 sl=128 d=256 blocks=12 heads=8 full=False qk_norm=True random_sampling=True steps=0 eval_batches=200 ckpt=synthetic-pretrain_rdb_512_size_16b.pt
concrete-compressive-strength,tabarena-concrete-compressive-strength,fold-17,17,regression,1,0,42,nan,nan,15.414761543273926,549,138,343,1.1920928955078125e-06,3.0748190879821777,ok,True,concrete_compressive_strength,rmse,5.128943298252113,4.651331474684734,45.0,10.76343006858919,RT (synthetic-pretrain_rdb_512_size_16b.pt),bs=16 sl=128 d=256 blocks=12 heads=8 full=False qk_norm=True random_sampling=True steps=0 eval_batches=200 ckpt=synthetic-pretrain_rdb_512_size_16b.pt
concrete-compressive-strength,tabarena-concrete-compressive-strength,fold-18,18,regression,1,0,42,nan,nan,16.01055908203125,548,138,344,1.430511474609375e-06,3.348475933074951,ok,True,concrete_compressive_strength,rmse,4.471472715059903,4.191752103124165,45.0,11.818806978907084,RT (synthetic-pretrain_rdb_512_size_16b.pt),bs=16 sl=128 d=256 blocks=12 heads=8 full=False qk_norm=True random_sampling=True steps=0 eval_batches=200 ckpt=synthetic-pretrain_rdb_512_size_16b.pt
concrete-compressive-strength,tabarena-concrete-compressive-strength,fold-19,19,regression,1,0,42,nan,nan,15.258270263671875,549,138,343,1.1920928955078125e-06,3.0678346157073975,ok,True,concrete_compressive_strength,rmse,4.433131147432473,3.8920212861380863,45.0,11.36624897753379,RT (synthetic-pretrain_rdb_512_size_16b.pt),bs=16 sl=128 d=256 blocks=12 heads=8 full=False qk_norm=True random_sampling=True steps=0 eval_batches=200 ckpt=synthetic-pretrain_rdb_512_size_16b.pt
concrete-compressive-strength,tabarena-concrete-compressive-strength,fold-20,20,regression,1,0,42,nan,nan,15.03950309753418,549,138,343,1.1920928955078125e-06,3.0584146976470947,ok,True,concrete_compressive_strength,rmse,4.887172630597362,4.446104138080729,45.0,10.59339895945345,RT (synthetic-pretrain_rdb_512_size_16b.pt),bs=16 sl=128 d=256 blocks=12 heads=8 full=False qk_norm=True random_sampling=True steps=0 eval_batches=200 ckpt=synthetic-pretrain_rdb_512_size_16b.pt
concrete-compressive-strength,tabarena-concrete-compressive-strength,fold-21,21,regression,1,0,42,nan,nan,16.318025588989258,548,138,344,1.9073486328125e-06,3.0699167251586914,ok,True,concrete_compressive_strength,rmse,4.547477194838068,4.0285009670500855,45.0,12.289524621939172,RT (synthetic-pretrain_rdb_512_size_16b.pt),bs=16 sl=128 d=256 blocks=12 heads=8 full=False qk_norm=True random_sampling=True steps=0 eval_batches=200 ckpt=synthetic-pretrain_rdb_512_size_16b.pt
concrete-compressive-strength,tabarena-concrete-compressive-strength,fold-22,22,regression,1,0,42,nan,nan,15.253951072692871,549,138,343,1.1920928955078125e-06,3.0902323722839355,ok,True,concrete_compressive_strength,rmse,4.71247794026212,4.150773060379446,45.0,11.103178012313425,RT (synthetic-pretrain_rdb_512_size_16b.pt),bs=16 sl=128 d=256 blocks=12 heads=8 full=False qk_norm=True random_sampling=True steps=0 eval_batches=200 ckpt=synthetic-pretrain_rdb_512_size_16b.pt
concrete-compressive-strength,tabarena-concrete-compressive-strength,fold-23,23,regression,1,0,42,nan,nan,14.67011833190918,549,138,343,1.430511474609375e-06,3.0755269527435303,ok,True,concrete_compressive_strength,rmse,4.36238499271912,4.050891528311244,45.0,10.619226803597936,RT (synthetic-pretrain_rdb_512_size_16b.pt),bs=16 sl=128 d=256 blocks=12 heads=8 full=False qk_norm=True random_sampling=True steps=0 eval_batches=200 ckpt=synthetic-pretrain_rdb_512_size_16b.pt
concrete-compressive-strength,tabarena-concrete-compressive-strength,fold-24,24,regression,1,0,42,nan,nan,14.84793758392334,548,138,344,1.1920928955078125e-06,3.3361594676971436,ok,True,concrete_compressive_strength,rmse,4.645693698876255,4.136710158675941,45.0,10.7112274252474,RT (synthetic-pretrain_rdb_512_size_16b.pt),bs=16 sl=128 d=256 blocks=12 heads=8 full=False qk_norm=True random_sampling=True steps=0 eval_batches=200 ckpt=synthetic-pretrain_rdb_512_size_16b.pt
concrete-compressive-strength,tabarena-concrete-compressive-strength,fold-25,25,regression,1,0,42,nan,nan,16.071063995361328,549,138,343,1.9073486328125e-06,3.0962469577789307,ok,True,concrete_compressive_strength,rmse,4.226828929807606,3.946970435798181,45.0,12.124093559563146,RT (synthetic-pretrain_rdb_512_size_16b.pt),bs=16 sl=128 d=256 blocks=12 heads=8 full=False qk_norm=True random_sampling=True steps=0 eval_batches=200 ckpt=synthetic-pretrain_rdb_512_size_16b.pt
concrete-compressive-strength,tabarena-concrete-compressive-strength,fold-26,26,regression,1,0,42,nan,nan,14.940223693847656,549,138,343,1.1920928955078125e-06,3.1050682067871094,ok,True,concrete_compressive_strength,rmse,3.7930522554755113,3.496669953187038,45.0,11.443553740660619,RT (synthetic-pretrain_rdb_512_size_16b.pt),bs=16 sl=128 d=256 blocks=12 heads=8 full=False qk_norm=True random_sampling=True steps=0 eval_batches=200 ckpt=synthetic-pretrain_rdb_512_size_16b.pt
concrete-compressive-strength,tabarena-concrete-compressive-strength,fold-27,27,regression,1,0,42,nan,nan,15.07036304473877,548,138,344,1.430511474609375e-06,3.087400436401367,ok,True,concrete_compressive_strength,rmse,5.015703444514498,4.483114877649446,45.0,10.587248167089324,RT (synthetic-pretrain_rdb_512_size_16b.pt),bs=16 sl=128 d=256 blocks=12 heads=8 full=False qk_norm=True random_sampling=True steps=0 eval_batches=200 ckpt=synthetic-pretrain_rdb_512_size_16b.pt
concrete-compressive-strength,tabarena-concrete-compressive-strength,fold-28,28,regression,1,0,42,nan,nan,16.015804290771484,549,138,343,1.430511474609375e-06,3.083716630935669,ok,True,concrete_compressive_strength,rmse,4.633852240839197,3.9037137199223895,45.0,12.112090570849094,RT (synthetic-pretrain_rdb_512_size_16b.pt),bs=16 sl=128 d=256 blocks=12 heads=8 full=False qk_norm=True random_sampling=True steps=0 eval_batches=200 ckpt=synthetic-pretrain_rdb_512_size_16b.pt
concrete-compressive-strength,tabarena-concrete-compressive-strength,fold-29,29,regression,1,0,42,nan,nan,15.275782585144043,549,138,343,1.1920928955078125e-06,3.1045937538146973,ok,True,concrete_compressive_strength,rmse,3.958657908835548,3.451051183623718,45.0,11.824731401520324,RT (synthetic-pretrain_rdb_512_size_16b.pt),bs=16 sl=128 d=256 blocks=12 heads=8 full=False qk_norm=True random_sampling=True steps=0 eval_batches=200 ckpt=synthetic-pretrain_rdb_512_size_16b.pt
credit-card-clients-default,tabarena-credit-card-clients-default,fold-0,0,binary_classification,1,0,42,nan,nan,0.4026547468651569,10000,4000,10000,1.6689300537109375e-06,26.721558332443237,ok,True,credit_card_clients_default,roc_auc,0.211100056794382,0.2071689149904662,45.0,0.1954858318746907,RT (synthetic-pretrain_rdb_512_size_16b.pt),bs=16 sl=128 d=256 blocks=12 heads=8 full=False qk_norm=True random_sampling=True steps=0 eval_batches=200 ckpt=synthetic-pretrain_rdb_512_size_16b.pt
credit-card-clients-default,tabarena-credit-card-clients-default,fold-1,1,binary_classification,1,0,42,nan,nan,0.4429336924140639,10000,4000,10000,1.430511474609375e-06,26.71807289123535,ok,True,credit_card_clients_default,roc_auc,0.2206708157215022,0.2163141223898035,45.0,0.2266195700242604,RT (synthetic-pretrain_rdb_512_size_16b.pt),bs=16 sl=128 d=256 blocks=12 heads=8 full=False qk_norm=True random_sampling=True steps=0 eval_batches=200 ckpt=synthetic-pretrain_rdb_512_size_16b.pt
credit-card-clients-default,tabarena-credit-card-clients-default,fold-2,2,binary_classification,1,0,42,nan,nan,0.45591080101749026,10000,4000,10000,1.1920928955078125e-06,26.864315509796143,ok,True,credit_card_clients_default,roc_auc,0.2162297783207996,0.2096409566440139,45.0,0.24626984437347638,RT (synthetic-pretrain_rdb_512_size_16b.pt),bs=16 sl=128 d=256 blocks=12 heads=8 full=False qk_norm=True random_sampling=True steps=0 eval_batches=200 ckpt=synthetic-pretrain_rdb_512_size_16b.pt
credit-card-clients-default,tabarena-credit-card-clients-default,fold-3,3,binary_classification,1,0,42,nan,nan,0.43951871330346226,10000,4000,10000,1.430511474609375e-06,26.859710693359375,ok,True,credit_card_clients_default,roc_auc,0.2156870564535229,0.209265878046719,45.0,0.23025283525674325,RT (synthetic-pretrain_rdb_512_size_16b.pt),bs=16 sl=128 d=256 blocks=12 heads=8 full=False qk_norm=True random_sampling=True steps=0 eval_batches=200 ckpt=synthetic-pretrain_rdb_512_size_16b.pt
credit-card-clients-default,tabarena-credit-card-clients-default,fold-4,4,binary_classification,1,0,42,nan,nan,0.42365968642557394,10000,4000,10000,1.1920928955078125e-06,26.754637479782104,ok,True,credit_card_clients_default,roc_auc,0.2164893119288634,0.2123120456565532,45.0,0.21134764076902074,RT (synthetic-pretrain_rdb_512_size_16b.pt),bs=16 sl=128 d=256 blocks=12 heads=8 full=False qk_norm=True random_sampling=True steps=0 eval_batches=200 ckpt=synthetic-pretrain_rdb_512_size_16b.pt
credit-card-clients-default,tabarena-credit-card-clients-default,fold-5,5,binary_classification,1,0,42,nan,nan,0.42035885864885403,10000,4000,10000,9.5367431640625e-07,26.765031814575195,ok,True,credit_card_clients_default,roc_auc,0.2175603306798329,0.2126544431039174,45.0,0.20770441554493663,RT (synthetic-pretrain_rdb_512_size_16b.pt),bs=16 sl=128 d=256 blocks=12 heads=8 full=False qk_norm=True random_sampling=True steps=0 eval_batches=200 ckpt=synthetic-pretrain_rdb_512_size_16b.pt
credit-card-clients-default,tabarena-credit-card-clients-default,fold-6,6,binary_classification,1,0,42,nan,nan,0.4346805136855303,10000,4000,10000,1.1920928955078125e-06,26.803948402404785,ok,True,credit_card_clients_default,roc_auc,0.2216574904034676,0.2160469554403259,45.0,0.2186335582452044,RT (synthetic-pretrain_rdb_512_size_16b.pt),bs=16 sl=128 d=256 blocks=12 heads=8 full=False qk_norm=True random_sampling=True steps=0 eval_batches=200 ckpt=synthetic-pretrain_rdb_512_size_16b.pt
credit-card-clients-default,tabarena-credit-card-clients-default,fold-7,7,binary_classification,1,0,42,nan,nan,0.43021219326286253,10000,4000,10000,1.1920928955078125e-06,26.69865655899048,ok,True,credit_card_clients_default,roc_auc,0.209908587979281,0.2061889158542237,45.0,0.22402327740863884,RT (synthetic-pretrain_rdb_512_size_16b.pt),bs=16 sl=128 d=256 blocks=12 heads=8 full=False qk_norm=True random_sampling=True steps=0 eval_batches=200 ckpt=synthetic-pretrain_rdb_512_size_16b.pt
credit-card-clients-default,tabarena-credit-card-clients-default,fold-8,8,binary_classification,1,0,42,nan,nan,0.4263468573749194,10000,4000,10000,1.1920928955078125e-06,26.844157934188843,ok,True,credit_card_clients_default,roc_auc,0.2156587579444798,0.2130694588791026,45.0,0.21327739849581678,RT (synthetic-pretrain_rdb_512_size_16b.pt),bs=16 sl=128 d=256 blocks=12 heads=8 full=False qk_norm=True random_sampling=True steps=0 eval_batches=200 ckpt=synthetic-pretrain_rdb_512_size_16b.pt
credit-g,tabarena-credit-g,fold-0,0,binary_classification,1,0,42,nan,nan,0.47294871794871796,532,134,334,1.430511474609375e-06,2.95491886138916,ok,True,credit-g,roc_auc,0.2302991452991452,0.2070940170940171,45.0,0.26585470085470086,RT (synthetic-pretrain_rdb_512_size_16b.pt),bs=16 sl=128 d=256 blocks=12 heads=8 full=False qk_norm=True random_sampling=True steps=0 eval_batches=200 ckpt=synthetic-pretrain_rdb_512_size_16b.pt
credit-g,tabarena-credit-g,fold-1,1,binary_classification,1,0,42,nan,nan,0.4785193133047211,533,134,333,1.1920928955078125e-06,2.958109140396118,ok,True,credit-g,roc_auc,0.2458798283261802,0.1821030042918454,45.0,0.2964163090128757,RT (synthetic-pretrain_rdb_512_size_16b.pt),bs=16 sl=128 d=256 blocks=12 heads=8 full=False qk_norm=True random_sampling=True steps=0 eval_batches=200 ckpt=synthetic-pretrain_rdb_512_size_16b.pt
credit-g,tabarena-credit-g,fold-2,2,binary_classification,1,0,42,nan,nan,0.482725321888412,533,134,333,1.1920928955078125e-06,2.962252378463745,ok,True,credit-g,roc_auc,0.2323605150214591,0.2053648068669528,45.0,0.2773605150214592,RT (synthetic-pretrain_rdb_512_size_16b.pt),bs=16 sl=128 d=256 blocks=12 heads=8 full=False qk_norm=True random_sampling=True steps=0 eval_batches=200 ckpt=synthetic-pretrain_rdb_512_size_16b.pt
credit-g,tabarena-credit-g,fold-3,3,binary_classification,1,0,42,nan,nan,0.45326923076923076,532,134,334,1.1920928955078125e-06,2.957245111465454,ok,True,credit-g,roc_auc,0.226923076923077,0.1755555555555555,45.0,0.2777136752136753,RT (synthetic-pretrain_rdb_512_size_16b.pt),bs=16 sl=128 d=256 blocks=12 heads=8 full=False qk_norm=True random_sampling=True steps=0 eval_batches=200 ckpt=synthetic-pretrain_rdb_512_size_16b.pt
credit-g,tabarena-credit-g,fold-4,4,binary_classification,1,0,42,nan,nan,0.5115450643776823,533,134,333,1.430511474609375e-06,2.937309503555298,ok,True,credit-g,roc_auc,0.234077253218884,0.1993991416309013,45.0,0.312145922746781,RT (synthetic-pretrain_rdb_512_size_16b.pt),bs=16 sl=128 d=256 blocks=12 heads=8 full=False qk_norm=True random_sampling=True steps=0 eval_batches=200 ckpt=synthetic-pretrain_rdb_512_size_16b.pt
credit-g,tabarena-credit-g,fold-5,5,binary_classification,1,0,42,nan,nan,0.5258369098712447,533,134,333,1.430511474609375e-06,2.945880651473999,ok,True,credit-g,roc_auc,0.2436051502145924,0.2273390557939913,45.0,0.2984978540772534,RT (synthetic-pretrain_rdb_512_size_16b.pt),bs=16 sl=128 d=256 blocks=12 heads=8 full=False qk_norm=True random_sampling=True steps=0 eval_batches=200 ckpt=synthetic-pretrain_rdb_512_size_16b.pt
credit-g,tabarena-credit-g,fold-6,6,binary_classification,1,0,42,nan,nan,0.5013461538461539,532,134,334,1.1920928955078125e-06,2.9497270584106445,ok,True,credit-g,roc_auc,0.2011111111111111,0.1748290598290597,45.0,0.32651709401709417,RT (synthetic-pretrain_rdb_512_size_16b.pt),bs=16 sl=128 d=256 blocks=12 heads=8 full=False qk_norm=True random_sampling=True steps=0 eval_batches=200 ckpt=synthetic-pretrain_rdb_512_size_16b.pt
credit-g,tabarena-credit-g,fold-7,7,binary_classification,1,0,42,nan,nan,0.5269098712446352,533,134,333,9.5367431640625e-07,3.2792842388153076,ok,True,credit-g,roc_auc,0.2427467811158798,0.2094849785407725,45.0,0.31742489270386265,RT (synthetic-pretrain_rdb_512_size_16b.pt),bs=16 sl=128 d=256 blocks=12 heads=8 full=False qk_norm=True random_sampling=True steps=0 eval_batches=200 ckpt=synthetic-pretrain_rdb_512_size_16b.pt
credit-g,tabarena-credit-g,fold-8,8,binary_classification,1,0,42,nan,nan,0.49379828326180253,533,134,333,1.1920928955078125e-06,2.957493305206299,ok,True,credit-g,roc_auc,0.2155364806866954,0.1909442060085837,45.0,0.30285407725321883,RT (synthetic-pretrain_rdb_512_size_16b.pt),bs=16 sl=128 d=256 blocks=12 heads=8 full=False qk_norm=True random_sampling=True steps=0 eval_batches=200 ckpt=synthetic-pretrain_rdb_512_size_16b.pt
credit-g,tabarena-credit-g,fold-9,9,binary_classification,1,0,42,nan,nan,0.4734615384615385,532,134,334,1.430511474609375e-06,2.961751937866211,ok,True,credit-g,roc_auc,0.198974358974359,0.1623076923076923,45.0,0.3111538461538462,RT (synthetic-pretrain_rdb_512_size_16b.pt),bs=16 sl=128 d=256 blocks=12 heads=8 full=False qk_norm=True random_sampling=True steps=0 eval_batches=200 ckpt=synthetic-pretrain_rdb_512_size_16b.pt
credit-g,tabarena-credit-g,fold-10,10,binary_classification,1,0,42,nan,nan,0.5089914163090128,533,134,333,1.1920928955078125e-06,2.9489476680755615,ok,True,credit-g,roc_auc,0.2164377682403433,0.1954506437768239,45.0,0.3135407725321889,RT (synthetic-pretrain_rdb_512_size_16b.pt),bs=16 sl=128 d=256 blocks=12 heads=8 full=False qk_norm=True random_sampling=True steps=0 eval_batches=200 ckpt=synthetic-pretrain_rdb_512_size_16b.pt
credit-g,tabarena-credit-g,fold-11,11,binary_classification,1,0,42,nan,nan,0.5080686695278971,533,134,333,1.1920928955078125e-06,2.9384889602661133,ok,True,credit-g,roc_auc,0.2297424892703863,0.2103004291845494,45.0,0.2977682403433477,RT (synthetic-pretrain_rdb_512_size_16b.pt),bs=16 sl=128 d=256 blocks=12 heads=8 full=False qk_norm=True random_sampling=True steps=0 eval_batches=200 ckpt=synthetic-pretrain_rdb_512_size_16b.pt
credit-g,tabarena-credit-g,fold-12,12,binary_classification,1,0,42,nan,nan,0.5041239316239315,532,134,334,1.1920928955078125e-06,2.9391684532165527,ok,True,credit-g,roc_auc,0.2064529914529914,0.1903418803418801,45.0,0.31378205128205144,RT (synthetic-pretrain_rdb_512_size_16b.pt),bs=16 sl=128 d=256 blocks=12 heads=8 full=False qk_norm=True random_sampling=True steps=0 eval_batches=200 ckpt=synthetic-pretrain_rdb_512_size_16b.pt
credit-g,tabarena-credit-g,fold-13,13,binary_classification,1,0,42,nan,nan,0.5163519313304721,533,134,333,9.5367431640625e-07,2.937211275100708,ok,True,credit-g,roc_auc,0.2316738197424892,0.1973390557939915,45.0,0.3190128755364806,RT (synthetic-pretrain_rdb_512_size_16b.pt),bs=16 sl=128 d=256 blocks=12 heads=8 full=False qk_norm=True random_sampling=True steps=0 eval_batches=200 ckpt=synthetic-pretrain_rdb_512_size_16b.pt
credit-g,tabarena-credit-g,fold-14,14,binary_classification,1,0,42,nan,nan,0.4819527896995708,533,134,333,1.430511474609375e-06,2.9506032466888428,ok,True,credit-g,roc_auc,0.2388412017167381,0.2023605150214592,45.0,0.2795922746781116,RT (synthetic-pretrain_rdb_512_size_16b.pt),bs=16 sl=128 d=256 blocks=12 heads=8 full=False qk_norm=True random_sampling=True steps=0 eval_batches=200 ckpt=synthetic-pretrain_rdb_512_size_16b.pt
credit-g,tabarena-credit-g,fold-15,15,binary_classification,1,0,42,nan,nan,0.4592094017094017,532,134,334,1.1920928955078125e-06,3.3064143657684326,ok,True,credit-g,roc_auc,0.2076068376068376,0.1582051282051282,45.0,0.3010042735042735,RT (synthetic-pretrain_rdb_512_size_16b.pt),bs=16 sl=128 d=256 blocks=12 heads=8 full=False qk_norm=True random_sampling=True steps=0 eval_batches=200 ckpt=synthetic-pretrain_rdb_512_size_16b.pt
credit-g,tabarena-credit-g,fold-16,16,binary_classification,1,0,42,nan,nan,0.49519313304721035,533,134,333,1.6689300537109375e-06,2.940507173538208,ok,True,credit-g,roc_auc,0.2385407725321888,0.2258369098712446,45.0,0.26935622317596575,RT (synthetic-pretrain_rdb_512_size_16b.pt),bs=16 sl=128 d=256 blocks=12 heads=8 full=False qk_norm=True random_sampling=True steps=0 eval_batches=200 ckpt=synthetic-pretrain_rdb_512_size_16b.pt
credit-g,tabarena-credit-g,fold-17,17,binary_classification,1,0,42,nan,nan,0.4966523605150215,533,134,333,1.1920928955078125e-06,2.971266984939575,ok,True,credit-g,roc_auc,0.2303433476394849,0.1841630901287554,45.0,0.31248927038626606,RT (synthetic-pretrain_rdb_512_size_16b.pt),bs=16 sl=128 d=256 blocks=12 heads=8 full=False qk_norm=True random_sampling=True steps=0 eval_batches=200 ckpt=synthetic-pretrain_rdb_512_size_16b.pt
credit-g,tabarena-credit-g,fold-18,18,binary_classification,1,0,42,nan,nan,0.5398931623931624,532,134,334,1.6689300537109375e-06,2.957479953765869,ok,True,credit-g,roc_auc,0.2645726495726496,0.2229487179487179,45.0,0.31694444444444453,RT (synthetic-pretrain_rdb_512_size_16b.pt),bs=16 sl=128 d=256 blocks=12 heads=8 full=False qk_norm=True random_sampling=True steps=0 eval_batches=200 ckpt=synthetic-pretrain_rdb_512_size_16b.pt
credit-g,tabarena-credit-g,fold-19,19,binary_classification,1,0,42,nan,nan,0.46150214592274663,533,134,333,1.1920928955078125e-06,2.943549871444702,ok,True,credit-g,roc_auc,0.239656652360515,0.1841630901287553,45.0,0.2773390557939913,RT (synthetic-pretrain_rdb_512_size_16b.pt),bs=16 sl=128 d=256 blocks=12 heads=8 full=False qk_norm=True random_sampling=True steps=0 eval_batches=200 ckpt=synthetic-pretrain_rdb_512_size_16b.pt
credit-g,tabarena-credit-g,fold-20,20,binary_classification,1,0,42,nan,nan,0.4920386266094421,533,134,333,1.1920928955078125e-06,2.9522032737731934,ok,True,credit-g,roc_auc,0.2117596566523605,0.1862231759656653,45.0,0.3058154506437768,RT (synthetic-pretrain_rdb_512_size_16b.pt),bs=16 sl=128 d=256 blocks=12 heads=8 full=False qk_norm=True random_sampling=True steps=0 eval_batches=200 ckpt=synthetic-pretrain_rdb_512_size_16b.pt
credit-g,tabarena-credit-g,fold-21,21,binary_classification,1,0,42,nan,nan,0.40230769230769226,532,134,334,1.430511474609375e-06,2.9400634765625,ok,True,credit-g,roc_auc,0.2242735042735043,0.1873076923076923,45.0,0.21499999999999997,RT (synthetic-pretrain_rdb_512_size_16b.pt),bs=16 sl=128 d=256 blocks=12 heads=8 full=False qk_norm=True random_sampling=True steps=0 eval_batches=200 ckpt=synthetic-pretrain_rdb_512_size_16b.pt
credit-g,tabarena-credit-g,fold-22,22,binary_classification,1,0,42,nan,nan,0.4746781115879828,533,134,333,1.430511474609375e-06,2.9495885372161865,ok,True,credit-g,roc_auc,0.2640343347639485,0.1986266094420601,45.0,0.27605150214592267,RT (synthetic-pretrain_rdb_512_size_16b.pt),bs=16 sl=128 d=256 blocks=12 heads=8 full=False qk_norm=True random_sampling=True steps=0 eval_batches=200 ckpt=synthetic-pretrain_rdb_512_size_16b.pt
credit-g,tabarena-credit-g,fold-23,23,binary_classification,1,0,42,nan,nan,0.45781115879828327,533,134,333,9.5367431640625e-07,2.945211410522461,ok,True,credit-g,roc_auc,0.2186695278969957,0.1817167381974248,45.0,0.2760944206008585,RT (synthetic-pretrain_rdb_512_size_16b.pt),bs=16 sl=128 d=256 blocks=12 heads=8 full=False qk_norm=True random_sampling=True steps=0 eval_batches=200 ckpt=synthetic-pretrain_rdb_512_size_16b.pt
credit-g,tabarena-credit-g,fold-24,24,binary_classification,1,0,42,nan,nan,0.42209401709401706,532,134,334,1.1920928955078125e-06,3.295076847076416,ok,True,credit-g,roc_auc,0.2744444444444445,0.2165811965811965,45.0,0.20551282051282055,RT (synthetic-pretrain_rdb_512_size_16b.pt),bs=16 sl=128 d=256 blocks=12 heads=8 full=False qk_norm=True random_sampling=True steps=0 eval_batches=200 ckpt=synthetic-pretrain_rdb_512_size_16b.pt
credit-g,tabarena-credit-g,fold-25,25,binary_classification,1,0,42,nan,nan,0.4992918454935622,533,134,333,1.1920928955078125e-06,2.961381196975708,ok,True,credit-g,roc_auc,0.1972103004291847,0.173175965665236,45.0,0.32611587982832624,RT (synthetic-pretrain_rdb_512_size_16b.pt),bs=16 sl=128 d=256 blocks=12 heads=8 full=False qk_norm=True random_sampling=True steps=0 eval_batches=200 ckpt=synthetic-pretrain_rdb_512_size_16b.pt
credit-g,tabarena-credit-g,fold-26,26,binary_classification,1,0,42,nan,nan,0.4516309012875537,533,134,333,1.430511474609375e-06,2.9630062580108643,ok,True,credit-g,roc_auc,0.2225321888412018,0.2048068669527897,45.0,0.24682403433476396,RT (synthetic-pretrain_rdb_512_size_16b.pt),bs=16 sl=128 d=256 blocks=12 heads=8 full=False qk_norm=True random_sampling=True steps=0 eval_batches=200 ckpt=synthetic-pretrain_rdb_512_size_16b.pt
credit-g,tabarena-credit-g,fold-27,27,binary_classification,1,0,42,nan,nan,0.45111111111111113,532,134,334,1.1920928955078125e-06,2.9374001026153564,ok,True,credit-g,roc_auc,0.2277777777777778,0.2001282051282051,45.0,0.25098290598290607,RT (synthetic-pretrain_rdb_512_size_16b.pt),bs=16 sl=128 d=256 blocks=12 heads=8 full=False qk_norm=True random_sampling=True steps=0 eval_batches=200 ckpt=synthetic-pretrain_rdb_512_size_16b.pt
credit-g,tabarena-credit-g,fold-28,28,binary_classification,1,0,42,nan,nan,0.5203433476394851,533,134,333,1.430511474609375e-06,2.9489095211029053,ok,True,credit-g,roc_auc,0.2346781115879828,0.1849356223175965,45.0,0.33540772532188856,RT (synthetic-pretrain_rdb_512_size_16b.pt),bs=16 sl=128 d=256 blocks=12 heads=8 full=False qk_norm=True random_sampling=True steps=0 eval_batches=200 ckpt=synthetic-pretrain_rdb_512_size_16b.pt
credit-g,tabarena-credit-g,fold-29,29,binary_classification,1,0,42,nan,nan,0.43618025751072953,533,134,333,1.1920928955078125e-06,2.9330756664276123,ok,True,credit-g,roc_auc,0.2067811158798282,0.1931759656652361,45.0,0.24300429184549344,RT (synthetic-pretrain_rdb_512_size_16b.pt),bs=16 sl=128 d=256 blocks=12 heads=8 full=False qk_norm=True random_sampling=True steps=0 eval_batches=200 ckpt=synthetic-pretrain_rdb_512_size_16b.pt
customer-satisfaction-in-airline,tabarena-customer-satisfaction-in-airline,fold-0,0,binary_classification,1,0,42,nan,nan,0.4803771797166876,10000,17318,43294,1.1920928955078125e-06,26.899614095687866,ok,True,customer_satisfaction_in_airline,roc_auc,0.005735930711694,0.0043975257762043,45.0,0.4759796539404833,RT (synthetic-pretrain_rdb_512_size_16b.pt),bs=16 sl=128 d=256 blocks=12 heads=8 full=False qk_norm=True random_sampling=True steps=0 eval_batches=200 ckpt=synthetic-pretrain_rdb_512_size_16b.pt
customer-satisfaction-in-airline,tabarena-customer-satisfaction-in-airline,fold-1,1,binary_classification,1,0,42,nan,nan,0.479966302990501,10000,17318,43293,1.430511474609375e-06,26.866246700286865,ok,True,customer_satisfaction_in_airline,roc_auc,0.0053696884935203,0.0042864768166372,45.0,0.47567982617386384,RT (synthetic-pretrain_rdb_512_size_16b.pt),bs=16 sl=128 d=256 blocks=12 heads=8 full=False qk_norm=True random_sampling=True steps=0 eval_batches=200 ckpt=synthetic-pretrain_rdb_512_size_16b.pt
customer-satisfaction-in-airline,tabarena-customer-satisfaction-in-airline,fold-2,2,binary_classification,1,0,42,nan,nan,0.4853135029576644,10000,17318,43293,1.1920928955078125e-06,26.959479808807373,ok,True,customer_satisfaction_in_airline,roc_auc,0.0058168519107001,0.0046332560840987,45.0,0.4806802468735657,RT (synthetic-pretrain_rdb_512_size_16b.pt),bs=16 sl=128 d=256 blocks=12 heads=8 full=False qk_norm=True random_sampling=True steps=0 eval_batches=200 ckpt=synthetic-pretrain_rdb_512_size_16b.pt
customer-satisfaction-in-airline,tabarena-customer-satisfaction-in-airline,fold-3,3,binary_classification,1,0,42,nan,nan,0.4688800772963293,10000,17318,43294,1.1920928955078125e-06,26.584352493286133,ok,True,customer_satisfaction_in_airline,roc_auc,0.005995178131076,0.0046807754329269,45.0,0.4641993018634024,RT (synthetic-pretrain_rdb_512_size_16b.pt),bs=16 sl=128 d=256 blocks=12 heads=8 full=False qk_norm=True random_sampling=True steps=0 eval_batches=200 ckpt=synthetic-pretrain_rdb_512_size_16b.pt
customer-satisfaction-in-airline,tabarena-customer-satisfaction-in-airline,fold-4,4,binary_classification,1,0,42,nan,nan,0.46227877580924315,10000,17318,43293,1.6689300537109375e-06,26.95552372932434,ok,True,customer_satisfaction_in_airline,roc_auc,0.0055736291024439,0.0044161772701019,45.0,0.45786259853914124,RT (synthetic-pretrain_rdb_512_size_16b.pt),bs=16 sl=128 d=256 blocks=12 heads=8 full=False qk_norm=True random_sampling=True steps=0 eval_batches=200 ckpt=synthetic-pretrain_rdb_512_size_16b.pt
customer-satisfaction-in-airline,tabarena-customer-satisfaction-in-airline,fold-5,5,binary_classification,1,0,42,nan,nan,0.4753517360701507,10000,17318,43293,1.1920928955078125e-06,26.857362985610962,ok,True,customer_satisfaction_in_airline,roc_auc,0.0054713596421648,0.0042385962919032,45.0,0.4711131397782475,RT (synthetic-pretrain_rdb_512_size_16b.pt),bs=16 sl=128 d=256 blocks=12 heads=8 full=False qk_norm=True random_sampling=True steps=0 eval_batches=200 ckpt=synthetic-pretrain_rdb_512_size_16b.pt
customer-satisfaction-in-airline,tabarena-customer-satisfaction-in-airline,fold-6,6,binary_classification,1,0,42,nan,nan,0.4887557700575942,10000,17318,43294,1.1920928955078125e-06,26.484272003173828,ok,True,customer_satisfaction_in_airline,roc_auc,0.0056414237190486,0.004474264459388,45.0,0.4842815055982062,RT (synthetic-pretrain_rdb_512_size_16b.pt),bs=16 sl=128 d=256 blocks=12 heads=8 full=False qk_norm=True random_sampling=True steps=0 eval_batches=200 ckpt=synthetic-pretrain_rdb_512_size_16b.pt
customer-satisfaction-in-airline,tabarena-customer-satisfaction-in-airline,fold-7,7,binary_classification,1,0,42,nan,nan,0.48260251632132434,10000,17318,43293,1.1920928955078125e-06,27.040606260299683,ok,True,customer_satisfaction_in_airline,roc_auc,0.0054648905010573,0.0042641941054172,45.0,0.47833832221590716,RT (synthetic-pretrain_rdb_512_size_16b.pt),bs=16 sl=128 d=256 blocks=12 heads=8 full=False qk_norm=True random_sampling=True steps=0 eval_batches=200 ckpt=synthetic-pretrain_rdb_512_size_16b.pt
customer-satisfaction-in-airline,tabarena-customer-satisfaction-in-airline,fold-8,8,binary_classification,1,0,42,nan,nan,0.4827315087884865,10000,17318,43293,1.430511474609375e-06,26.87161684036255,ok,True,customer_satisfaction_in_airline,roc_auc,0.0056997991341516,0.0045256910148469,45.0,0.4782058177736396,RT (synthetic-pretrain_rdb_512_size_16b.pt),bs=16 sl=128 d=256 blocks=12 heads=8 full=False qk_norm=True random_sampling=True steps=0 eval_batches=200 ckpt=synthetic-pretrain_rdb_512_size_16b.pt
diabetes,tabarena-diabetes,fold-0,0,binary_classification,1,0,42,nan,nan,0.3638219544846051,409,103,256,1.1920928955078125e-06,2.3000683784484863,ok,True,diabetes,roc_auc,0.1825970548862114,0.1514056224899598,45.0,0.21241633199464527,RT (synthetic-pretrain_rdb_512_size_16b.pt),bs=16 sl=128 d=256 blocks=12 heads=8 full=False qk_norm=True random_sampling=True steps=0 eval_batches=200 ckpt=synthetic-pretrain_rdb_512_size_16b.pt
diabetes,tabarena-diabetes,fold-1,1,binary_classification,1,0,42,nan,nan,0.359315077709749,409,103,256,1.6689300537109375e-06,2.2987804412841797,ok,True,diabetes,roc_auc,0.1743927874587902,0.15750521429052,45.0,0.20180986341922902,RT (synthetic-pretrain_rdb_512_size_16b.pt),bs=16 sl=128 d=256 blocks=12 heads=8 full=False qk_norm=True random_sampling=True steps=0 eval_batches=200 ckpt=synthetic-pretrain_rdb_512_size_16b.pt
diabetes,tabarena-diabetes,fold-2,2,binary_classification,1,0,42,nan,nan,0.4079930027585279,409,103,256,1.1920928955078125e-06,2.30364727973938,ok,True,diabetes,roc_auc,0.1510462221624168,0.1445872300343134,45.0,0.2634057727242145,RT (synthetic-pretrain_rdb_512_size_16b.pt),bs=16 sl=128 d=256 blocks=12 heads=8 full=False qk_norm=True random_sampling=True steps=0 eval_batches=200 ckpt=synthetic-pretrain_rdb_512_size_16b.pt
diabetes,tabarena-diabetes,fold-3,3,binary_classification,1,0,42,nan,nan,0.32802933458924854,409,103,256,1.1920928955078125e-06,2.2994892597198486,ok,True,diabetes,roc_auc,0.1690775751867053,0.1532665007064523,45.0,0.17476283388279623,RT (synthetic-pretrain_rdb_512_size_16b.pt),bs=16 sl=128 d=256 blocks=12 heads=8 full=False qk_norm=True random_sampling=True steps=0 eval_batches=200 ckpt=synthetic-pretrain_rdb_512_size_16b.pt
diabetes,tabarena-diabetes,fold-4,4,binary_classification,1,0,42,nan,nan,0.34232658278947725,409,103,256,1.1920928955078125e-06,2.2973852157592773,ok,True,diabetes,roc_auc,0.1394065800982304,0.1348314606741573,45.0,0.20749512211531995,RT (synthetic-pretrain_rdb_512_size_16b.pt),bs=16 sl=128 d=256 blocks=12 heads=8 full=False qk_norm=True random_sampling=True steps=0 eval_batches=200 ckpt=synthetic-pretrain_rdb_512_size_16b.pt
diabetes,tabarena-diabetes,fold-5,5,binary_classification,1,0,42,nan,nan,0.3489290495314592,409,103,256,9.5367431640625e-07,2.3014132976531982,ok,True,diabetes,roc_auc,0.1901606425702811,0.1702141900937082,45.0,0.178714859437751,RT (synthetic-pretrain_rdb_512_size_16b.pt),bs=16 sl=128 d=256 blocks=12 heads=8 full=False qk_norm=True random_sampling=True steps=0 eval_batches=200 ckpt=synthetic-pretrain_rdb_512_size_16b.pt
diabetes,tabarena-diabetes,fold-6,6,binary_classification,1,0,42,nan,nan,0.32947587970127157,409,103,256,1.430511474609375e-06,2.297356367111206,ok,True,diabetes,roc_auc,0.1533337818744533,0.1297180919060755,45.0,0.19975778779519607,RT (synthetic-pretrain_rdb_512_size_16b.pt),bs=16 sl=128 d=256 blocks=12 heads=8 full=False qk_norm=True random_sampling=True steps=0 eval_batches=200 ckpt=synthetic-pretrain_rdb_512_size_16b.pt
diabetes,tabarena-diabetes,fold-7,7,binary_classification,1,0,42,nan,nan,0.2803606270604857,409,103,256,1.430511474609375e-06,2.729480028152466,ok,True,diabetes,roc_auc,0.1597254928345555,0.1371190203861939,45.0,0.1432416066742918,RT (synthetic-pretrain_rdb_512_size_16b.pt),bs=16 sl=128 d=256 blocks=12 heads=8 full=False qk_norm=True random_sampling=True steps=0 eval_batches=200 ckpt=synthetic-pretrain_rdb_512_size_16b.pt
diabetes,tabarena-diabetes,fold-8,8,binary_classification,1,0,42,nan,nan,0.34521419009370813,409,103,256,1.6689300537109375e-06,2.313296318054199,ok,True,diabetes,roc_auc,0.2194779116465863,0.2052878179384203,45.0,0.13992637215528783,RT (synthetic-pretrain_rdb_512_size_16b.pt),bs=16 sl=128 d=256 blocks=12 heads=8 full=False qk_norm=True random_sampling=True steps=0 eval_batches=200 ckpt=synthetic-pretrain_rdb_512_size_16b.pt
diabetes,tabarena-diabetes,fold-9,9,binary_classification,1,0,42,nan,nan,0.3552445670456841,409,103,256,1.6689300537109375e-06,2.3157436847686768,ok,True,diabetes,roc_auc,0.1896656125950346,0.1746619121307946,45.0,0.18058265491488948,RT (synthetic-pretrain_rdb_512_size_16b.pt),bs=16 sl=128 d=256 blocks=12 heads=8 full=False qk_norm=True random_sampling=True steps=0 eval_batches=200 ckpt=synthetic-pretrain_rdb_512_size_16b.pt
diabetes,tabarena-diabetes,fold-10,10,binary_classification,1,0,42,nan,nan,0.3146067415730337,409,103,256,1.430511474609375e-06,2.3032517433166504,ok,True,diabetes,roc_auc,0.1330821503061292,0.1141088609298257,45.0,0.200497880643208,RT (synthetic-pretrain_rdb_512_size_16b.pt),bs=16 sl=128 d=256 blocks=12 heads=8 full=False qk_norm=True random_sampling=True steps=0 eval_batches=200 ckpt=synthetic-pretrain_rdb_512_size_16b.pt
diabetes,tabarena-diabetes,fold-11,11,binary_classification,1,0,42,nan,nan,0.3186077643908968,409,103,256,1.430511474609375e-06,2.2997567653656006,ok,True,diabetes,roc_auc,0.1721552878179384,0.1692101740294511,45.0,0.14939759036144568,RT (synthetic-pretrain_rdb_512_size_16b.pt),bs=16 sl=128 d=256 blocks=12 heads=8 full=False qk_norm=True random_sampling=True steps=0 eval_batches=200 ckpt=synthetic-pretrain_rdb_512_size_16b.pt
diabetes,tabarena-diabetes,fold-12,12,binary_classification,1,0,42,nan,nan,0.33721321402139537,409,103,256,1.430511474609375e-06,2.307344436645508,ok,True,diabetes,roc_auc,0.1941061696831056,0.1760748166588172,45.0,0.16113839736257818,RT (synthetic-pretrain_rdb_512_size_16b.pt),bs=16 sl=128 d=256 blocks=12 heads=8 full=False qk_norm=True random_sampling=True steps=0 eval_batches=200 ckpt=synthetic-pretrain_rdb_512_size_16b.pt
diabetes,tabarena-diabetes,fold-13,13,binary_classification,1,0,42,nan,nan,0.33277265693332436,409,103,256,2.384185791015625e-06,2.3058183193206787,ok,True,diabetes,roc_auc,0.1782950952028525,0.1581107448025297,45.0,0.17466191213079466,RT (synthetic-pretrain_rdb_512_size_16b.pt),bs=16 sl=128 d=256 blocks=12 heads=8 full=False qk_norm=True random_sampling=True steps=0 eval_batches=200 ckpt=synthetic-pretrain_rdb_512_size_16b.pt
diabetes,tabarena-diabetes,fold-14,14,binary_classification,1,0,42,nan,nan,0.30612449799196784,409,103,256,1.6689300537109375e-06,2.2952959537506104,ok,True,diabetes,roc_auc,0.1339357429718874,0.1220214190093706,45.0,0.18410307898259726,RT (synthetic-pretrain_rdb_512_size_16b.pt),bs=16 sl=128 d=256 blocks=12 heads=8 full=False qk_norm=True random_sampling=True steps=0 eval_batches=200 ckpt=synthetic-pretrain_rdb_512_size_16b.pt
diabetes,tabarena-diabetes,fold-15,15,binary_classification,1,0,42,nan,nan,0.317567112965081,409,103,256,9.5367431640625e-07,2.293964385986328,ok,True,diabetes,roc_auc,0.1307945905940927,0.1112830518737805,45.0,0.20628406109130049,RT (synthetic-pretrain_rdb_512_size_16b.pt),bs=16 sl=128 d=256 blocks=12 heads=8 full=False qk_norm=True random_sampling=True steps=0 eval_batches=200 ckpt=synthetic-pretrain_rdb_512_size_16b.pt
diabetes,tabarena-diabetes,fold-16,16,binary_classification,1,0,42,nan,nan,0.30047769629280763,409,103,256,1.430511474609375e-06,2.2901856899261475,ok,True,diabetes,roc_auc,0.2201439816995223,0.1929623898270873,45.0,0.10751530646572033,RT (synthetic-pretrain_rdb_512_size_16b.pt),bs=16 sl=128 d=256 blocks=12 heads=8 full=False qk_norm=True random_sampling=True steps=0 eval_batches=200 ckpt=synthetic-pretrain_rdb_512_size_16b.pt
diabetes,tabarena-diabetes,fold-17,17,binary_classification,1,0,42,nan,nan,0.268239625167336,409,103,256,1.430511474609375e-06,2.2859256267547607,ok,True,diabetes,roc_auc,0.1684738955823292,0.1572958500669343,45.0,0.11094377510040171,RT (synthetic-pretrain_rdb_512_size_16b.pt),bs=16 sl=128 d=256 blocks=12 heads=8 full=False qk_norm=True random_sampling=True steps=0 eval_batches=200 ckpt=synthetic-pretrain_rdb_512_size_16b.pt
diabetes,tabarena-diabetes,fold-18,18,binary_classification,1,0,42,nan,nan,0.33489201372535815,409,103,256,1.1920928955078125e-06,2.713961124420166,ok,True,diabetes,roc_auc,0.1470766332503532,0.1202314472179236,45.0,0.21466056650743454,RT (synthetic-pretrain_rdb_512_size_16b.pt),bs=16 sl=128 d=256 blocks=12 heads=8 full=False qk_norm=True random_sampling=True steps=0 eval_batches=200 ckpt=synthetic-pretrain_rdb_512_size_16b.pt
diabetes,tabarena-diabetes,fold-19,19,binary_classification,1,0,42,nan,nan,0.3287021462692592,409,103,256,1.430511474609375e-06,2.2860779762268066,ok,True,diabetes,roc_auc,0.2214223238915427,0.1883872704030141,45.0,0.1403148758662451,RT (synthetic-pretrain_rdb_512_size_16b.pt),bs=16 sl=128 d=256 blocks=12 heads=8 full=False qk_norm=True random_sampling=True steps=0 eval_batches=200 ckpt=synthetic-pretrain_rdb_512_size_16b.pt
diabetes,tabarena-diabetes,fold-20,20,binary_classification,1,0,42,nan,nan,0.32453145917001336,409,103,256,1.1920928955078125e-06,2.3155267238616943,ok,True,diabetes,roc_auc,0.1534136546184739,0.1396921017402945,45.0,0.18483935742971885,RT (synthetic-pretrain_rdb_512_size_16b.pt),bs=16 sl=128 d=256 blocks=12 heads=8 full=False qk_norm=True random_sampling=True steps=0 eval_batches=200 ckpt=synthetic-pretrain_rdb_512_size_16b.pt
diabetes,tabarena-diabetes,fold-21,21,binary_classification,1,0,42,nan,nan,0.26973020251631574,409,103,256,1.9073486328125e-06,2.3172249794006348,ok,True,diabetes,roc_auc,0.1850232120029603,0.1795734373948732,45.0,0.09015676512144255,RT (synthetic-pretrain_rdb_512_size_16b.pt),bs=16 sl=128 d=256 blocks=12 heads=8 full=False qk_norm=True random_sampling=True steps=0 eval_batches=200 ckpt=synthetic-pretrain_rdb_512_size_16b.pt
diabetes,tabarena-diabetes,fold-22,22,binary_classification,1,0,42,nan,nan,0.3203256408531252,409,103,256,1.1920928955078125e-06,2.311544179916382,ok,True,diabetes,roc_auc,0.1628877077306062,0.1371190203861939,45.0,0.1832066204669313,RT (synthetic-pretrain_rdb_512_size_16b.pt),bs=16 sl=128 d=256 blocks=12 heads=8 full=False qk_norm=True random_sampling=True steps=0 eval_batches=200 ckpt=synthetic-pretrain_rdb_512_size_16b.pt
diabetes,tabarena-diabetes,fold-23,23,binary_classification,1,0,42,nan,nan,0.3271084337349397,409,103,256,1.430511474609375e-06,2.3057267665863037,ok,True,diabetes,roc_auc,0.1720214190093707,0.1383534136546185,45.0,0.1887550200803212,RT (synthetic-pretrain_rdb_512_size_16b.pt),bs=16 sl=128 d=256 blocks=12 heads=8 full=False qk_norm=True random_sampling=True steps=0 eval_batches=200 ckpt=synthetic-pretrain_rdb_512_size_16b.pt
diabetes,tabarena-diabetes,fold-24,24,binary_classification,1,0,42,nan,nan,0.3358339500773734,409,103,256,1.1920928955078125e-06,2.3038368225097656,ok,True,diabetes,roc_auc,0.1998250689631973,0.1610038350265761,45.0,0.1748301150507973,RT (synthetic-pretrain_rdb_512_size_16b.pt),bs=16 sl=128 d=256 blocks=12 heads=8 full=False qk_norm=True random_sampling=True steps=0 eval_batches=200 ckpt=synthetic-pretrain_rdb_512_size_16b.pt
diabetes,tabarena-diabetes,fold-25,25,binary_classification,1,0,42,nan,nan,0.3136648052210186,409,103,256,1.430511474609375e-06,2.3000054359436035,ok,True,diabetes,roc_auc,0.1643006122586287,0.1400793917782412,45.0,0.1735854134427774,RT (synthetic-pretrain_rdb_512_size_16b.pt),bs=16 sl=128 d=256 blocks=12 heads=8 full=False qk_norm=True random_sampling=True steps=0 eval_batches=200 ckpt=synthetic-pretrain_rdb_512_size_16b.pt
diabetes,tabarena-diabetes,fold-26,26,binary_classification,1,0,42,nan,nan,0.29966532797858103,409,103,256,1.430511474609375e-06,2.299652099609375,ok,True,diabetes,roc_auc,0.1664658634538152,0.1524765729585007,45.0,0.14718875502008033,RT (synthetic-pretrain_rdb_512_size_16b.pt),bs=16 sl=128 d=256 blocks=12 heads=8 full=False qk_norm=True random_sampling=True steps=0 eval_batches=200 ckpt=synthetic-pretrain_rdb_512_size_16b.pt
diabetes,tabarena-diabetes,fold-27,27,binary_classification,1,0,42,nan,nan,0.26419009370816615,409,103,256,1.430511474609375e-06,2.3011302947998047,ok,True,diabetes,roc_auc,0.1728246318607764,0.1467871485943774,45.0,0.11740294511378876,RT (synthetic-pretrain_rdb_512_size_16b.pt),bs=16 sl=128 d=256 blocks=12 heads=8 full=False qk_norm=True random_sampling=True steps=0 eval_batches=200 ckpt=synthetic-pretrain_rdb_512_size_16b.pt
diabetes,tabarena-diabetes,fold-28,28,binary_classification,1,0,42,nan,nan,0.28732422794859724,409,103,256,1.1920928955078125e-06,2.2942330837249756,ok,True,diabetes,roc_auc,0.1806499360828903,0.1597927740025566,45.0,0.12753145394604065,RT (synthetic-pretrain_rdb_512_size_16b.pt),bs=16 sl=128 d=256 blocks=12 heads=8 full=False qk_norm=True random_sampling=True steps=0 eval_batches=200 ckpt=synthetic-pretrain_rdb_512_size_16b.pt
diabetes,tabarena-diabetes,fold-29,29,binary_classification,1,0,42,nan,nan,0.31675973894906806,409,103,256,9.5367431640625e-07,2.3007123470306396,ok,True,diabetes,roc_auc,0.1480858507703694,0.1369844580501917,45.0,0.17977528089887637,RT (synthetic-pretrain_rdb_512_size_16b.pt),bs=16 sl=128 d=256 blocks=12 heads=8 full=False qk_norm=True random_sampling=True steps=0 eval_batches=200 ckpt=synthetic-pretrain_rdb_512_size_16b.pt
diabetes130us,tabarena-diabetes130us,fold-0,0,binary_classification,1,0,42,nan,nan,0.5032738020480102,38142,9536,23840,1.1920928955078125e-06,26.911562204360962,ok,True,Diabetes130US,roc_auc,0.342632035679012,0.3147409160675252,45.0,0.188532885980485,RT (synthetic-pretrain_rdb_512_size_16b.pt),bs=16 sl=128 d=256 blocks=12 heads=8 full=False qk_norm=True random_sampling=True steps=0 eval_batches=200 ckpt=synthetic-pretrain_rdb_512_size_16b.pt
diabetes130us,tabarena-diabetes130us,fold-1,1,binary_classification,1,0,42,nan,nan,0.4785927648880268,38143,9536,23839,1.1920928955078125e-06,26.96894359588623,ok,True,Diabetes130US,roc_auc,0.3600080464152217,0.3344243567002231,45.0,0.14416840818780374,RT (synthetic-pretrain_rdb_512_size_16b.pt),bs=16 sl=128 d=256 blocks=12 heads=8 full=False qk_norm=True random_sampling=True steps=0 eval_batches=200 ckpt=synthetic-pretrain_rdb_512_size_16b.pt
diabetes130us,tabarena-diabetes130us,fold-2,2,binary_classification,1,0,42,nan,nan,0.4960710969818053,38143,9536,23839,1.1920928955078125e-06,26.473939895629883,ok,True,Diabetes130US,roc_auc,0.3561806187051135,0.330002138881833,45.0,0.1660689580999723,RT (synthetic-pretrain_rdb_512_size_16b.pt),bs=16 sl=128 d=256 blocks=12 heads=8 full=False qk_norm=True random_sampling=True steps=0 eval_batches=200 ckpt=synthetic-pretrain_rdb_512_size_16b.pt
diabetes130us,tabarena-diabetes130us,fold-3,3,binary_classification,1,0,42,nan,nan,0.5261790531690811,38142,9536,23840,1.430511474609375e-06,27.150177478790283,ok,True,Diabetes130US,roc_auc,0.3368401767534845,0.3113146533675668,45.0,0.21486439980151428,RT (synthetic-pretrain_rdb_512_size_16b.pt),bs=16 sl=128 d=256 blocks=12 heads=8 full=False qk_norm=True random_sampling=True steps=0 eval_batches=200 ckpt=synthetic-pretrain_rdb_512_size_16b.pt
diabetes130us,tabarena-diabetes130us,fold-4,4,binary_classification,1,0,42,nan,nan,0.5136326736956722,38143,9536,23839,1.6689300537109375e-06,26.958863973617554,ok,True,Diabetes130US,roc_auc,0.3557721525250797,0.3328211820531821,45.0,0.1808114916424901,RT (synthetic-pretrain_rdb_512_size_16b.pt),bs=16 sl=128 d=256 blocks=12 heads=8 full=False qk_norm=True random_sampling=True steps=0 eval_batches=200 ckpt=synthetic-pretrain_rdb_512_size_16b.pt
diabetes130us,tabarena-diabetes130us,fold-5,5,binary_classification,1,0,42,nan,nan,0.5122873920250439,38143,9536,23839,1.430511474609375e-06,26.58601450920105,ok,True,Diabetes130US,roc_auc,0.3561655241977121,0.3315500329316769,45.0,0.18073735909336702,RT (synthetic-pretrain_rdb_512_size_16b.pt),bs=16 sl=128 d=256 blocks=12 heads=8 full=False qk_norm=True random_sampling=True steps=0 eval_batches=200 ckpt=synthetic-pretrain_rdb_512_size_16b.pt
diabetes130us,tabarena-diabetes130us,fold-6,6,binary_classification,1,0,42,nan,nan,0.5047282935680615,38142,9536,23840,1.430511474609375e-06,27.09140634536743,ok,True,Diabetes130US,roc_auc,0.3513335586699695,0.3243171677315715,45.0,0.18041112583649,RT (synthetic-pretrain_rdb_512_size_16b.pt),bs=16 sl=128 d=256 blocks=12 heads=8 full=False qk_norm=True random_sampling=True steps=0 eval_batches=200 ckpt=synthetic-pretrain_rdb_512_size_16b.pt
diabetes130us,tabarena-diabetes130us,fold-7,7,binary_classification,1,0,42,nan,nan,0.50269542434097,38143,9536,23839,1.6689300537109375e-06,27.105655670166016,ok,True,Diabetes130US,roc_auc,0.3505834254198903,0.3247906574377008,45.0,0.17790476690326923,RT (synthetic-pretrain_rdb_512_size_16b.pt),bs=16 sl=128 d=256 blocks=12 heads=8 full=False qk_norm=True random_sampling=True steps=0 eval_batches=200 ckpt=synthetic-pretrain_rdb_512_size_16b.pt
diabetes130us,tabarena-diabetes130us,fold-8,8,binary_classification,1,0,42,nan,nan,0.5220944589464269,38143,9536,23839,1.430511474609375e-06,26.76051139831543,ok,True,Diabetes130US,roc_auc,0.3563411663851437,0.33249073754109,45.0,0.18960372140533693,RT (synthetic-pretrain_rdb_512_size_16b.pt),bs=16 sl=128 d=256 blocks=12 heads=8 full=False qk_norm=True random_sampling=True steps=0 eval_batches=200 ckpt=synthetic-pretrain_rdb_512_size_16b.pt
diamonds,tabarena-diamonds,fold-0,0,regression,1,0,42,nan,nan,3066.623046875,10000,7192,17980,1.1920928955078125e-06,27.18849015235901,ok,True,diamonds,rmse,535.0955907690841,511.9583768160685,45.0,2554.6646700589317,RT (synthetic-pretrain_rdb_512_size_16b.pt),bs=16 sl=128 d=256 blocks=12 heads=8 full=False qk_norm=True random_sampling=True steps=0 eval_batches=200 ckpt=synthetic-pretrain_rdb_512_size_16b.pt
diamonds,tabarena-diamonds,fold-1,1,regression,1,0,42,nan,nan,3183.54443359375,10000,7192,17980,1.430511474609375e-06,26.736359357833862,ok,True,diamonds,rmse,538.1605330535481,507.5897406228831,45.0,2675.9546929708667,RT (synthetic-pretrain_rdb_512_size_16b.pt),bs=16 sl=128 d=256 blocks=12 heads=8 full=False qk_norm=True random_sampling=True steps=0 eval_batches=200 ckpt=synthetic-pretrain_rdb_512_size_16b.pt
diamonds,tabarena-diamonds,fold-2,2,regression,1,0,42,nan,nan,2972.434326171875,10000,7192,17980,1.1920928955078125e-06,27.078267335891724,ok,True,diamonds,rmse,527.5911216351767,510.2040428692208,45.0,2462.2302833026542,RT (synthetic-pretrain_rdb_512_size_16b.pt),bs=16 sl=128 d=256 blocks=12 heads=8 full=False qk_norm=True random_sampling=True steps=0 eval_batches=200 ckpt=synthetic-pretrain_rdb_512_size_16b.pt
diamonds,tabarena-diamonds,fold-3,3,regression,1,0,42,nan,nan,3276.288818359375,10000,7192,17980,1.1920928955078125e-06,27.17803645133972,ok,True,diamonds,rmse,546.9566991387418,526.6830053759813,45.0,2749.6058129833937,RT (synthetic-pretrain_rdb_512_size_16b.pt),bs=16 sl=128 d=256 blocks=12 heads=8 full=False qk_norm=True random_sampling=True steps=0 eval_batches=200 ckpt=synthetic-pretrain_rdb_512_size_16b.pt
diamonds,tabarena-diamonds,fold-4,4,regression,1,0,42,nan,nan,3075.162353515625,10000,7192,17980,1.1920928955078125e-06,26.837491750717163,ok,True,diamonds,rmse,524.8936655006306,501.12249674494063,45.0,2574.0398567706843,RT (synthetic-pretrain_rdb_512_size_16b.pt),bs=16 sl=128 d=256 blocks=12 heads=8 full=False qk_norm=True random_sampling=True steps=0 eval_batches=200 ckpt=synthetic-pretrain_rdb_512_size_16b.pt
diamonds,tabarena-diamonds,fold-5,5,regression,1,0,42,nan,nan,3083.55615234375,10000,7192,17980,1.430511474609375e-06,27.119560718536377,ok,True,diamonds,rmse,521.2610766844654,501.6126644496342,45.0,2581.9434878941156,RT (synthetic-pretrain_rdb_512_size_16b.pt),bs=16 sl=128 d=256 blocks=12 heads=8 full=False qk_norm=True random_sampling=True steps=0 eval_batches=200 ckpt=synthetic-pretrain_rdb_512_size_16b.pt
diamonds,tabarena-diamonds,fold-6,6,regression,1,0,42,nan,nan,3028.65234375,10000,7192,17980,1.1920928955078125e-06,26.742698431015015,ok,True,diamonds,rmse,523.4964799222045,503.0673908343303,45.0,2525.58495291567,RT (synthetic-pretrain_rdb_512_size_16b.pt),bs=16 sl=128 d=256 blocks=12 heads=8 full=False qk_norm=True random_sampling=True steps=0 eval_batches=200 ckpt=synthetic-pretrain_rdb_512_size_16b.pt
diamonds,tabarena-diamonds,fold-7,7,regression,1,0,42,nan,nan,3130.807373046875,10000,7192,17980,1.6689300537109375e-06,27.11205792427063,ok,True,diamonds,rmse,528.469472342341,505.12936246941774,45.0,2625.6780105774574,RT (synthetic-pretrain_rdb_512_size_16b.pt),bs=16 sl=128 d=256 blocks=12 heads=8 full=False qk_norm=True random_sampling=True steps=0 eval_batches=200 ckpt=synthetic-pretrain_rdb_512_size_16b.pt
diamonds,tabarena-diamonds,fold-8,8,regression,1,0,42,nan,nan,3290.065673828125,10000,7192,17980,1.430511474609375e-06,26.67728328704834,ok,True,diamonds,rmse,543.2172198445177,521.5925719522025,45.0,2768.4731018759226,RT (synthetic-pretrain_rdb_512_size_16b.pt),bs=16 sl=128 d=256 blocks=12 heads=8 full=False qk_norm=True random_sampling=True steps=0 eval_batches=200 ckpt=synthetic-pretrain_rdb_512_size_16b.pt
e-commereshippingdata,tabarena-e-commereshippingdata,fold-0,0,binary_classification,1,0,42,nan,nan,0.4219827397009831,5865,1467,3667,1.1920928955078125e-06,27.03386878967285,ok,True,E-CommereShippingData,roc_auc,0.2590721657130355,0.2529171348297245,45.0,0.1690656048712586,RT (synthetic-pretrain_rdb_512_size_16b.pt),bs=16 sl=128 d=256 blocks=12 heads=8 full=False qk_norm=True random_sampling=True steps=0 eval_batches=200 ckpt=synthetic-pretrain_rdb_512_size_16b.pt
e-commereshippingdata,tabarena-e-commereshippingdata,fold-1,1,binary_classification,1,0,42,nan,nan,0.41959136385782436,5866,1467,3666,9.5367431640625e-07,26.558033227920532,ok,True,E-CommereShippingData,roc_auc,0.265604088483622,0.2503580855595658,45.0,0.16923327829825857,RT (synthetic-pretrain_rdb_512_size_16b.pt),bs=16 sl=128 d=256 blocks=12 heads=8 full=False qk_norm=True random_sampling=True steps=0 eval_batches=200 ckpt=synthetic-pretrain_rdb_512_size_16b.pt
e-commereshippingdata,tabarena-e-commereshippingdata,fold-2,2,binary_classification,1,0,42,nan,nan,0.4224936493417122,5866,1467,3666,1.1920928955078125e-06,27.16381049156189,ok,True,E-CommereShippingData,roc_auc,0.2515614889507827,0.2490307066806036,45.0,0.1734629426611086,RT (synthetic-pretrain_rdb_512_size_16b.pt),bs=16 sl=128 d=256 blocks=12 heads=8 full=False qk_norm=True random_sampling=True steps=0 eval_batches=200 ckpt=synthetic-pretrain_rdb_512_size_16b.pt
e-commereshippingdata,tabarena-e-commereshippingdata,fold-3,3,binary_classification,1,0,42,nan,nan,0.41586983458510973,5865,1467,3667,1.430511474609375e-06,26.410237550735474,ok,True,E-CommereShippingData,roc_auc,0.2569200062298135,0.244046758210313,45.0,0.17182307637479674,RT (synthetic-pretrain_rdb_512_size_16b.pt),bs=16 sl=128 d=256 blocks=12 heads=8 full=False qk_norm=True random_sampling=True steps=0 eval_batches=200 ckpt=synthetic-pretrain_rdb_512_size_16b.pt
e-commereshippingdata,tabarena-e-commereshippingdata,fold-4,4,binary_classification,1,0,42,nan,nan,0.415600583684985,5866,1467,3666,1.1920928955078125e-06,27.093238830566406,ok,True,E-CommereShippingData,roc_auc,0.2563524625649068,0.2441256033030455,45.0,0.17147498038193948,RT (synthetic-pretrain_rdb_512_size_16b.pt),bs=16 sl=128 d=256 blocks=12 heads=8 full=False qk_norm=True random_sampling=True steps=0 eval_batches=200 ckpt=synthetic-pretrain_rdb_512_size_16b.pt
e-commereshippingdata,tabarena-e-commereshippingdata,fold-5,5,binary_classification,1,0,42,nan,nan,0.4288267090542849,5866,1467,3666,1.1920928955078125e-06,26.48301601409912,ok,True,E-CommereShippingData,roc_auc,0.2645440371882163,0.2602689752248597,45.0,0.16855773382942518,RT (synthetic-pretrain_rdb_512_size_16b.pt),bs=16 sl=128 d=256 blocks=12 heads=8 full=False qk_norm=True random_sampling=True steps=0 eval_batches=200 ckpt=synthetic-pretrain_rdb_512_size_16b.pt
e-commereshippingdata,tabarena-e-commereshippingdata,fold-6,6,binary_classification,1,0,42,nan,nan,0.3989443761876976,5865,1467,3667,1.6689300537109375e-06,27.125488996505737,ok,True,E-CommereShippingData,roc_auc,0.2607785659810163,0.2482110917871529,45.0,0.15073328440054473,RT (synthetic-pretrain_rdb_512_size_16b.pt),bs=16 sl=128 d=256 blocks=12 heads=8 full=False qk_norm=True random_sampling=True steps=0 eval_batches=200 ckpt=synthetic-pretrain_rdb_512_size_16b.pt
e-commereshippingdata,tabarena-e-commereshippingdata,fold-7,7,binary_classification,1,0,42,nan,nan,0.4305927170487488,5866,1467,3666,1.1920928955078125e-06,26.38498592376709,ok,True,E-CommereShippingData,roc_auc,0.2597876719614678,0.254733037629288,45.0,0.1758596794194608,RT (synthetic-pretrain_rdb_512_size_16b.pt),bs=16 sl=128 d=256 blocks=12 heads=8 full=False qk_norm=True random_sampling=True steps=0 eval_batches=200 ckpt=synthetic-pretrain_rdb_512_size_16b.pt
e-commereshippingdata,tabarena-e-commereshippingdata,fold-8,8,binary_classification,1,0,42,nan,nan,0.40307574548171754,5866,1467,3666,1.1920928955078125e-06,27.08168387413025,ok,True,E-CommereShippingData,roc_auc,0.271293305175057,0.2521122571665565,45.0,0.15096348831516104,RT (synthetic-pretrain_rdb_512_size_16b.pt),bs=16 sl=128 d=256 blocks=12 heads=8 full=False qk_norm=True random_sampling=True steps=0 eval_batches=200 ckpt=synthetic-pretrain_rdb_512_size_16b.pt
fitness-club,tabarena-fitness-club,fold-0,0,binary_classification,1,0,42,nan,nan,0.31307660314579555,800,200,500,1.430511474609375e-06,4.387160778045654,ok,True,Fitness_Club,roc_auc,0.2068965517241379,0.1899198427102237,45.0,0.12315676043557186,RT (synthetic-pretrain_rdb_512_size_16b.pt),bs=16 sl=128 d=256 blocks=12 heads=8 full=False qk_norm=True random_sampling=True steps=0 eval_batches=200 ckpt=synthetic-pretrain_rdb_512_size_16b.pt
fitness-club,tabarena-fitness-club,fold-1,1,binary_classification,1,0,42,nan,nan,0.3078521414068579,800,200,500,1.6689300537109375e-06,4.39234471321106,ok,True,Fitness_Club,roc_auc,0.2010474582060379,0.176530863963263,45.0,0.1313212774435949,RT (synthetic-pretrain_rdb_512_size_16b.pt),bs=16 sl=128 d=256 blocks=12 heads=8 full=False qk_norm=True random_sampling=True steps=0 eval_batches=200 ckpt=synthetic-pretrain_rdb_512_size_16b.pt
fitness-club,tabarena-fitness-club,fold-2,2,binary_classification,1,0,42,nan,nan,0.3177384770109489,800,200,500,1.1920928955078125e-06,4.398627042770386,ok,True,Fitness_Club,roc_auc,0.1862369304920397,0.1652213514487941,45.0,0.15251712556215483,RT (synthetic-pretrain_rdb_512_size_16b.pt),bs=16 sl=128 d=256 blocks=12 heads=8 full=False qk_norm=True random_sampling=True steps=0 eval_batches=200 ckpt=synthetic-pretrain_rdb_512_size_16b.pt
fitness-club,tabarena-fitness-club,fold-3,3,binary_classification,1,0,42,nan,nan,0.2900149907967893,800,200,500,1.1920928955078125e-06,4.396365642547607,ok,True,Fitness_Club,roc_auc,0.1709709861667204,0.157593123209169,45.0,0.13242186758762028,RT (synthetic-pretrain_rdb_512_size_16b.pt),bs=16 sl=128 d=256 blocks=12 heads=8 full=False qk_norm=True random_sampling=True steps=0 eval_batches=200 ckpt=synthetic-pretrain_rdb_512_size_16b.pt
fitness-club,tabarena-fitness-club,fold-4,4,binary_classification,1,0,42,nan,nan,0.2799483861173837,800,200,500,1.6689300537109375e-06,4.3792564868927,ok,True,Fitness_Club,roc_auc,0.2098901307425189,0.1827359152925103,45.0,0.09721247082487341,RT (synthetic-pretrain_rdb_512_size_16b.pt),bs=16 sl=128 d=256 blocks=12 heads=8 full=False qk_norm=True random_sampling=True steps=0 eval_batches=200 ckpt=synthetic-pretrain_rdb_512_size_16b.pt
fitness-club,tabarena-fitness-club,fold-5,5,binary_classification,1,0,42,nan,nan,0.3127268602540836,800,200,500,1.1920928955078125e-06,5.043024301528931,ok,True,Fitness_Club,roc_auc,0.2135133091349061,0.1863846037507561,45.0,0.12634225650332748,RT (synthetic-pretrain_rdb_512_size_16b.pt),bs=16 sl=128 d=256 blocks=12 heads=8 full=False qk_norm=True random_sampling=True steps=0 eval_batches=200 ckpt=synthetic-pretrain_rdb_512_size_16b.pt
fitness-club,tabarena-fitness-club,fold-6,6,binary_classification,1,0,42,nan,nan,0.28023302149945917,800,200,500,1.1920928955078125e-06,4.396818161010742,ok,True,Fitness_Club,roc_auc,0.20032638190478,0.1638171502305545,45.0,0.11641587126890468,RT (synthetic-pretrain_rdb_512_size_16b.pt),bs=16 sl=128 d=256 blocks=12 heads=8 full=False qk_norm=True random_sampling=True steps=0 eval_batches=200 ckpt=synthetic-pretrain_rdb_512_size_16b.pt
fitness-club,tabarena-fitness-club,fold-7,7,binary_classification,1,0,42,nan,nan,0.28905671834380164,800,200,500,1.430511474609375e-06,4.410844564437866,ok,True,Fitness_Club,roc_auc,0.1994155486821381,0.163532514848479,45.0,0.12552420349532264,RT (synthetic-pretrain_rdb_512_size_16b.pt),bs=16 sl=128 d=256 blocks=12 heads=8 full=False qk_norm=True random_sampling=True steps=0 eval_batches=200 ckpt=synthetic-pretrain_rdb_512_size_16b.pt
fitness-club,tabarena-fitness-club,fold-8,8,binary_classification,1,0,42,nan,nan,0.3442415305505142,800,200,500,1.1920928955078125e-06,4.417823791503906,ok,True,Fitness_Club,roc_auc,0.2150635208711434,0.1941734724742891,45.0,0.1500680580762251,RT (synthetic-pretrain_rdb_512_size_16b.pt),bs=16 sl=128 d=256 blocks=12 heads=8 full=False qk_norm=True random_sampling=True steps=0 eval_batches=200 ckpt=synthetic-pretrain_rdb_512_size_16b.pt
fitness-club,tabarena-fitness-club,fold-9,9,binary_classification,1,0,42,nan,nan,0.3324920776485325,800,200,500,1.430511474609375e-06,4.422821521759033,ok,True,Fitness_Club,roc_auc,0.1828307937532022,0.1578777585912446,45.0,0.17461431905728791,RT (synthetic-pretrain_rdb_512_size_16b.pt),bs=16 sl=128 d=256 blocks=12 heads=8 full=False qk_norm=True random_sampling=True steps=0 eval_batches=200 ckpt=synthetic-pretrain_rdb_512_size_16b.pt
fitness-club,tabarena-fitness-club,fold-10,10,binary_classification,1,0,42,nan,nan,0.2669785005408072,800,200,500,1.6689300537109375e-06,4.413584470748901,ok,True,Fitness_Club,roc_auc,0.2278221598132792,0.178523311637792,45.0,0.08845518890301518,RT (synthetic-pretrain_rdb_512_size_16b.pt),bs=16 sl=128 d=256 blocks=12 heads=8 full=False qk_norm=True random_sampling=True steps=0 eval_batches=200 ckpt=synthetic-pretrain_rdb_512_size_16b.pt
fitness-club,tabarena-fitness-club,fold-11,11,binary_classification,1,0,42,nan,nan,0.3075657894736842,800,200,500,1.6689300537109375e-06,4.404615640640259,ok,True,Fitness_Club,roc_auc,0.2168784029038112,0.1948540532365397,45.0,0.11271173623714448,RT (synthetic-pretrain_rdb_512_size_16b.pt),bs=16 sl=128 d=256 blocks=12 heads=8 full=False qk_norm=True random_sampling=True steps=0 eval_batches=200 ckpt=synthetic-pretrain_rdb_512_size_16b.pt
fitness-club,tabarena-fitness-club,fold-12,12,binary_classification,1,0,42,nan,nan,0.3388489345148864,800,200,500,9.5367431640625e-07,4.404695510864258,ok,True,Fitness_Club,roc_auc,0.1984098369988045,0.1849181198884228,45.0,0.1539308146264636,RT (synthetic-pretrain_rdb_512_size_16b.pt),bs=16 sl=128 d=256 blocks=12 heads=8 full=False qk_norm=True random_sampling=True steps=0 eval_batches=200 ckpt=synthetic-pretrain_rdb_512_size_16b.pt
fitness-club,tabarena-fitness-club,fold-13,13,binary_classification,1,0,42,nan,nan,0.2847112848441147,800,200,500,1.430511474609375e-06,4.389684200286865,ok,True,Fitness_Club,roc_auc,0.2032296628019507,0.1710468889352737,45.0,0.11366439590884098,RT (synthetic-pretrain_rdb_512_size_16b.pt),bs=16 sl=128 d=256 blocks=12 heads=8 full=False qk_norm=True random_sampling=True steps=0 eval_batches=200 ckpt=synthetic-pretrain_rdb_512_size_16b.pt
fitness-club,tabarena-fitness-club,fold-14,14,binary_classification,1,0,42,nan,nan,0.2855792498487598,800,200,500,1.9073486328125e-06,4.399961471557617,ok,True,Fitness_Club,roc_auc,0.2157913641863279,0.1715536146400484,45.0,0.11402563520871142,RT (synthetic-pretrain_rdb_512_size_16b.pt),bs=16 sl=128 d=256 blocks=12 heads=8 full=False qk_norm=True random_sampling=True steps=0 eval_batches=200 ckpt=synthetic-pretrain_rdb_512_size_16b.pt
fitness-club,tabarena-fitness-club,fold-15,15,binary_classification,1,0,42,nan,nan,0.34554735383973134,800,200,500,1.430511474609375e-06,4.425142049789429,ok,True,Fitness_Club,roc_auc,0.1936374504260043,0.1651264729881022,45.0,0.18042088085162913,RT (synthetic-pretrain_rdb_512_size_16b.pt),bs=16 sl=128 d=256 blocks=12 heads=8 full=False qk_norm=True random_sampling=True steps=0 eval_batches=200 ckpt=synthetic-pretrain_rdb_512_size_16b.pt
fitness-club,tabarena-fitness-club,fold-16,16,binary_classification,1,0,42,nan,nan,0.31504392872730036,800,200,500,1.1920928955078125e-06,5.068091630935669,ok,True,Fitness_Club,roc_auc,0.2369494677318355,0.1978215905425151,45.0,0.11722233818478525,RT (synthetic-pretrain_rdb_512_size_16b.pt),bs=16 sl=128 d=256 blocks=12 heads=8 full=False qk_norm=True random_sampling=True steps=0 eval_batches=200 ckpt=synthetic-pretrain_rdb_512_size_16b.pt
fitness-club,tabarena-fitness-club,fold-17,17,binary_classification,1,0,42,nan,nan,0.30500415910465817,800,200,500,1.1920928955078125e-06,4.436867713928223,ok,True,Fitness_Club,roc_auc,0.2049115245009074,0.1689541742286751,45.0,0.13604998487598308,RT (synthetic-pretrain_rdb_512_size_16b.pt),bs=16 sl=128 d=256 blocks=12 heads=8 full=False qk_norm=True random_sampling=True steps=0 eval_batches=200 ckpt=synthetic-pretrain_rdb_512_size_16b.pt
fitness-club,tabarena-fitness-club,fold-18,18,binary_classification,1,0,42,nan,nan,0.2759065636919107,800,200,500,9.5367431640625e-07,4.444016456604004,ok,True,Fitness_Club,roc_auc,0.1939885007305641,0.1624698760887304,45.0,0.11343668760318029,RT (synthetic-pretrain_rdb_512_size_16b.pt),bs=16 sl=128 d=256 blocks=12 heads=8 full=False qk_norm=True random_sampling=True steps=0 eval_batches=200 ckpt=synthetic-pretrain_rdb_512_size_16b.pt
fitness-club,tabarena-fitness-club,fold-19,19,binary_classification,1,0,42,nan,nan,0.33229283288107936,800,200,500,1.430511474609375e-06,4.434943199157715,ok,True,Fitness_Club,roc_auc,0.2234387749293156,0.1966450976299361,45.0,0.13564773525114326,RT (synthetic-pretrain_rdb_512_size_16b.pt),bs=16 sl=128 d=256 blocks=12 heads=8 full=False qk_norm=True random_sampling=True steps=0 eval_batches=200 ckpt=synthetic-pretrain_rdb_512_size_16b.pt
fitness-club,tabarena-fitness-club,fold-20,20,binary_classification,1,0,42,nan,nan,0.3224062310949788,800,200,500,1.430511474609375e-06,4.389627695083618,ok,True,Fitness_Club,roc_auc,0.1902412280701753,0.1691999395039322,45.0,0.1532062915910466,RT (synthetic-pretrain_rdb_512_size_16b.pt),bs=16 sl=128 d=256 blocks=12 heads=8 full=False qk_norm=True random_sampling=True steps=0 eval_batches=200 ckpt=synthetic-pretrain_rdb_512_size_16b.pt
fitness-club,tabarena-fitness-club,fold-21,21,binary_classification,1,0,42,nan,nan,0.28365813393043515,800,200,500,1.1920928955078125e-06,4.4261634349823,ok,True,Fitness_Club,roc_auc,0.1963035351714452,0.176170325812634,45.0,0.10748780811780115,RT (synthetic-pretrain_rdb_512_size_16b.pt),bs=16 sl=128 d=256 blocks=12 heads=8 full=False qk_norm=True random_sampling=True steps=0 eval_batches=200 ckpt=synthetic-pretrain_rdb_512_size_16b.pt
fitness-club,tabarena-fitness-club,fold-22,22,binary_classification,1,0,42,nan,nan,0.3305565570504184,800,200,500,1.1920928955078125e-06,4.408994913101196,ok,True,Fitness_Club,roc_auc,0.2385244501793202,0.2036281523368565,45.0,0.12692840471356193,RT (synthetic-pretrain_rdb_512_size_16b.pt),bs=16 sl=128 d=256 blocks=12 heads=8 full=False qk_norm=True random_sampling=True steps=0 eval_batches=200 ckpt=synthetic-pretrain_rdb_512_size_16b.pt
fitness-club,tabarena-fitness-club,fold-23,23,binary_classification,1,0,42,nan,nan,0.26984081972171803,800,200,500,1.1920928955078125e-06,4.415019512176514,ok,True,Fitness_Club,roc_auc,0.1912053841500303,0.1562121899576528,45.0,0.11362862976406524,RT (synthetic-pretrain_rdb_512_size_16b.pt),bs=16 sl=128 d=256 blocks=12 heads=8 full=False qk_norm=True random_sampling=True steps=0 eval_batches=200 ckpt=synthetic-pretrain_rdb_512_size_16b.pt
fitness-club,tabarena-fitness-club,fold-24,24,binary_classification,1,0,42,nan,nan,0.27719487295825773,800,200,500,1.1920928955078125e-06,4.403316497802734,ok,True,Fitness_Club,roc_auc,0.2103561705989111,0.1761758923169993,45.0,0.10101898064125844,RT (synthetic-pretrain_rdb_512_size_16b.pt),bs=16 sl=128 d=256 blocks=12 heads=8 full=False qk_norm=True random_sampling=True steps=0 eval_batches=200 ckpt=synthetic-pretrain_rdb_512_size_16b.pt
fitness-club,tabarena-fitness-club,fold-25,25,binary_classification,1,0,42,nan,nan,0.3140571927361051,800,200,500,1.6689300537109375e-06,4.411336660385132,ok,True,Fitness_Club,roc_auc,0.1940454278069792,0.1715782083151482,45.0,0.1424789844209569,RT (synthetic-pretrain_rdb_512_size_16b.pt),bs=16 sl=128 d=256 blocks=12 heads=8 full=False qk_norm=True random_sampling=True steps=0 eval_batches=200 ckpt=synthetic-pretrain_rdb_512_size_16b.pt
fitness-club,tabarena-fitness-club,fold-26,26,binary_classification,1,0,42,nan,nan,0.30176094423044086,800,200,500,1.1920928955078125e-06,5.078700542449951,ok,True,Fitness_Club,roc_auc,0.2204216398793147,0.1825935976014725,45.0,0.11916734662896836,RT (synthetic-pretrain_rdb_512_size_16b.pt),bs=16 sl=128 d=256 blocks=12 heads=8 full=False qk_norm=True random_sampling=True steps=0 eval_batches=200 ckpt=synthetic-pretrain_rdb_512_size_16b.pt
fitness-club,tabarena-fitness-club,fold-27,27,binary_classification,1,0,42,nan,nan,0.34103712946158504,800,200,500,1.1920928955078125e-06,4.3896965980529785,ok,True,Fitness_Club,roc_auc,0.2113203266787658,0.1846453418027828,45.0,0.15639178765880224,RT (synthetic-pretrain_rdb_512_size_16b.pt),bs=16 sl=128 d=256 blocks=12 heads=8 full=False qk_norm=True random_sampling=True steps=0 eval_batches=200 ckpt=synthetic-pretrain_rdb_512_size_16b.pt
fitness-club,tabarena-fitness-club,fold-28,28,binary_classification,1,0,42,nan,nan,0.2999867170155033,800,200,500,1.430511474609375e-06,4.422387361526489,ok,True,Fitness_Club,roc_auc,0.1953832141027345,0.1727547012277273,45.0,0.127232015787776,RT (synthetic-pretrain_rdb_512_size_16b.pt),bs=16 sl=128 d=256 blocks=12 heads=8 full=False qk_norm=True random_sampling=True steps=0 eval_batches=200 ckpt=synthetic-pretrain_rdb_512_size_16b.pt
fitness-club,tabarena-fitness-club,fold-29,29,binary_classification,1,0,42,nan,nan,0.2967893128901876,800,200,500,1.430511474609375e-06,4.463317155838013,ok,True,Fitness_Club,roc_auc,0.2076415112241219,0.1783335547164083,45.0,0.11845575817377932,RT (synthetic-pretrain_rdb_512_size_16b.pt),bs=16 sl=128 d=256 blocks=12 heads=8 full=False qk_norm=True random_sampling=True steps=0 eval_batches=200 ckpt=synthetic-pretrain_rdb_512_size_16b.pt
food-delivery-time,tabarena-food-delivery-time,fold-0,0,regression,1,0,42,nan,nan,9.110736846923828,24240,6060,15151,1.1920928955078125e-06,26.601030588150024,ok,True,Food_Delivery_Time,rmse,7.661070346832275,7.394508361816406,45.0,1.7162284851074219,RT (synthetic-pretrain_rdb_512_size_16b.pt),bs=16 sl=128 d=256 blocks=12 heads=8 full=False qk_norm=True random_sampling=True steps=0 eval_batches=200 ckpt=synthetic-pretrain_rdb_512_size_16b.pt
food-delivery-time,tabarena-food-delivery-time,fold-1,1,regression,1,0,42,nan,nan,9.152459144592285,24240,6061,15150,1.430511474609375e-06,27.34761691093445,ok,True,Food_Delivery_Time,rmse,7.617416858673096,7.369067192077637,45.0,1.7833919525146484,RT (synthetic-pretrain_rdb_512_size_16b.pt),bs=16 sl=128 d=256 blocks=12 heads=8 full=False qk_norm=True random_sampling=True steps=0 eval_batches=200 ckpt=synthetic-pretrain_rdb_512_size_16b.pt
food-delivery-time,tabarena-food-delivery-time,fold-2,2,regression,1,0,42,nan,nan,9.069926261901855,24240,6061,15150,1.1920928955078125e-06,26.717386722564697,ok,True,Food_Delivery_Time,rmse,7.559142589569092,7.329506026038339,45.0,1.7404202358635166,RT (synthetic-pretrain_rdb_512_size_16b.pt),bs=16 sl=128 d=256 blocks=12 heads=8 full=False qk_norm=True random_sampling=True steps=0 eval_batches=200 ckpt=synthetic-pretrain_rdb_512_size_16b.pt
food-delivery-time,tabarena-food-delivery-time,fold-3,3,regression,1,0,42,nan,nan,9.093850135803223,24240,6060,15151,1.1920928955078125e-06,27.420904636383057,ok,True,Food_Delivery_Time,rmse,7.673795223236084,7.404635429382324,45.0,1.6892147064208984,RT (synthetic-pretrain_rdb_512_size_16b.pt),bs=16 sl=128 d=256 blocks=12 heads=8 full=False qk_norm=True random_sampling=True steps=0 eval_batches=200 ckpt=synthetic-pretrain_rdb_512_size_16b.pt
food-delivery-time,tabarena-food-delivery-time,fold-4,4,regression,1,0,42,nan,nan,9.159335136413574,24240,6061,15150,1.1920928955078125e-06,26.82339644432068,ok,True,Food_Delivery_Time,rmse,7.608145713806152,7.342092990875244,45.0,1.81724214553833,RT (synthetic-pretrain_rdb_512_size_16b.pt),bs=16 sl=128 d=256 blocks=12 heads=8 full=False qk_norm=True random_sampling=True steps=0 eval_batches=200 ckpt=synthetic-pretrain_rdb_512_size_16b.pt
food-delivery-time,tabarena-food-delivery-time,fold-5,5,regression,1,0,42,nan,nan,9.180084228515625,24240,6061,15150,1.1920928955078125e-06,27.23892617225647,ok,True,Food_Delivery_Time,rmse,7.623459339141846,7.344154550745107,45.0,1.835929677770518,RT (synthetic-pretrain_rdb_512_size_16b.pt),bs=16 sl=128 d=256 blocks=12 heads=8 full=False qk_norm=True random_sampling=True steps=0 eval_batches=200 ckpt=synthetic-pretrain_rdb_512_size_16b.pt
food-delivery-time,tabarena-food-delivery-time,fold-6,6,regression,1,0,42,nan,nan,9.136846542358398,24240,6060,15151,1.1920928955078125e-06,26.73774027824402,ok,True,Food_Delivery_Time,rmse,7.651459217071533,7.429119187402935,45.0,1.7077273549554635,RT (synthetic-pretrain_rdb_512_size_16b.pt),bs=16 sl=128 d=256 blocks=12 heads=8 full=False qk_norm=True random_sampling=True steps=0 eval_batches=200 ckpt=synthetic-pretrain_rdb_512_size_16b.pt
food-delivery-time,tabarena-food-delivery-time,fold-7,7,regression,1,0,42,nan,nan,9.129619598388672,24240,6061,15150,1.1920928955078125e-06,26.654982805252075,ok,True,Food_Delivery_Time,rmse,7.505482196807861,7.257156848907471,45.0,1.8724627494812012,RT (synthetic-pretrain_rdb_512_size_16b.pt),bs=16 sl=128 d=256 blocks=12 heads=8 full=False qk_norm=True random_sampling=True steps=0 eval_batches=200 ckpt=synthetic-pretrain_rdb_512_size_16b.pt
food-delivery-time,tabarena-food-delivery-time,fold-8,8,regression,1,0,42,nan,nan,9.147961616516113,24240,6061,15150,1.1920928955078125e-06,27.47395634651184,ok,True,Food_Delivery_Time,rmse,7.640511035919189,7.375529766082764,45.0,1.7724318504333496,RT (synthetic-pretrain_rdb_512_size_16b.pt),bs=16 sl=128 d=256 blocks=12 heads=8 full=False qk_norm=True random_sampling=True steps=0 eval_batches=200 ckpt=synthetic-pretrain_rdb_512_size_16b.pt
givemesomecredit,tabarena-givemesomecredit,fold-0,0,binary_classification,1,0,42,nan,nan,0.4670117747254683,50000,20000,50000,1.1920928955078125e-06,26.665555953979492,ok,True,GiveMeSomeCredit,roc_auc,0.1307666294219964,0.1292955816698351,45.0,0.33771619305563316,RT (synthetic-pretrain_rdb_512_size_16b.pt),bs=16 sl=128 d=256 blocks=12 heads=8 full=False qk_norm=True random_sampling=True steps=0 eval_batches=200 ckpt=synthetic-pretrain_rdb_512_size_16b.pt
givemesomecredit,tabarena-givemesomecredit,fold-1,1,binary_classification,1,0,42,nan,nan,0.4681544760653087,50000,20000,50000,1.430511474609375e-06,27.52072501182556,ok,True,GiveMeSomeCredit,roc_auc,0.135937623732584,0.134503137015007,45.0,0.3336513390503017,RT (synthetic-pretrain_rdb_512_size_16b.pt),bs=16 sl=128 d=256 blocks=12 heads=8 full=False qk_norm=True random_sampling=True steps=0 eval_batches=200 ckpt=synthetic-pretrain_rdb_512_size_16b.pt
givemesomecredit,tabarena-givemesomecredit,fold-2,2,binary_classification,1,0,42,nan,nan,0.4473323438091168,50000,20000,50000,9.5367431640625e-07,26.81230926513672,ok,True,GiveMeSomeCredit,roc_auc,0.137331541233395,0.1345064301374872,45.0,0.3128259136716296,RT (synthetic-pretrain_rdb_512_size_16b.pt),bs=16 sl=128 d=256 blocks=12 heads=8 full=False qk_norm=True random_sampling=True steps=0 eval_batches=200 ckpt=synthetic-pretrain_rdb_512_size_16b.pt
givemesomecredit,tabarena-givemesomecredit,fold-3,3,binary_classification,1,0,42,nan,nan,0.45954515585006406,50000,20000,50000,1.1920928955078125e-06,27.299901962280273,ok,True,GiveMeSomeCredit,roc_auc,0.1342512564336455,0.1324052288089716,45.0,0.32713992704109246,RT (synthetic-pretrain_rdb_512_size_16b.pt),bs=16 sl=128 d=256 blocks=12 heads=8 full=False qk_norm=True random_sampling=True steps=0 eval_batches=200 ckpt=synthetic-pretrain_rdb_512_size_16b.pt
givemesomecredit,tabarena-givemesomecredit,fold-4,4,binary_classification,1,0,42,nan,nan,0.4525595131418312,50000,20000,50000,9.5367431640625e-07,26.789724826812744,ok,True,GiveMeSomeCredit,roc_auc,0.1319660410644614,0.1302036209135428,45.0,0.3223558922282884,RT (synthetic-pretrain_rdb_512_size_16b.pt),bs=16 sl=128 d=256 blocks=12 heads=8 full=False qk_norm=True random_sampling=True steps=0 eval_batches=200 ckpt=synthetic-pretrain_rdb_512_size_16b.pt
givemesomecredit,tabarena-givemesomecredit,fold-5,5,binary_classification,1,0,42,nan,nan,0.49017368754011326,50000,20000,50000,1.1920928955078125e-06,26.510006427764893,ok,True,GiveMeSomeCredit,roc_auc,0.1376968020657543,0.1356248508475246,45.0,0.35454883669258863,RT (synthetic-pretrain_rdb_512_size_16b.pt),bs=16 sl=128 d=256 blocks=12 heads=8 full=False qk_norm=True random_sampling=True steps=0 eval_batches=200 ckpt=synthetic-pretrain_rdb_512_size_16b.pt
givemesomecredit,tabarena-givemesomecredit,fold-6,6,binary_classification,1,0,42,nan,nan,0.466075862502087,50000,20000,50000,1.430511474609375e-06,27.405061721801758,ok,True,GiveMeSomeCredit,roc_auc,0.1341978033160762,0.1330788855914483,45.0,0.3329969769106387,RT (synthetic-pretrain_rdb_512_size_16b.pt),bs=16 sl=128 d=256 blocks=12 heads=8 full=False qk_norm=True random_sampling=True steps=0 eval_batches=200 ckpt=synthetic-pretrain_rdb_512_size_16b.pt
givemesomecredit,tabarena-givemesomecredit,fold-7,7,binary_classification,1,0,42,nan,nan,0.48134532403854546,50000,20000,50000,1.6689300537109375e-06,26.715460538864136,ok,True,GiveMeSomeCredit,roc_auc,0.1344527076700753,0.1321801806024042,45.0,0.34916514343614125,RT (synthetic-pretrain_rdb_512_size_16b.pt),bs=16 sl=128 d=256 blocks=12 heads=8 full=False qk_norm=True random_sampling=True steps=0 eval_batches=200 ckpt=synthetic-pretrain_rdb_512_size_16b.pt
givemesomecredit,tabarena-givemesomecredit,fold-8,8,binary_classification,1,0,42,nan,nan,0.45265524884389574,50000,20000,50000,1.430511474609375e-06,27.301541805267334,ok,True,GiveMeSomeCredit,roc_auc,0.1344876237466927,0.1329698886884841,45.0,0.3196853601554116,RT (synthetic-pretrain_rdb_512_size_16b.pt),bs=16 sl=128 d=256 blocks=12 heads=8 full=False qk_norm=True random_sampling=True steps=0 eval_batches=200 ckpt=synthetic-pretrain_rdb_512_size_16b.pt
hazelnut-spread-contaminant-detection,tabarena-hazelnut-spread-contaminant-detection,fold-0,0,binary_classification,1,0,42,nan,nan,0.37465000000000004,1280,320,800,1.430511474609375e-06,6.723403215408325,ok,True,hazelnut-spread-contaminant-detection,roc_auc,0.0331312499999999,0.01004375,45.0,0.36460625,RT (synthetic-pretrain_rdb_512_size_16b.pt),bs=16 sl=128 d=256 blocks=12 heads=8 full=False qk_norm=True random_sampling=True steps=0 eval_batches=200 ckpt=synthetic-pretrain_rdb_512_size_16b.pt
hazelnut-spread-contaminant-detection,tabarena-hazelnut-spread-contaminant-detection,fold-1,1,binary_classification,1,0,42,nan,nan,0.3674843750000001,1280,320,800,1.6689300537109375e-06,6.7802698612213135,ok,True,hazelnut-spread-contaminant-detection,roc_auc,0.02900625,0.011375,45.0,0.35610937500000006,RT (synthetic-pretrain_rdb_512_size_16b.pt),bs=16 sl=128 d=256 blocks=12 heads=8 full=False qk_norm=True random_sampling=True steps=0 eval_batches=200 ckpt=synthetic-pretrain_rdb_512_size_16b.pt
hazelnut-spread-contaminant-detection,tabarena-hazelnut-spread-contaminant-detection,fold-2,2,binary_classification,1,0,42,nan,nan,0.33175937499999997,1280,320,800,1.430511474609375e-06,6.74754524230957,ok,True,hazelnut-spread-contaminant-detection,roc_auc,0.0263687499999999,0.0044312499999999,45.0,0.3273281250000001,RT (synthetic-pretrain_rdb_512_size_16b.pt),bs=16 sl=128 d=256 blocks=12 heads=8 full=False qk_norm=True random_sampling=True steps=0 eval_batches=200 ckpt=synthetic-pretrain_rdb_512_size_16b.pt
hazelnut-spread-contaminant-detection,tabarena-hazelnut-spread-contaminant-detection,fold-3,3,binary_classification,1,0,42,nan,nan,0.3438,1280,320,800,1.430511474609375e-06,6.715252876281738,ok,True,hazelnut-spread-contaminant-detection,roc_auc,0.02924375,0.00864375,45.0,0.33515625,RT (synthetic-pretrain_rdb_512_size_16b.pt),bs=16 sl=128 d=256 blocks=12 heads=8 full=False qk_norm=True random_sampling=True steps=0 eval_batches=200 ckpt=synthetic-pretrain_rdb_512_size_16b.pt
hazelnut-spread-contaminant-detection,tabarena-hazelnut-spread-contaminant-detection,fold-4,4,binary_classification,1,0,42,nan,nan,0.36935937499999993,1280,320,800,1.430511474609375e-06,6.7458815574646,ok,True,hazelnut-spread-contaminant-detection,roc_auc,0.0196749999999999,0.0049999999999998,45.0,0.36435937500000015,RT (synthetic-pretrain_rdb_512_size_16b.pt),bs=16 sl=128 d=256 blocks=12 heads=8 full=False qk_norm=True random_sampling=True steps=0 eval_batches=200 ckpt=synthetic-pretrain_rdb_512_size_16b.pt
hazelnut-spread-contaminant-detection,tabarena-hazelnut-spread-contaminant-detection,fold-5,5,binary_classification,1,0,42,nan,nan,0.381334375,1280,320,800,1.430511474609375e-06,6.70112419128418,ok,True,hazelnut-spread-contaminant-detection,roc_auc,0.030725,0.00635,45.0,0.374984375,RT (synthetic-pretrain_rdb_512_size_16b.pt),bs=16 sl=128 d=256 blocks=12 heads=8 full=False qk_norm=True random_sampling=True steps=0 eval_batches=200 ckpt=synthetic-pretrain_rdb_512_size_16b.pt
hazelnut-spread-contaminant-detection,tabarena-hazelnut-spread-contaminant-detection,fold-6,6,binary_classification,1,0,42,nan,nan,0.3637656250000001,1280,320,800,1.430511474609375e-06,6.697862386703491,ok,True,hazelnut-spread-contaminant-detection,roc_auc,0.0293874999999999,0.00598125,45.0,0.3577843750000001,RT (synthetic-pretrain_rdb_512_size_16b.pt),bs=16 sl=128 d=256 blocks=12 heads=8 full=False qk_norm=True random_sampling=True steps=0 eval_batches=200 ckpt=synthetic-pretrain_rdb_512_size_16b.pt
hazelnut-spread-contaminant-detection,tabarena-hazelnut-spread-contaminant-detection,fold-7,7,binary_classification,1,0,42,nan,nan,0.386821875,1280,320,800,1.1920928955078125e-06,7.5286335945129395,ok,True,hazelnut-spread-contaminant-detection,roc_auc,0.0347124999999999,0.0083937499999999,45.0,0.37842812500000006,RT (synthetic-pretrain_rdb_512_size_16b.pt),bs=16 sl=128 d=256 blocks=12 heads=8 full=False qk_norm=True random_sampling=True steps=0 eval_batches=200 ckpt=synthetic-pretrain_rdb_512_size_16b.pt
hazelnut-spread-contaminant-detection,tabarena-hazelnut-spread-contaminant-detection,fold-8,8,binary_classification,1,0,42,nan,nan,0.38874062499999995,1280,320,800,1.6689300537109375e-06,6.70760703086853,ok,True,hazelnut-spread-contaminant-detection,roc_auc,0.02223125,0.0056374999999999,45.0,0.38310312500000004,RT (synthetic-pretrain_rdb_512_size_16b.pt),bs=16 sl=128 d=256 blocks=12 heads=8 full=False qk_norm=True random_sampling=True steps=0 eval_batches=200 ckpt=synthetic-pretrain_rdb_512_size_16b.pt
hazelnut-spread-contaminant-detection,tabarena-hazelnut-spread-contaminant-detection,fold-9,9,binary_classification,1,0,42,nan,nan,0.3552281250000001,1280,320,800,1.430511474609375e-06,6.757353782653809,ok,True,hazelnut-spread-contaminant-detection,roc_auc,0.02261875,0.00475,45.0,0.35047812500000014,RT (synthetic-pretrain_rdb_512_size_16b.pt),bs=16 sl=128 d=256 blocks=12 heads=8 full=False qk_norm=True random_sampling=True steps=0 eval_batches=200 ckpt=synthetic-pretrain_rdb_512_size_16b.pt
hazelnut-spread-contaminant-detection,tabarena-hazelnut-spread-contaminant-detection,fold-10,10,binary_classification,1,0,42,nan,nan,0.373725,1280,320,800,1.1920928955078125e-06,6.767423391342163,ok,True,hazelnut-spread-contaminant-detection,roc_auc,0.0248625,0.00675625,45.0,0.36696874999999995,RT (synthetic-pretrain_rdb_512_size_16b.pt),bs=16 sl=128 d=256 blocks=12 heads=8 full=False qk_norm=True random_sampling=True steps=0 eval_batches=200 ckpt=synthetic-pretrain_rdb_512_size_16b.pt
hazelnut-spread-contaminant-detection,tabarena-hazelnut-spread-contaminant-detection,fold-11,11,binary_classification,1,0,42,nan,nan,0.37258437499999997,1280,320,800,9.5367431640625e-07,6.72322678565979,ok,True,hazelnut-spread-contaminant-detection,roc_auc,0.0334249999999999,0.0108187499999998,45.0,0.36176562500000015,RT (synthetic-pretrain_rdb_512_size_16b.pt),bs=16 sl=128 d=256 blocks=12 heads=8 full=False qk_norm=True random_sampling=True steps=0 eval_batches=200 ckpt=synthetic-pretrain_rdb_512_size_16b.pt
hazelnut-spread-contaminant-detection,tabarena-hazelnut-spread-contaminant-detection,fold-12,12,binary_classification,1,0,42,nan,nan,0.3601812499999999,1280,320,800,1.430511474609375e-06,6.71197772026062,ok,True,hazelnut-spread-contaminant-detection,roc_auc,0.0244999999999999,0.0083437499999998,45.0,0.3518375000000001,RT (synthetic-pretrain_rdb_512_size_16b.pt),bs=16 sl=128 d=256 blocks=12 heads=8 full=False qk_norm=True random_sampling=True steps=0 eval_batches=200 ckpt=synthetic-pretrain_rdb_512_size_16b.pt
hazelnut-spread-contaminant-detection,tabarena-hazelnut-spread-contaminant-detection,fold-13,13,binary_classification,1,0,42,nan,nan,0.3796250000000001,1280,320,800,1.430511474609375e-06,6.7031779289245605,ok,True,hazelnut-spread-contaminant-detection,roc_auc,0.0296374999999999,0.00931875,45.0,0.3703062500000001,RT (synthetic-pretrain_rdb_512_size_16b.pt),bs=16 sl=128 d=256 blocks=12 heads=8 full=False qk_norm=True random_sampling=True steps=0 eval_batches=200 ckpt=synthetic-pretrain_rdb_512_size_16b.pt
hazelnut-spread-contaminant-detection,tabarena-hazelnut-spread-contaminant-detection,fold-14,14,binary_classification,1,0,42,nan,nan,0.373484375,1280,320,800,1.430511474609375e-06,6.700367450714111,ok,True,hazelnut-spread-contaminant-detection,roc_auc,0.0278,0.00351875,45.0,0.36996562499999996,RT (synthetic-pretrain_rdb_512_size_16b.pt),bs=16 sl=128 d=256 blocks=12 heads=8 full=False qk_norm=True random_sampling=True steps=0 eval_batches=200 ckpt=synthetic-pretrain_rdb_512_size_16b.pt
hazelnut-spread-contaminant-detection,tabarena-hazelnut-spread-contaminant-detection,fold-15,15,binary_classification,1,0,42,nan,nan,0.36971875,1280,320,800,1.1920928955078125e-06,6.693666219711304,ok,True,hazelnut-spread-contaminant-detection,roc_auc,0.0177374999999999,0.0045187499999999,45.0,0.3652000000000001,RT (synthetic-pretrain_rdb_512_size_16b.pt),bs=16 sl=128 d=256 blocks=12 heads=8 full=False qk_norm=True random_sampling=True steps=0 eval_batches=200 ckpt=synthetic-pretrain_rdb_512_size_16b.pt
hazelnut-spread-contaminant-detection,tabarena-hazelnut-spread-contaminant-detection,fold-16,16,binary_classification,1,0,42,nan,nan,0.38069375000000005,1280,320,800,1.1920928955078125e-06,7.54474401473999,ok,True,hazelnut-spread-contaminant-detection,roc_auc,0.0267875,0.00805,45.0,0.37264375000000005,RT (synthetic-pretrain_rdb_512_size_16b.pt),bs=16 sl=128 d=256 blocks=12 heads=8 full=False qk_norm=True random_sampling=True steps=0 eval_batches=200 ckpt=synthetic-pretrain_rdb_512_size_16b.pt
hazelnut-spread-contaminant-detection,tabarena-hazelnut-spread-contaminant-detection,fold-17,17,binary_classification,1,0,42,nan,nan,0.359815625,1280,320,800,1.6689300537109375e-06,6.713170051574707,ok,True,hazelnut-spread-contaminant-detection,roc_auc,0.0300312499999999,0.00968125,45.0,0.350134375,RT (synthetic-pretrain_rdb_512_size_16b.pt),bs=16 sl=128 d=256 blocks=12 heads=8 full=False qk_norm=True random_sampling=True steps=0 eval_batches=200 ckpt=synthetic-pretrain_rdb_512_size_16b.pt
hazelnut-spread-contaminant-detection,tabarena-hazelnut-spread-contaminant-detection,fold-18,18,binary_classification,1,0,42,nan,nan,0.37287187499999996,1280,320,800,1.1920928955078125e-06,6.7661659717559814,ok,True,hazelnut-spread-contaminant-detection,roc_auc,0.0266812499999999,0.0045312499999999,45.0,0.3683406250000001,RT (synthetic-pretrain_rdb_512_size_16b.pt),bs=16 sl=128 d=256 blocks=12 heads=8 full=False qk_norm=True random_sampling=True steps=0 eval_batches=200 ckpt=synthetic-pretrain_rdb_512_size_16b.pt
hazelnut-spread-contaminant-detection,tabarena-hazelnut-spread-contaminant-detection,fold-19,19,binary_classification,1,0,42,nan,nan,0.3606250000000001,1280,320,800,9.5367431640625e-07,6.774892330169678,ok,True,hazelnut-spread-contaminant-detection,roc_auc,0.033275,0.0080062499999999,45.0,0.3526187500000002,RT (synthetic-pretrain_rdb_512_size_16b.pt),bs=16 sl=128 d=256 blocks=12 heads=8 full=False qk_norm=True random_sampling=True steps=0 eval_batches=200 ckpt=synthetic-pretrain_rdb_512_size_16b.pt
hazelnut-spread-contaminant-detection,tabarena-hazelnut-spread-contaminant-detection,fold-20,20,binary_classification,1,0,42,nan,nan,0.36797499999999994,1280,320,800,1.6689300537109375e-06,6.726762771606445,ok,True,hazelnut-spread-contaminant-detection,roc_auc,0.0257812499999999,0.0058,45.0,0.3621749999999999,RT (synthetic-pretrain_rdb_512_size_16b.pt),bs=16 sl=128 d=256 blocks=12 heads=8 full=False qk_norm=True random_sampling=True steps=0 eval_batches=200 ckpt=synthetic-pretrain_rdb_512_size_16b.pt
hazelnut-spread-contaminant-detection,tabarena-hazelnut-spread-contaminant-detection,fold-21,21,binary_classification,1,0,42,nan,nan,0.34433749999999996,1280,320,800,1.6689300537109375e-06,6.72252082824707,ok,True,hazelnut-spread-contaminant-detection,roc_auc,0.02369375,0.0052875000000001,45.0,0.33904999999999985,RT (synthetic-pretrain_rdb_512_size_16b.pt),bs=16 sl=128 d=256 blocks=12 heads=8 full=False qk_norm=True random_sampling=True steps=0 eval_batches=200 ckpt=synthetic-pretrain_rdb_512_size_16b.pt
hazelnut-spread-contaminant-detection,tabarena-hazelnut-spread-contaminant-detection,fold-22,22,binary_classification,1,0,42,nan,nan,0.34287812500000003,1280,320,800,1.430511474609375e-06,6.709295988082886,ok,True,hazelnut-spread-contaminant-detection,roc_auc,0.0289187499999999,0.0074749999999998,45.0,0.33540312500000025,RT (synthetic-pretrain_rdb_512_size_16b.pt),bs=16 sl=128 d=256 blocks=12 heads=8 full=False qk_norm=True random_sampling=True steps=0 eval_batches=200 ckpt=synthetic-pretrain_rdb_512_size_16b.pt
hazelnut-spread-contaminant-detection,tabarena-hazelnut-spread-contaminant-detection,fold-23,23,binary_classification,1,0,42,nan,nan,0.37635625000000006,1280,320,800,1.430511474609375e-06,6.701108694076538,ok,True,hazelnut-spread-contaminant-detection,roc_auc,0.0236249999999998,0.0075999999999999,45.0,0.3687562500000002,RT (synthetic-pretrain_rdb_512_size_16b.pt),bs=16 sl=128 d=256 blocks=12 heads=8 full=False qk_norm=True random_sampling=True steps=0 eval_batches=200 ckpt=synthetic-pretrain_rdb_512_size_16b.pt
hazelnut-spread-contaminant-detection,tabarena-hazelnut-spread-contaminant-detection,fold-24,24,binary_classification,1,0,42,nan,nan,0.38008437500000003,1280,320,800,1.6689300537109375e-06,6.707182884216309,ok,True,hazelnut-spread-contaminant-detection,roc_auc,0.0282875,0.0102499999999999,45.0,0.3698343750000001,RT (synthetic-pretrain_rdb_512_size_16b.pt),bs=16 sl=128 d=256 blocks=12 heads=8 full=False qk_norm=True random_sampling=True steps=0 eval_batches=200 ckpt=synthetic-pretrain_rdb_512_size_16b.pt
hazelnut-spread-contaminant-detection,tabarena-hazelnut-spread-contaminant-detection,fold-25,25,binary_classification,1,0,42,nan,nan,0.3849906249999999,1280,320,800,1.1920928955078125e-06,7.565794467926025,ok,True,hazelnut-spread-contaminant-detection,roc_auc,0.0339875,0.0042562499999999,45.0,0.380734375,RT (synthetic-pretrain_rdb_512_size_16b.pt),bs=16 sl=128 d=256 blocks=12 heads=8 full=False qk_norm=True random_sampling=True steps=0 eval_batches=200 ckpt=synthetic-pretrain_rdb_512_size_16b.pt
hazelnut-spread-contaminant-detection,tabarena-hazelnut-spread-contaminant-detection,fold-26,26,binary_classification,1,0,42,nan,nan,0.347596875,1280,320,800,1.430511474609375e-06,6.719995498657227,ok,True,hazelnut-spread-contaminant-detection,roc_auc,0.0209749999999999,0.0085937499999998,45.0,0.33900312500000024,RT (synthetic-pretrain_rdb_512_size_16b.pt),bs=16 sl=128 d=256 blocks=12 heads=8 full=False qk_norm=True random_sampling=True steps=0 eval_batches=200 ckpt=synthetic-pretrain_rdb_512_size_16b.pt
hazelnut-spread-contaminant-detection,tabarena-hazelnut-spread-contaminant-detection,fold-27,27,binary_classification,1,0,42,nan,nan,0.371275,1280,320,800,1.1920928955078125e-06,6.7645041942596436,ok,True,hazelnut-spread-contaminant-detection,roc_auc,0.0246312499999999,0.0071124999999999,45.0,0.3641625000000001,RT (synthetic-pretrain_rdb_512_size_16b.pt),bs=16 sl=128 d=256 blocks=12 heads=8 full=False qk_norm=True random_sampling=True steps=0 eval_batches=200 ckpt=synthetic-pretrain_rdb_512_size_16b.pt
hazelnut-spread-contaminant-detection,tabarena-hazelnut-spread-contaminant-detection,fold-28,28,binary_classification,1,0,42,nan,nan,0.36200937499999997,1280,320,800,1.1920928955078125e-06,6.7867350578308105,ok,True,hazelnut-spread-contaminant-detection,roc_auc,0.02255625,0.0069187499999998,45.0,0.35509062500000016,RT (synthetic-pretrain_rdb_512_size_16b.pt),bs=16 sl=128 d=256 blocks=12 heads=8 full=False qk_norm=True random_sampling=True steps=0 eval_batches=200 ckpt=synthetic-pretrain_rdb_512_size_16b.pt
hazelnut-spread-contaminant-detection,tabarena-hazelnut-spread-contaminant-detection,fold-29,29,binary_classification,1,0,42,nan,nan,0.35069375,1280,320,800,1.430511474609375e-06,6.731835126876831,ok,True,hazelnut-spread-contaminant-detection,roc_auc,0.0351249999999999,0.0076062499999999,45.0,0.3430875000000001,RT (synthetic-pretrain_rdb_512_size_16b.pt),bs=16 sl=128 d=256 blocks=12 heads=8 full=False qk_norm=True random_sampling=True steps=0 eval_batches=200 ckpt=synthetic-pretrain_rdb_512_size_16b.pt
healthcare-insurance-expenses,tabarena-healthcare-insurance-expenses,fold-0,0,regression,1,0,42,nan,nan,11362.8759765625,713,179,446,1.430511474609375e-06,3.8900928497314453,ok,True,healthcare_insurance_expenses,rmse,4235.509729780342,4051.243121262965,45.0,7311.632855299535,RT (synthetic-pretrain_rdb_512_size_16b.pt),bs=16 sl=128 d=256 blocks=12 heads=8 full=False qk_norm=True random_sampling=True steps=0 eval_batches=200 ckpt=synthetic-pretrain_rdb_512_size_16b.pt
healthcare-insurance-expenses,tabarena-healthcare-insurance-expenses,fold-1,1,regression,1,0,42,nan,nan,12792.0498046875,713,179,446,1.1920928955078125e-06,3.8786611557006836,ok,True,healthcare_insurance_expenses,rmse,5195.334947490173,5085.522878734649,45.0,7706.526925952851,RT (synthetic-pretrain_rdb_512_size_16b.pt),bs=16 sl=128 d=256 blocks=12 heads=8 full=False qk_norm=True random_sampling=True steps=0 eval_batches=200 ckpt=synthetic-pretrain_rdb_512_size_16b.pt
healthcare-insurance-expenses,tabarena-healthcare-insurance-expenses,fold-2,2,regression,1,0,42,nan,nan,12004.0517578125,713,179,446,1.430511474609375e-06,3.887758493423462,ok,True,healthcare_insurance_expenses,rmse,4430.22835810586,4200.877065650213,45.0,7803.174692162287,RT (synthetic-pretrain_rdb_512_size_16b.pt),bs=16 sl=128 d=256 blocks=12 heads=8 full=False qk_norm=True random_sampling=True steps=0 eval_batches=200 ckpt=synthetic-pretrain_rdb_512_size_16b.pt
healthcare-insurance-expenses,tabarena-healthcare-insurance-expenses,fold-3,3,regression,1,0,42,nan,nan,12816.9775390625,713,179,446,1.430511474609375e-06,3.881625175476074,ok,True,healthcare_insurance_expenses,rmse,4344.608165689371,4121.156104461971,45.0,8695.82143460053,RT (synthetic-pretrain_rdb_512_size_16b.pt),bs=16 sl=128 d=256 blocks=12 heads=8 full=False qk_norm=True random_sampling=True steps=0 eval_batches=200 ckpt=synthetic-pretrain_rdb_512_size_16b.pt
healthcare-insurance-expenses,tabarena-healthcare-insurance-expenses,fold-4,4,regression,1,0,42,nan,nan,12549.1181640625,713,179,446,1.430511474609375e-06,3.900477886199951,ok,True,healthcare_insurance_expenses,rmse,5124.386969883266,5025.931661352429,45.0,7523.186502710071,RT (synthetic-pretrain_rdb_512_size_16b.pt),bs=16 sl=128 d=256 blocks=12 heads=8 full=False qk_norm=True random_sampling=True steps=0 eval_batches=200 ckpt=synthetic-pretrain_rdb_512_size_16b.pt
healthcare-insurance-expenses,tabarena-healthcare-insurance-expenses,fold-5,5,regression,1,0,42,nan,nan,10995.43359375,713,179,446,1.1920928955078125e-06,3.8905692100524902,ok,True,healthcare_insurance_expenses,rmse,4382.457827600403,4219.142441802528,45.0,6776.291151947472,RT (synthetic-pretrain_rdb_512_size_16b.pt),bs=16 sl=128 d=256 blocks=12 heads=8 full=False qk_norm=True random_sampling=True steps=0 eval_batches=200 ckpt=synthetic-pretrain_rdb_512_size_16b.pt
healthcare-insurance-expenses,tabarena-healthcare-insurance-expenses,fold-6,6,regression,1,0,42,nan,nan,12531.6220703125,713,179,446,9.5367431640625e-07,3.8808257579803467,ok,True,healthcare_insurance_expenses,rmse,4684.737615306317,4385.302749575574,45.0,8146.319320736926,RT (synthetic-pretrain_rdb_512_size_16b.pt),bs=16 sl=128 d=256 blocks=12 heads=8 full=False qk_norm=True random_sampling=True steps=0 eval_batches=200 ckpt=synthetic-pretrain_rdb_512_size_16b.pt
healthcare-insurance-expenses,tabarena-healthcare-insurance-expenses,fold-7,7,regression,1,0,42,nan,nan,11973.9931640625,713,179,446,9.5367431640625e-07,4.7684102058410645,ok,True,healthcare_insurance_expenses,rmse,4456.206781984524,4399.092786963155,45.0,7574.900377099345,RT (synthetic-pretrain_rdb_512_size_16b.pt),bs=16 sl=128 d=256 blocks=12 heads=8 full=False qk_norm=True random_sampling=True steps=0 eval_batches=200 ckpt=synthetic-pretrain_rdb_512_size_16b.pt
healthcare-insurance-expenses,tabarena-healthcare-insurance-expenses,fold-8,8,regression,1,0,42,nan,nan,11668.8896484375,713,179,446,1.1920928955078125e-06,3.874154567718506,ok,True,healthcare_insurance_expenses,rmse,4712.556825229962,4546.641443766882,45.0,7122.248204670618,RT (synthetic-pretrain_rdb_512_size_16b.pt),bs=16 sl=128 d=256 blocks=12 heads=8 full=False qk_norm=True random_sampling=True steps=0 eval_batches=200 ckpt=synthetic-pretrain_rdb_512_size_16b.pt
healthcare-insurance-expenses,tabarena-healthcare-insurance-expenses,fold-9,9,regression,1,0,42,nan,nan,12502.7861328125,713,179,446,1.1920928955078125e-06,3.900482177734375,ok,True,healthcare_insurance_expenses,rmse,4309.718143936859,4185.883431185328,45.0,8316.902701627172,RT (synthetic-pretrain_rdb_512_size_16b.pt),bs=16 sl=128 d=256 blocks=12 heads=8 full=False qk_norm=True random_sampling=True steps=0 eval_batches=200 ckpt=synthetic-pretrain_rdb_512_size_16b.pt
healthcare-insurance-expenses,tabarena-healthcare-insurance-expenses,fold-10,10,regression,1,0,42,nan,nan,11489.7294921875,713,179,446,1.1920928955078125e-06,3.9188156127929688,ok,True,healthcare_insurance_expenses,rmse,4654.195416815919,4530.010202953888,45.0,6959.719289233612,RT (synthetic-pretrain_rdb_512_size_16b.pt),bs=16 sl=128 d=256 blocks=12 heads=8 full=False qk_norm=True random_sampling=True steps=0 eval_batches=200 ckpt=synthetic-pretrain_rdb_512_size_16b.pt
healthcare-insurance-expenses,tabarena-healthcare-insurance-expenses,fold-11,11,regression,1,0,42,nan,nan,12113.208984375,713,179,446,1.1920928955078125e-06,3.9324028491973877,ok,True,healthcare_insurance_expenses,rmse,4785.297689357815,4605.593912707114,45.0,7507.615071667886,RT (synthetic-pretrain_rdb_512_size_16b.pt),bs=16 sl=128 d=256 blocks=12 heads=8 full=False qk_norm=True random_sampling=True steps=0 eval_batches=200 ckpt=synthetic-pretrain_rdb_512_size_16b.pt
healthcare-insurance-expenses,tabarena-healthcare-insurance-expenses,fold-12,12,regression,1,0,42,nan,nan,11902.2412109375,713,179,446,1.430511474609375e-06,3.922112464904785,ok,True,healthcare_insurance_expenses,rmse,4620.800050455883,4397.718761642952,45.0,7504.522449294548,RT (synthetic-pretrain_rdb_512_size_16b.pt),bs=16 sl=128 d=256 blocks=12 heads=8 full=False qk_norm=True random_sampling=True steps=0 eval_batches=200 ckpt=synthetic-pretrain_rdb_512_size_16b.pt
healthcare-insurance-expenses,tabarena-healthcare-insurance-expenses,fold-13,13,regression,1,0,42,nan,nan,11639.58203125,713,179,446,1.1920928955078125e-06,3.9004578590393066,ok,True,healthcare_insurance_expenses,rmse,4570.711870677453,4456.565819576823,45.0,7183.016211673177,RT (synthetic-pretrain_rdb_512_size_16b.pt),bs=16 sl=128 d=256 blocks=12 heads=8 full=False qk_norm=True random_sampling=True steps=0 eval_batches=200 ckpt=synthetic-pretrain_rdb_512_size_16b.pt
healthcare-insurance-expenses,tabarena-healthcare-insurance-expenses,fold-14,14,regression,1,0,42,nan,nan,12677.4833984375,713,179,446,1.430511474609375e-06,3.897704839706421,ok,True,healthcare_insurance_expenses,rmse,4654.856596724014,4499.039412851011,45.0,8178.443985586489,RT (synthetic-pretrain_rdb_512_size_16b.pt),bs=16 sl=128 d=256 blocks=12 heads=8 full=False qk_norm=True random_sampling=True steps=0 eval_batches=200 ckpt=synthetic-pretrain_rdb_512_size_16b.pt
healthcare-insurance-expenses,tabarena-healthcare-insurance-expenses,fold-15,15,regression,1,0,42,nan,nan,11746.173828125,713,179,446,1.1920928955078125e-06,3.901909589767456,ok,True,healthcare_insurance_expenses,rmse,4285.2926472462905,4217.261590928462,45.0,7528.912237196538,RT (synthetic-pretrain_rdb_512_size_16b.pt),bs=16 sl=128 d=256 blocks=12 heads=8 full=False qk_norm=True random_sampling=True steps=0 eval_batches=200 ckpt=synthetic-pretrain_rdb_512_size_16b.pt
healthcare-insurance-expenses,tabarena-healthcare-insurance-expenses,fold-16,16,regression,1,0,42,nan,nan,12265.1240234375,713,179,446,1.1920928955078125e-06,3.8923146724700928,ok,True,healthcare_insurance_expenses,rmse,4854.941285357851,4759.068665229225,45.0,7506.055358208275,RT (synthetic-pretrain_rdb_512_size_16b.pt),bs=16 sl=128 d=256 blocks=12 heads=8 full=False qk_norm=True random_sampling=True steps=0 eval_batches=200 ckpt=synthetic-pretrain_rdb_512_size_16b.pt
healthcare-insurance-expenses,tabarena-healthcare-insurance-expenses,fold-17,17,regression,1,0,42,nan,nan,12184.25,713,179,446,1.1920928955078125e-06,3.859156608581543,ok,True,healthcare_insurance_expenses,rmse,4641.112933172756,4329.8380285136745,45.0,7854.4119714863255,RT (synthetic-pretrain_rdb_512_size_16b.pt),bs=16 sl=128 d=256 blocks=12 heads=8 full=False qk_norm=True random_sampling=True steps=0 eval_batches=200 ckpt=synthetic-pretrain_rdb_512_size_16b.pt
healthcare-insurance-expenses,tabarena-healthcare-insurance-expenses,fold-18,18,regression,1,0,42,nan,nan,12134.4306640625,713,179,446,1.6689300537109375e-06,3.90118408203125,ok,True,healthcare_insurance_expenses,rmse,4170.137055497448,3977.313274733204,45.0,8157.117389329296,RT (synthetic-pretrain_rdb_512_size_16b.pt),bs=16 sl=128 d=256 blocks=12 heads=8 full=False qk_norm=True random_sampling=True steps=0 eval_batches=200 ckpt=synthetic-pretrain_rdb_512_size_16b.pt
healthcare-insurance-expenses,tabarena-healthcare-insurance-expenses,fold-19,19,regression,1,0,42,nan,nan,12166.0341796875,713,179,446,1.1920928955078125e-06,3.882904052734375,ok,True,healthcare_insurance_expenses,rmse,4922.095664711411,4810.660566457966,45.0,7355.373613229534,RT (synthetic-pretrain_rdb_512_size_16b.pt),bs=16 sl=128 d=256 blocks=12 heads=8 full=False qk_norm=True random_sampling=True steps=0 eval_batches=200 ckpt=synthetic-pretrain_rdb_512_size_16b.pt
healthcare-insurance-expenses,tabarena-healthcare-insurance-expenses,fold-20,20,regression,1,0,42,nan,nan,11982.396484375,713,179,446,1.1920928955078125e-06,3.8911170959472656,ok,True,healthcare_insurance_expenses,rmse,4800.633283510969,4589.870985226183,45.0,7392.525499148817,RT (synthetic-pretrain_rdb_512_size_16b.pt),bs=16 sl=128 d=256 blocks=12 heads=8 full=False qk_norm=True random_sampling=True steps=0 eval_batches=200 ckpt=synthetic-pretrain_rdb_512_size_16b.pt
healthcare-insurance-expenses,tabarena-healthcare-insurance-expenses,fold-21,21,regression,1,0,42,nan,nan,11612.470703125,713,179,446,1.430511474609375e-06,3.887566089630127,ok,True,healthcare_insurance_expenses,rmse,4684.859261180861,4645.681765456135,45.0,6966.788937668865,RT (synthetic-pretrain_rdb_512_size_16b.pt),bs=16 sl=128 d=256 blocks=12 heads=8 full=False qk_norm=True random_sampling=True steps=0 eval_batches=200 ckpt=synthetic-pretrain_rdb_512_size_16b.pt
healthcare-insurance-expenses,tabarena-healthcare-insurance-expenses,fold-22,22,regression,1,0,42,nan,nan,12758.208984375,713,179,446,1.1920928955078125e-06,4.751089334487915,ok,True,healthcare_insurance_expenses,rmse,4709.775661396825,4466.121744333891,45.0,8292.08724004111,RT (synthetic-pretrain_rdb_512_size_16b.pt),bs=16 sl=128 d=256 blocks=12 heads=8 full=False qk_norm=True random_sampling=True steps=0 eval_batches=200 ckpt=synthetic-pretrain_rdb_512_size_16b.pt
healthcare-insurance-expenses,tabarena-healthcare-insurance-expenses,fold-23,23,regression,1,0,42,nan,nan,11651.7119140625,713,179,446,9.5367431640625e-07,3.874113082885742,ok,True,healthcare_insurance_expenses,rmse,4386.146980987578,4221.287537025312,45.0,7430.424377037188,RT (synthetic-pretrain_rdb_512_size_16b.pt),bs=16 sl=128 d=256 blocks=12 heads=8 full=False qk_norm=True random_sampling=True steps=0 eval_batches=200 ckpt=synthetic-pretrain_rdb_512_size_16b.pt
healthcare-insurance-expenses,tabarena-healthcare-insurance-expenses,fold-24,24,regression,1,0,42,nan,nan,12523.1640625,713,179,446,1.430511474609375e-06,3.9123311042785645,ok,True,healthcare_insurance_expenses,rmse,4453.11105030629,4332.566257096058,45.0,8190.597805403942,RT (synthetic-pretrain_rdb_512_size_16b.pt),bs=16 sl=128 d=256 blocks=12 heads=8 full=False qk_norm=True random_sampling=True steps=0 eval_batches=200 ckpt=synthetic-pretrain_rdb_512_size_16b.pt
healthcare-insurance-expenses,tabarena-healthcare-insurance-expenses,fold-25,25,regression,1,0,42,nan,nan,11827.8251953125,713,179,446,1.430511474609375e-06,3.9218993186950684,ok,True,healthcare_insurance_expenses,rmse,4264.067042542702,4122.150573996433,45.0,7705.674621316067,RT (synthetic-pretrain_rdb_512_size_16b.pt),bs=16 sl=128 d=256 blocks=12 heads=8 full=False qk_norm=True random_sampling=True steps=0 eval_batches=200 ckpt=synthetic-pretrain_rdb_512_size_16b.pt
healthcare-insurance-expenses,tabarena-healthcare-insurance-expenses,fold-26,26,regression,1,0,42,nan,nan,11700.0830078125,713,179,446,1.1920928955078125e-06,3.928330659866333,ok,True,healthcare_insurance_expenses,rmse,5042.912059532226,4901.940595226392,45.0,6798.142412586108,RT (synthetic-pretrain_rdb_512_size_16b.pt),bs=16 sl=128 d=256 blocks=12 heads=8 full=False qk_norm=True random_sampling=True steps=0 eval_batches=200 ckpt=synthetic-pretrain_rdb_512_size_16b.pt
healthcare-insurance-expenses,tabarena-healthcare-insurance-expenses,fold-27,27,regression,1,0,42,nan,nan,11332.5419921875,713,179,446,1.1920928955078125e-06,3.92509388923645,ok,True,healthcare_insurance_expenses,rmse,3960.2461751074734,3846.575069524488,45.0,7485.966922663012,RT (synthetic-pretrain_rdb_512_size_16b.pt),bs=16 sl=128 d=256 blocks=12 heads=8 full=False qk_norm=True random_sampling=True steps=0 eval_batches=200 ckpt=synthetic-pretrain_rdb_512_size_16b.pt
healthcare-insurance-expenses,tabarena-healthcare-insurance-expenses,fold-28,28,regression,1,0,42,nan,nan,11388.08984375,713,179,446,1.430511474609375e-06,3.8994650840759277,ok,True,healthcare_insurance_expenses,rmse,4678.879350989474,4424.273015701596,45.0,6963.816828048404,RT (synthetic-pretrain_rdb_512_size_16b.pt),bs=16 sl=128 d=256 blocks=12 heads=8 full=False qk_norm=True random_sampling=True steps=0 eval_batches=200 ckpt=synthetic-pretrain_rdb_512_size_16b.pt
healthcare-insurance-expenses,tabarena-healthcare-insurance-expenses,fold-29,29,regression,1,0,42,nan,nan,13236.6591796875,713,179,446,9.5367431640625e-07,3.884185791015625,ok,True,healthcare_insurance_expenses,rmse,5295.50639428798,5087.183547206297,45.0,8149.475632481203,RT (synthetic-pretrain_rdb_512_size_16b.pt),bs=16 sl=128 d=256 blocks=12 heads=8 full=False qk_norm=True random_sampling=True steps=0 eval_batches=200 ckpt=synthetic-pretrain_rdb_512_size_16b.pt
heloc,tabarena-heloc,fold-0,0,binary_classification,1,0,42,nan,nan,0.420364452080648,5577,1395,3487,9.5367431640625e-07,26.341348886489868,ok,True,heloc,roc_auc,0.2065828592523253,0.1987966143035129,45.0,0.2215678377771351,RT (synthetic-pretrain_rdb_512_size_16b.pt),bs=16 sl=128 d=256 blocks=12 heads=8 full=False qk_norm=True random_sampling=True steps=0 eval_batches=200 ckpt=synthetic-pretrain_rdb_512_size_16b.pt
heloc,tabarena-heloc,fold-1,1,binary_classification,1,0,42,nan,nan,0.4018196247156225,5578,1395,3486,1.1920928955078125e-06,27.251336097717285,ok,True,heloc,roc_auc,0.1982990977395504,0.1918359593611789,45.0,0.2099836653544436,RT (synthetic-pretrain_rdb_512_size_16b.pt),bs=16 sl=128 d=256 blocks=12 heads=8 full=False qk_norm=True random_sampling=True steps=0 eval_batches=200 ckpt=synthetic-pretrain_rdb_512_size_16b.pt
heloc,tabarena-heloc,fold-2,2,binary_classification,1,0,42,nan,nan,0.3916332226694478,5578,1395,3486,1.430511474609375e-06,26.367683172225952,ok,True,heloc,roc_auc,0.2121652507156708,0.2013385024339405,45.0,0.19029472023550728,RT (synthetic-pretrain_rdb_512_size_16b.pt),bs=16 sl=128 d=256 blocks=12 heads=8 full=False qk_norm=True random_sampling=True steps=0 eval_batches=200 ckpt=synthetic-pretrain_rdb_512_size_16b.pt
heloc,tabarena-heloc,fold-3,3,binary_classification,1,0,42,nan,nan,0.39370617514436645,5577,1395,3487,1.1920928955078125e-06,26.247474193572998,ok,True,heloc,roc_auc,0.2109613242186727,0.2033715234974984,45.0,0.19033465164686805,RT (synthetic-pretrain_rdb_512_size_16b.pt),bs=16 sl=128 d=256 blocks=12 heads=8 full=False qk_norm=True random_sampling=True steps=0 eval_batches=200 ckpt=synthetic-pretrain_rdb_512_size_16b.pt
heloc,tabarena-heloc,fold-4,4,binary_classification,1,0,42,nan,nan,0.40731054030170655,5578,1395,3486,1.430511474609375e-06,27.314467430114746,ok,True,heloc,roc_auc,0.2023399608148737,0.1956153024480316,45.0,0.21169523785367494,RT (synthetic-pretrain_rdb_512_size_16b.pt),bs=16 sl=128 d=256 blocks=12 heads=8 full=False qk_norm=True random_sampling=True steps=0 eval_batches=200 ckpt=synthetic-pretrain_rdb_512_size_16b.pt
heloc,tabarena-heloc,fold-5,5,binary_classification,1,0,42,nan,nan,0.3930836050964147,5578,1395,3486,1.430511474609375e-06,26.28160810470581,ok,True,heloc,roc_auc,0.2042201495983009,0.195726587338232,45.0,0.1973570177581827,RT (synthetic-pretrain_rdb_512_size_16b.pt),bs=16 sl=128 d=256 blocks=12 heads=8 full=False qk_norm=True random_sampling=True steps=0 eval_batches=200 ckpt=synthetic-pretrain_rdb_512_size_16b.pt
heloc,tabarena-heloc,fold-6,6,binary_classification,1,0,42,nan,nan,0.40266496627140436,5577,1395,3487,1.430511474609375e-06,27.215911865234375,ok,True,heloc,roc_auc,0.2108047621244981,0.2031576102361945,45.0,0.19950735603520986,RT (synthetic-pretrain_rdb_512_size_16b.pt),bs=16 sl=128 d=256 blocks=12 heads=8 full=False qk_norm=True random_sampling=True steps=0 eval_batches=200 ckpt=synthetic-pretrain_rdb_512_size_16b.pt
heloc,tabarena-heloc,fold-7,7,binary_classification,1,0,42,nan,nan,0.3902819646651081,5578,1395,3486,1.1920928955078125e-06,26.453784227371216,ok,True,heloc,roc_auc,0.2028755326449828,0.1967467968748196,45.0,0.1935351677902885,RT (synthetic-pretrain_rdb_512_size_16b.pt),bs=16 sl=128 d=256 blocks=12 heads=8 full=False qk_norm=True random_sampling=True steps=0 eval_batches=200 ckpt=synthetic-pretrain_rdb_512_size_16b.pt
heloc,tabarena-heloc,fold-8,8,binary_classification,1,0,42,nan,nan,0.3931227781531863,5578,1395,3486,1.430511474609375e-06,26.27760624885559,ok,True,heloc,roc_auc,0.2020228421038745,0.1954818740683086,45.0,0.1976409040848777,RT (synthetic-pretrain_rdb_512_size_16b.pt),bs=16 sl=128 d=256 blocks=12 heads=8 full=False qk_norm=True random_sampling=True steps=0 eval_batches=200 ckpt=synthetic-pretrain_rdb_512_size_16b.pt
houses,tabarena-houses,fold-0,0,regression,1,0,42,nan,nan,0.5574211478233337,11008,2752,6880,1.430511474609375e-06,27.432537078857422,ok,True,houses,rmse,0.2188293887424985,0.2023696680663275,45.0,0.35505147975700624,RT (synthetic-pretrain_rdb_512_size_16b.pt),bs=16 sl=128 d=256 blocks=12 heads=8 full=False qk_norm=True random_sampling=True steps=0 eval_batches=200 ckpt=synthetic-pretrain_rdb_512_size_16b.pt
houses,tabarena-houses,fold-1,1,regression,1,0,42,nan,nan,0.5376067757606506,11008,2752,6880,1.1920928955078125e-06,26.678940773010254,ok,True,houses,rmse,0.2134404605045295,0.1970404186184516,45.0,0.34056635714219907,RT (synthetic-pretrain_rdb_512_size_16b.pt),bs=16 sl=128 d=256 blocks=12 heads=8 full=False qk_norm=True random_sampling=True steps=0 eval_batches=200 ckpt=synthetic-pretrain_rdb_512_size_16b.pt
houses,tabarena-houses,fold-2,2,regression,1,0,42,nan,nan,0.544346034526825,11008,2752,6880,1.1920928955078125e-06,26.690179109573364,ok,True,houses,rmse,0.2192654776710821,0.2043828028821422,45.0,0.3399632316446828,RT (synthetic-pretrain_rdb_512_size_16b.pt),bs=16 sl=128 d=256 blocks=12 heads=8 full=False qk_norm=True random_sampling=True steps=0 eval_batches=200 ckpt=synthetic-pretrain_rdb_512_size_16b.pt
houses,tabarena-houses,fold-3,3,regression,1,0,42,nan,nan,0.5430079698562622,11008,2752,6880,1.430511474609375e-06,27.32261300086975,ok,True,houses,rmse,0.2168275450296972,0.1975515534857895,45.0,0.3454564163704727,RT (synthetic-pretrain_rdb_512_size_16b.pt),bs=16 sl=128 d=256 blocks=12 heads=8 full=False qk_norm=True random_sampling=True steps=0 eval_batches=200 ckpt=synthetic-pretrain_rdb_512_size_16b.pt
houses,tabarena-houses,fold-4,4,regression,1,0,42,nan,nan,0.5433882474899292,11008,2752,6880,1.9073486328125e-06,26.600650310516357,ok,True,houses,rmse,0.216627260890041,0.2000878958404612,45.0,0.34330035164946804,RT (synthetic-pretrain_rdb_512_size_16b.pt),bs=16 sl=128 d=256 blocks=12 heads=8 full=False qk_norm=True random_sampling=True steps=0 eval_batches=200 ckpt=synthetic-pretrain_rdb_512_size_16b.pt
houses,tabarena-houses,fold-5,5,regression,1,0,42,nan,nan,0.5504379272460938,11008,2752,6880,1.430511474609375e-06,26.6322124004364,ok,True,houses,rmse,0.2178382660818925,0.2003062079666089,45.0,0.35013171927948483,RT (synthetic-pretrain_rdb_512_size_16b.pt),bs=16 sl=128 d=256 blocks=12 heads=8 full=False qk_norm=True random_sampling=True steps=0 eval_batches=200 ckpt=synthetic-pretrain_rdb_512_size_16b.pt
houses,tabarena-houses,fold-6,6,regression,1,0,42,nan,nan,0.5461814403533936,11008,2752,6880,1.430511474609375e-06,27.558032751083374,ok,True,houses,rmse,0.2195881634859339,0.2021400327922864,45.0,0.3440414075611071,RT (synthetic-pretrain_rdb_512_size_16b.pt),bs=16 sl=128 d=256 blocks=12 heads=8 full=False qk_norm=True random_sampling=True steps=0 eval_batches=200 ckpt=synthetic-pretrain_rdb_512_size_16b.pt
houses,tabarena-houses,fold-7,7,regression,1,0,42,nan,nan,0.5511574149131775,11008,2752,6880,1.1920928955078125e-06,26.68563151359558,ok,True,houses,rmse,0.2180551241256755,0.2009675951376975,45.0,0.35018981977548,RT (synthetic-pretrain_rdb_512_size_16b.pt),bs=16 sl=128 d=256 blocks=12 heads=8 full=False qk_norm=True random_sampling=True steps=0 eval_batches=200 ckpt=synthetic-pretrain_rdb_512_size_16b.pt
houses,tabarena-houses,fold-8,8,regression,1,0,42,nan,nan,0.546005368232727,11008,2752,6880,1.1920928955078125e-06,26.470431804656982,ok,True,houses,rmse,0.2130863779588737,0.1974600596477319,45.0,0.34854530858499516,RT (synthetic-pretrain_rdb_512_size_16b.pt),bs=16 sl=128 d=256 blocks=12 heads=8 full=False qk_norm=True random_sampling=True steps=0 eval_batches=200 ckpt=synthetic-pretrain_rdb_512_size_16b.pt
hr-analytics-job-change-of-data-scientists,tabarena-hr-analytics-job-change-of-data-scientists,fold-0,0,binary_classification,1,0,42,nan,nan,0.44622398059112234,10217,2555,6386,1.1920928955078125e-06,27.33295226097107,ok,True,HR_Analytics_Job_Change_of_Data_Scientists,roc_auc,0.1879792291662735,0.1839697549072018,45.0,0.26225422568392054,RT (synthetic-pretrain_rdb_512_size_16b.pt),bs=16 sl=128 d=256 blocks=12 heads=8 full=False qk_norm=True random_sampling=True steps=0 eval_batches=200 ckpt=synthetic-pretrain_rdb_512_size_16b.pt
hr-analytics-job-change-of-data-scientists,tabarena-hr-analytics-job-change-of-data-scientists,fold-1,1,binary_classification,1,0,42,nan,nan,0.45309555535875734,10217,2555,6386,1.430511474609375e-06,26.49438238143921,ok,True,HR_Analytics_Job_Change_of_Data_Scientists,roc_auc,0.2025173321761079,0.1984203322620611,45.0,0.2546752230966962,RT (synthetic-pretrain_rdb_512_size_16b.pt),bs=16 sl=128 d=256 blocks=12 heads=8 full=False qk_norm=True random_sampling=True steps=0 eval_batches=200 ckpt=synthetic-pretrain_rdb_512_size_16b.pt
hr-analytics-job-change-of-data-scientists,tabarena-hr-analytics-job-change-of-data-scientists,fold-2,2,binary_classification,1,0,42,nan,nan,0.4601030581751453,10217,2555,6386,1.1920928955078125e-06,26.4190514087677,ok,True,HR_Analytics_Job_Change_of_Data_Scientists,roc_auc,0.2037181760542452,0.1980525455031002,45.0,0.2620505126720451,RT (synthetic-pretrain_rdb_512_size_16b.pt),bs=16 sl=128 d=256 blocks=12 heads=8 full=False qk_norm=True random_sampling=True steps=0 eval_batches=200 ckpt=synthetic-pretrain_rdb_512_size_16b.pt
hr-analytics-job-change-of-data-scientists,tabarena-hr-analytics-job-change-of-data-scientists,fold-3,3,binary_classification,1,0,42,nan,nan,0.4814324344919483,10217,2555,6386,1.430511474609375e-06,26.28827738761902,ok,True,HR_Analytics_Job_Change_of_Data_Scientists,roc_auc,0.1877087251023578,0.1843311258000474,45.0,0.2971013086919009,RT (synthetic-pretrain_rdb_512_size_16b.pt),bs=16 sl=128 d=256 blocks=12 heads=8 full=False qk_norm=True random_sampling=True steps=0 eval_batches=200 ckpt=synthetic-pretrain_rdb_512_size_16b.pt
hr-analytics-job-change-of-data-scientists,tabarena-hr-analytics-job-change-of-data-scientists,fold-4,4,binary_classification,1,0,42,nan,nan,0.47239373412885566,10217,2555,6386,1.1920928955078125e-06,27.632251501083374,ok,True,HR_Analytics_Job_Change_of_Data_Scientists,roc_auc,0.204157324482236,0.1991215202000825,45.0,0.27327221392877316,RT (synthetic-pretrain_rdb_512_size_16b.pt),bs=16 sl=128 d=256 blocks=12 heads=8 full=False qk_norm=True random_sampling=True steps=0 eval_batches=200 ckpt=synthetic-pretrain_rdb_512_size_16b.pt
hr-analytics-job-change-of-data-scientists,tabarena-hr-analytics-job-change-of-data-scientists,fold-5,5,binary_classification,1,0,42,nan,nan,0.4680726123517406,10217,2555,6386,1.6689300537109375e-06,26.5200412273407,ok,True,HR_Analytics_Job_Change_of_Data_Scientists,roc_auc,0.2022624933384621,0.1971094197451846,45.0,0.270963192606556,RT (synthetic-pretrain_rdb_512_size_16b.pt),bs=16 sl=128 d=256 blocks=12 heads=8 full=False qk_norm=True random_sampling=True steps=0 eval_batches=200 ckpt=synthetic-pretrain_rdb_512_size_16b.pt
hr-analytics-job-change-of-data-scientists,tabarena-hr-analytics-job-change-of-data-scientists,fold-6,6,binary_classification,1,0,42,nan,nan,0.46418398891156654,10217,2555,6386,1.1920928955078125e-06,26.41411519050598,ok,True,HR_Analytics_Job_Change_of_Data_Scientists,roc_auc,0.2027983183543918,0.1993176667651985,45.0,0.26486632214636807,RT (synthetic-pretrain_rdb_512_size_16b.pt),bs=16 sl=128 d=256 blocks=12 heads=8 full=False qk_norm=True random_sampling=True steps=0 eval_batches=200 ckpt=synthetic-pretrain_rdb_512_size_16b.pt
hr-analytics-job-change-of-data-scientists,tabarena-hr-analytics-job-change-of-data-scientists,fold-7,7,binary_classification,1,0,42,nan,nan,0.47246015351631443,10217,2555,6386,1.1920928955078125e-06,27.43945550918579,ok,True,HR_Analytics_Job_Change_of_Data_Scientists,roc_auc,0.1975444860933788,0.1938617917497374,45.0,0.27859836176657704,RT (synthetic-pretrain_rdb_512_size_16b.pt),bs=16 sl=128 d=256 blocks=12 heads=8 full=False qk_norm=True random_sampling=True steps=0 eval_batches=200 ckpt=synthetic-pretrain_rdb_512_size_16b.pt
hr-analytics-job-change-of-data-scientists,tabarena-hr-analytics-job-change-of-data-scientists,fold-8,8,binary_classification,1,0,42,nan,nan,0.4581611921301778,10217,2555,6386,1.430511474609375e-06,26.54618763923645,ok,True,HR_Analytics_Job_Change_of_Data_Scientists,roc_auc,0.1961413439168781,0.1926331413684086,45.0,0.2655280507617692,RT (synthetic-pretrain_rdb_512_size_16b.pt),bs=16 sl=128 d=256 blocks=12 heads=8 full=False qk_norm=True random_sampling=True steps=0 eval_batches=200 ckpt=synthetic-pretrain_rdb_512_size_16b.pt
in-vehicle-coupon-recommendation,tabarena-in-vehicle-coupon-recommendation,fold-0,0,binary_classification,1,0,42,nan,nan,0.4945126353790614,6764,1692,4228,1.1920928955078125e-06,26.23799180984497,ok,True,in_vehicle_coupon_recommendation,roc_auc,0.1579702232390459,0.1397884921329947,45.0,0.3547241432460667,RT (synthetic-pretrain_rdb_512_size_16b.pt),bs=16 sl=128 d=256 blocks=12 heads=8 full=False qk_norm=True random_sampling=True steps=0 eval_batches=200 ckpt=synthetic-pretrain_rdb_512_size_16b.pt
in-vehicle-coupon-recommendation,tabarena-in-vehicle-coupon-recommendation,fold-1,1,binary_classification,1,0,42,nan,nan,0.4916009202117251,6764,1692,4228,1.1920928955078125e-06,27.459355115890503,ok,True,in_vehicle_coupon_recommendation,roc_auc,0.1694165398274987,0.1575024370222153,45.0,0.33409848318950974,RT (synthetic-pretrain_rdb_512_size_16b.pt),bs=16 sl=128 d=256 blocks=12 heads=8 full=False qk_norm=True random_sampling=True steps=0 eval_batches=200 ckpt=synthetic-pretrain_rdb_512_size_16b.pt
in-vehicle-coupon-recommendation,tabarena-in-vehicle-coupon-recommendation,fold-2,2,binary_classification,1,0,42,nan,nan,0.48859479978553844,6764,1692,4228,1.430511474609375e-06,26.478126525878906,ok,True,in_vehicle_coupon_recommendation,roc_auc,0.1735074307800181,0.1548373893363889,45.0,0.3337574104491495,RT (synthetic-pretrain_rdb_512_size_16b.pt),bs=16 sl=128 d=256 blocks=12 heads=8 full=False qk_norm=True random_sampling=True steps=0 eval_batches=200 ckpt=synthetic-pretrain_rdb_512_size_16b.pt
in-vehicle-coupon-recommendation,tabarena-in-vehicle-coupon-recommendation,fold-3,3,binary_classification,1,0,42,nan,nan,0.493193901602172,6764,1692,4228,1.430511474609375e-06,26.32562756538391,ok,True,in_vehicle_coupon_recommendation,roc_auc,0.1601299095805236,0.141694808725224,45.0,0.351499092876948,RT (synthetic-pretrain_rdb_512_size_16b.pt),bs=16 sl=128 d=256 blocks=12 heads=8 full=False qk_norm=True random_sampling=True steps=0 eval_batches=200 ckpt=synthetic-pretrain_rdb_512_size_16b.pt
in-vehicle-coupon-recommendation,tabarena-in-vehicle-coupon-recommendation,fold-4,4,binary_classification,1,0,42,nan,nan,0.49748687855082563,6764,1692,4228,1.1920928955078125e-06,26.298869848251343,ok,True,in_vehicle_coupon_recommendation,roc_auc,0.1666893552009759,0.1492790404688203,45.0,0.34820783808200534,RT (synthetic-pretrain_rdb_512_size_16b.pt),bs=16 sl=128 d=256 blocks=12 heads=8 full=False qk_norm=True random_sampling=True steps=0 eval_batches=200 ckpt=synthetic-pretrain_rdb_512_size_16b.pt
in-vehicle-coupon-recommendation,tabarena-in-vehicle-coupon-recommendation,fold-5,5,binary_classification,1,0,42,nan,nan,0.49991190054585866,6764,1692,4228,1.430511474609375e-06,27.72748327255249,ok,True,in_vehicle_coupon_recommendation,roc_auc,0.1580965573854599,0.145270124672926,45.0,0.35464177587293266,RT (synthetic-pretrain_rdb_512_size_16b.pt),bs=16 sl=128 d=256 blocks=12 heads=8 full=False qk_norm=True random_sampling=True steps=0 eval_batches=200 ckpt=synthetic-pretrain_rdb_512_size_16b.pt
in-vehicle-coupon-recommendation,tabarena-in-vehicle-coupon-recommendation,fold-6,6,binary_classification,1,0,42,nan,nan,0.5071360801981084,6764,1692,4228,1.1920928955078125e-06,26.441976070404053,ok,True,in_vehicle_coupon_recommendation,roc_auc,0.1634379697944946,0.1496029780409843,45.0,0.3575331021571241,RT (synthetic-pretrain_rdb_512_size_16b.pt),bs=16 sl=128 d=256 blocks=12 heads=8 full=False qk_norm=True random_sampling=True steps=0 eval_batches=200 ckpt=synthetic-pretrain_rdb_512_size_16b.pt
in-vehicle-coupon-recommendation,tabarena-in-vehicle-coupon-recommendation,fold-7,7,binary_classification,1,0,42,nan,nan,0.497662679718909,6764,1692,4228,1.1920928955078125e-06,26.283908367156982,ok,True,in_vehicle_coupon_recommendation,roc_auc,0.1660517959856116,0.1508186684452653,45.0,0.34684401127364367,RT (synthetic-pretrain_rdb_512_size_16b.pt),bs=16 sl=128 d=256 blocks=12 heads=8 full=False qk_norm=True random_sampling=True steps=0 eval_batches=200 ckpt=synthetic-pretrain_rdb_512_size_16b.pt
in-vehicle-coupon-recommendation,tabarena-in-vehicle-coupon-recommendation,fold-8,8,binary_classification,1,0,42,nan,nan,0.5144007805253671,6764,1692,4228,1.430511474609375e-06,27.560678720474243,ok,True,in_vehicle_coupon_recommendation,roc_auc,0.1624659814501279,0.1446334775594433,45.0,0.36976730296592375,RT (synthetic-pretrain_rdb_512_size_16b.pt),bs=16 sl=128 d=256 blocks=12 heads=8 full=False qk_norm=True random_sampling=True steps=0 eval_batches=200 ckpt=synthetic-pretrain_rdb_512_size_16b.pt
is-this-a-good-customer,tabarena-is-this-a-good-customer,fold-0,0,binary_classification,1,0,42,nan,nan,0.5041078764065012,918,230,575,1.6689300537109375e-06,4.926297664642334,ok,True,Is-this-a-good-customer,roc_auc,0.308953979877359,0.2450437578138953,45.0,0.2590641185926059,RT (synthetic-pretrain_rdb_512_size_16b.pt),bs=16 sl=128 d=256 blocks=12 heads=8 full=False qk_norm=True random_sampling=True steps=0 eval_batches=200 ckpt=synthetic-pretrain_rdb_512_size_16b.pt
is-this-a-good-customer,tabarena-is-this-a-good-customer,fold-1,1,binary_classification,1,0,42,nan,nan,0.4508538612664349,919,230,574,1.6689300537109375e-06,4.9469897747039795,ok,True,Is-this-a-good-customer,roc_auc,0.2638355750340033,0.2271422094604805,45.0,0.2237116518059544,RT (synthetic-pretrain_rdb_512_size_16b.pt),bs=16 sl=128 d=256 blocks=12 heads=8 full=False qk_norm=True random_sampling=True steps=0 eval_batches=200 ckpt=synthetic-pretrain_rdb_512_size_16b.pt
is-this-a-good-customer,tabarena-is-this-a-good-customer,fold-2,2,binary_classification,1,0,42,nan,nan,0.48178933051231676,919,230,574,1.1920928955078125e-06,4.969770193099976,ok,True,Is-this-a-good-customer,roc_auc,0.2722079492217016,0.2479069064530753,45.0,0.23388242405924145,RT (synthetic-pretrain_rdb_512_size_16b.pt),bs=16 sl=128 d=256 blocks=12 heads=8 full=False qk_norm=True random_sampling=True steps=0 eval_batches=200 ckpt=synthetic-pretrain_rdb_512_size_16b.pt
is-this-a-good-customer,tabarena-is-this-a-good-customer,fold-3,3,binary_classification,1,0,42,nan,nan,0.5052092635589689,918,230,575,9.5367431640625e-07,4.938020944595337,ok,True,Is-this-a-good-customer,roc_auc,0.2765374769304042,0.2456093350002977,45.0,0.2595999285586712,RT (synthetic-pretrain_rdb_512_size_16b.pt),bs=16 sl=128 d=256 blocks=12 heads=8 full=False qk_norm=True random_sampling=True steps=0 eval_batches=200 ckpt=synthetic-pretrain_rdb_512_size_16b.pt
is-this-a-good-customer,tabarena-is-this-a-good-customer,fold-4,4,binary_classification,1,0,42,nan,nan,0.5228351216563397,919,230,574,1.430511474609375e-06,4.929796934127808,ok,True,Is-this-a-good-customer,roc_auc,0.2890131479522442,0.2289557201148556,45.0,0.2938794015414841,RT (synthetic-pretrain_rdb_512_size_16b.pt),bs=16 sl=128 d=256 blocks=12 heads=8 full=False qk_norm=True random_sampling=True steps=0 eval_batches=200 ckpt=synthetic-pretrain_rdb_512_size_16b.pt
is-this-a-good-customer,tabarena-is-this-a-good-customer,fold-5,5,binary_classification,1,0,42,nan,nan,0.4649690191929877,919,230,574,1.1920928955078125e-06,4.910088300704956,ok,True,Is-this-a-good-customer,roc_auc,0.2750793410911289,0.2484509596493879,45.0,0.21651805954359982,RT (synthetic-pretrain_rdb_512_size_16b.pt),bs=16 sl=128 d=256 blocks=12 heads=8 full=False qk_norm=True random_sampling=True steps=0 eval_batches=200 ckpt=synthetic-pretrain_rdb_512_size_16b.pt
is-this-a-good-customer,tabarena-is-this-a-good-customer,fold-6,6,binary_classification,1,0,42,nan,nan,0.541212716556528,918,230,575,9.5367431640625e-07,4.903125524520874,ok,True,Is-this-a-good-customer,roc_auc,0.3016610108948026,0.2487348931356789,45.0,0.29247782342084916,RT (synthetic-pretrain_rdb_512_size_16b.pt),bs=16 sl=128 d=256 blocks=12 heads=8 full=False qk_norm=True random_sampling=True steps=0 eval_batches=200 ckpt=synthetic-pretrain_rdb_512_size_16b.pt
is-this-a-good-customer,tabarena-is-this-a-good-customer,fold-7,7,binary_classification,1,0,42,nan,nan,0.5277013752455795,919,230,574,1.1920928955078125e-06,4.913024425506592,ok,True,Is-this-a-good-customer,roc_auc,0.2616291370711803,0.2569744597249508,45.0,0.27072691552062866,RT (synthetic-pretrain_rdb_512_size_16b.pt),bs=16 sl=128 d=256 blocks=12 heads=8 full=False qk_norm=True random_sampling=True steps=0 eval_batches=200 ckpt=synthetic-pretrain_rdb_512_size_16b.pt
is-this-a-good-customer,tabarena-is-this-a-good-customer,fold-8,8,binary_classification,1,0,42,nan,nan,0.4379477104427989,919,230,574,1.1920928955078125e-06,4.906663656234741,ok,True,Is-this-a-good-customer,roc_auc,0.2814266283814417,0.2134804291975216,45.0,0.2244672812452773,RT (synthetic-pretrain_rdb_512_size_16b.pt),bs=16 sl=128 d=256 blocks=12 heads=8 full=False qk_norm=True random_sampling=True steps=0 eval_batches=200 ckpt=synthetic-pretrain_rdb_512_size_16b.pt
is-this-a-good-customer,tabarena-is-this-a-good-customer,fold-9,9,binary_classification,1,0,42,nan,nan,0.5847026254688337,918,230,575,1.430511474609375e-06,4.91533899307251,ok,True,Is-this-a-good-customer,roc_auc,0.2772518902184915,0.234238256831577,45.0,0.35046436863725666,RT (synthetic-pretrain_rdb_512_size_16b.pt),bs=16 sl=128 d=256 blocks=12 heads=8 full=False qk_norm=True random_sampling=True steps=0 eval_batches=200 ckpt=synthetic-pretrain_rdb_512_size_16b.pt
is-this-a-good-customer,tabarena-is-this-a-good-customer,fold-10,10,binary_classification,1,0,42,nan,nan,0.47497355296962374,919,230,574,1.1920928955078125e-06,4.915202856063843,ok,True,Is-this-a-good-customer,roc_auc,0.2562490554632008,0.2145685355901465,45.0,0.26040501737947724,RT (synthetic-pretrain_rdb_512_size_16b.pt),bs=16 sl=128 d=256 blocks=12 heads=8 full=False qk_norm=True random_sampling=True steps=0 eval_batches=200 ckpt=synthetic-pretrain_rdb_512_size_16b.pt
is-this-a-good-customer,tabarena-is-this-a-good-customer,fold-11,11,binary_classification,1,0,42,nan,nan,0.5062717243463806,919,230,574,1.6689300537109375e-06,4.905756235122681,ok,True,Is-this-a-good-customer,roc_auc,0.2864137826809732,0.2523197823787214,45.0,0.2539519419676592,RT (synthetic-pretrain_rdb_512_size_16b.pt),bs=16 sl=128 d=256 blocks=12 heads=8 full=False qk_norm=True random_sampling=True steps=0 eval_batches=200 ckpt=synthetic-pretrain_rdb_512_size_16b.pt
is-this-a-good-customer,tabarena-is-this-a-good-customer,fold-12,12,binary_classification,1,0,42,nan,nan,0.4646811930701912,918,230,575,1.1920928955078125e-06,4.910489797592163,ok,True,Is-this-a-good-customer,roc_auc,0.2600166696433886,0.2346549979162946,45.0,0.23002619515389658,RT (synthetic-pretrain_rdb_512_size_16b.pt),bs=16 sl=128 d=256 blocks=12 heads=8 full=False qk_norm=True random_sampling=True steps=0 eval_batches=200 ckpt=synthetic-pretrain_rdb_512_size_16b.pt
is-this-a-good-customer,tabarena-is-this-a-good-customer,fold-13,13,binary_classification,1,0,42,nan,nan,0.4721172736889828,919,230,574,1.430511474609375e-06,6.096128940582275,ok,True,Is-this-a-good-customer,roc_auc,0.3106543750944537,0.2409551156113042,45.0,0.23116215807767862,RT (synthetic-pretrain_rdb_512_size_16b.pt),bs=16 sl=128 d=256 blocks=12 heads=8 full=False qk_norm=True random_sampling=True steps=0 eval_batches=200 ckpt=synthetic-pretrain_rdb_512_size_16b.pt
is-this-a-good-customer,tabarena-is-this-a-good-customer,fold-14,14,binary_classification,1,0,42,nan,nan,0.4300740516850535,919,230,574,1.1920928955078125e-06,4.908953666687012,ok,True,Is-this-a-good-customer,roc_auc,0.2536799153695027,0.2175306029922925,45.0,0.21254344869276104,RT (synthetic-pretrain_rdb_512_size_16b.pt),bs=16 sl=128 d=256 blocks=12 heads=8 full=False qk_norm=True random_sampling=True steps=0 eval_batches=200 ckpt=synthetic-pretrain_rdb_512_size_16b.pt
is-this-a-good-customer,tabarena-is-this-a-good-customer,fold-15,15,binary_classification,1,0,42,nan,nan,0.46780675120557236,918,230,575,1.1920928955078125e-06,4.934233903884888,ok,True,Is-this-a-good-customer,roc_auc,0.2504018574745491,0.204560338155623,45.0,0.26324641304994933,RT (synthetic-pretrain_rdb_512_size_16b.pt),bs=16 sl=128 d=256 blocks=12 heads=8 full=False qk_norm=True random_sampling=True steps=0 eval_batches=200 ckpt=synthetic-pretrain_rdb_512_size_16b.pt
is-this-a-good-customer,tabarena-is-this-a-good-customer,fold-16,16,binary_classification,1,0,42,nan,nan,0.5143267341695632,919,230,574,1.1920928955078125e-06,4.9670493602752686,ok,True,Is-this-a-good-customer,roc_auc,0.2955720114855675,0.2386277769381894,45.0,0.27569895723137383,RT (synthetic-pretrain_rdb_512_size_16b.pt),bs=16 sl=128 d=256 blocks=12 heads=8 full=False qk_norm=True random_sampling=True steps=0 eval_batches=200 ckpt=synthetic-pretrain_rdb_512_size_16b.pt
is-this-a-good-customer,tabarena-is-this-a-good-customer,fold-17,17,binary_classification,1,0,42,nan,nan,0.5103370107299381,919,230,574,9.5367431640625e-07,4.956957101821899,ok,True,Is-this-a-good-customer,roc_auc,0.2941212029620674,0.2775275804745353,45.0,0.2328094302554028,RT (synthetic-pretrain_rdb_512_size_16b.pt),bs=16 sl=128 d=256 blocks=12 heads=8 full=False qk_norm=True random_sampling=True steps=0 eval_batches=200 ckpt=synthetic-pretrain_rdb_512_size_16b.pt
is-this-a-good-customer,tabarena-is-this-a-good-customer,fold-18,18,binary_classification,1,0,42,nan,nan,0.514065011609216,918,230,575,1.1920928955078125e-06,4.96726655960083,ok,True,Is-this-a-good-customer,roc_auc,0.2782639757099483,0.2575757575757575,45.0,0.2564892540334585,RT (synthetic-pretrain_rdb_512_size_16b.pt),bs=16 sl=128 d=256 blocks=12 heads=8 full=False qk_norm=True random_sampling=True steps=0 eval_batches=200 ckpt=synthetic-pretrain_rdb_512_size_16b.pt
is-this-a-good-customer,tabarena-is-this-a-good-customer,fold-19,19,binary_classification,1,0,42,nan,nan,0.4938642889526975,919,230,574,1.430511474609375e-06,4.932222366333008,ok,True,Is-this-a-good-customer,roc_auc,0.3020401994861719,0.2474233036119086,45.0,0.24644098534078893,RT (synthetic-pretrain_rdb_512_size_16b.pt),bs=16 sl=128 d=256 blocks=12 heads=8 full=False qk_norm=True random_sampling=True steps=0 eval_batches=200 ckpt=synthetic-pretrain_rdb_512_size_16b.pt
is-this-a-good-customer,tabarena-is-this-a-good-customer,fold-20,20,binary_classification,1,0,42,nan,nan,0.4465618860510806,919,230,574,1.1920928955078125e-06,4.913543939590454,ok,True,Is-this-a-good-customer,roc_auc,0.2653468339126492,0.2196463654223969,45.0,0.2269155206286837,RT (synthetic-pretrain_rdb_512_size_16b.pt),bs=16 sl=128 d=256 blocks=12 heads=8 full=False qk_norm=True random_sampling=True steps=0 eval_batches=200 ckpt=synthetic-pretrain_rdb_512_size_16b.pt
is-this-a-good-customer,tabarena-is-this-a-good-customer,fold-21,21,binary_classification,1,0,42,nan,nan,0.5911323450616182,918,230,575,1.6689300537109375e-06,4.905611991882324,ok,True,Is-this-a-good-customer,roc_auc,0.2917187593022563,0.2347442995773054,45.0,0.3563880454843128,RT (synthetic-pretrain_rdb_512_size_16b.pt),bs=16 sl=128 d=256 blocks=12 heads=8 full=False qk_norm=True random_sampling=True steps=0 eval_batches=200 ckpt=synthetic-pretrain_rdb_512_size_16b.pt
is-this-a-good-customer,tabarena-is-this-a-good-customer,fold-22,22,binary_classification,1,0,42,nan,nan,0.5264923681426628,919,230,574,1.430511474609375e-06,4.906388759613037,ok,True,Is-this-a-good-customer,roc_auc,0.2617802629590449,0.217349251926855,45.0,0.30914311621580776,RT (synthetic-pretrain_rdb_512_size_16b.pt),bs=16 sl=128 d=256 blocks=12 heads=8 full=False qk_norm=True random_sampling=True steps=0 eval_batches=200 ckpt=synthetic-pretrain_rdb_512_size_16b.pt
is-this-a-good-customer,tabarena-is-this-a-good-customer,fold-23,23,binary_classification,1,0,42,nan,nan,0.442360586368445,919,230,574,1.430511474609375e-06,4.905728340148926,ok,True,Is-this-a-good-customer,roc_auc,0.2749886655584102,0.2611757594075865,45.0,0.18118482696085847,RT (synthetic-pretrain_rdb_512_size_16b.pt),bs=16 sl=128 d=256 blocks=12 heads=8 full=False qk_norm=True random_sampling=True steps=0 eval_batches=200 ckpt=synthetic-pretrain_rdb_512_size_16b.pt
is-this-a-good-customer,tabarena-is-this-a-good-customer,fold-24,24,binary_classification,1,0,42,nan,nan,0.5025004465083049,918,230,575,1.1920928955078125e-06,4.900317668914795,ok,True,Is-this-a-good-customer,roc_auc,0.259718997440019,0.2349229028993272,45.0,0.26757754360897773,RT (synthetic-pretrain_rdb_512_size_16b.pt),bs=16 sl=128 d=256 blocks=12 heads=8 full=False qk_norm=True random_sampling=True steps=0 eval_batches=200 ckpt=synthetic-pretrain_rdb_512_size_16b.pt
is-this-a-good-customer,tabarena-is-this-a-good-customer,fold-25,25,binary_classification,1,0,42,nan,nan,0.5895874263261297,919,230,574,1.1920928955078125e-06,4.8982439041137695,ok,True,Is-this-a-good-customer,roc_auc,0.3059694725706513,0.2625056672207949,45.0,0.3270817591053348,RT (synthetic-pretrain_rdb_512_size_16b.pt),bs=16 sl=128 d=256 blocks=12 heads=8 full=False qk_norm=True random_sampling=True steps=0 eval_batches=200 ckpt=synthetic-pretrain_rdb_512_size_16b.pt
is-this-a-good-customer,tabarena-is-this-a-good-customer,fold-26,26,binary_classification,1,0,42,nan,nan,0.5216110019646365,919,230,574,1.1920928955078125e-06,4.9052910804748535,ok,True,Is-this-a-good-customer,roc_auc,0.2492065890887109,0.2201299682635635,45.0,0.301481033701073,RT (synthetic-pretrain_rdb_512_size_16b.pt),bs=16 sl=128 d=256 blocks=12 heads=8 full=False qk_norm=True random_sampling=True steps=0 eval_batches=200 ckpt=synthetic-pretrain_rdb_512_size_16b.pt
is-this-a-good-customer,tabarena-is-this-a-good-customer,fold-27,27,binary_classification,1,0,42,nan,nan,0.47466809549324274,918,230,575,1.430511474609375e-06,4.905097961425781,ok,True,Is-this-a-good-customer,roc_auc,0.2386140382211109,0.2211704471036494,45.0,0.2534976483895933,RT (synthetic-pretrain_rdb_512_size_16b.pt),bs=16 sl=128 d=256 blocks=12 heads=8 full=False qk_norm=True random_sampling=True steps=0 eval_batches=200 ckpt=synthetic-pretrain_rdb_512_size_16b.pt
is-this-a-good-customer,tabarena-is-this-a-good-customer,fold-28,28,binary_classification,1,0,42,nan,nan,0.4649690191929877,919,230,574,1.1920928955078125e-06,4.908842325210571,ok,True,Is-this-a-good-customer,roc_auc,0.2479673568082212,0.2286534683391266,45.0,0.23631555085386113,RT (synthetic-pretrain_rdb_512_size_16b.pt),bs=16 sl=128 d=256 blocks=12 heads=8 full=False qk_norm=True random_sampling=True steps=0 eval_batches=200 ckpt=synthetic-pretrain_rdb_512_size_16b.pt
is-this-a-good-customer,tabarena-is-this-a-good-customer,fold-29,29,binary_classification,1,0,42,nan,nan,0.5318119993954964,919,230,574,1.430511474609375e-06,6.1201088428497314,ok,True,Is-this-a-good-customer,roc_auc,0.2823031585310565,0.2382650748073146,45.0,0.29354692458818177,RT (synthetic-pretrain_rdb_512_size_16b.pt),bs=16 sl=128 d=256 blocks=12 heads=8 full=False qk_norm=True random_sampling=True steps=0 eval_batches=200 ckpt=synthetic-pretrain_rdb_512_size_16b.pt
jm1,tabarena-jm1,fold-0,0,binary_classification,1,0,42,nan,nan,0.38756612118750666,5804,1452,3629,1.1920928955078125e-06,26.547007083892822,ok,True,jm1,roc_auc,0.239637932326692,0.2166638926119622,45.0,0.17090222857554446,RT (synthetic-pretrain_rdb_512_size_16b.pt),bs=16 sl=128 d=256 blocks=12 heads=8 full=False qk_norm=True random_sampling=True steps=0 eval_batches=200 ckpt=synthetic-pretrain_rdb_512_size_16b.pt
jm1,tabarena-jm1,fold-1,1,binary_classification,1,0,42,nan,nan,0.37736558305942625,5805,1452,3628,1.1920928955078125e-06,26.323209047317505,ok,True,jm1,roc_auc,0.2633638291533029,0.232979982979983,45.0,0.14438560007944323,RT (synthetic-pretrain_rdb_512_size_16b.pt),bs=16 sl=128 d=256 blocks=12 heads=8 full=False qk_norm=True random_sampling=True steps=0 eval_batches=200 ckpt=synthetic-pretrain_rdb_512_size_16b.pt
jm1,tabarena-jm1,fold-2,2,binary_classification,1,0,42,nan,nan,0.3935268840109851,5805,1452,3628,1.430511474609375e-06,26.317351579666138,ok,True,jm1,roc_auc,0.2540215632320897,0.2193671338408179,45.0,0.17415975017016722,RT (synthetic-pretrain_rdb_512_size_16b.pt),bs=16 sl=128 d=256 blocks=12 heads=8 full=False qk_norm=True random_sampling=True steps=0 eval_batches=200 ckpt=synthetic-pretrain_rdb_512_size_16b.pt
jm1,tabarena-jm1,fold-3,3,binary_classification,1,0,42,nan,nan,0.38207180959079146,5804,1452,3629,1.430511474609375e-06,27.565131902694702,ok,True,jm1,roc_auc,0.2511490426591214,0.2172491208193292,45.0,0.16482268877146225,RT (synthetic-pretrain_rdb_512_size_16b.pt),bs=16 sl=128 d=256 blocks=12 heads=8 full=False qk_norm=True random_sampling=True steps=0 eval_batches=200 ckpt=synthetic-pretrain_rdb_512_size_16b.pt
jm1,tabarena-jm1,fold-4,4,binary_classification,1,0,42,nan,nan,0.401128703041039,5805,1452,3628,1.6689300537109375e-06,26.543081045150757,ok,True,jm1,roc_auc,0.2480983928352349,0.2249753170805801,45.0,0.17615338596045887,RT (synthetic-pretrain_rdb_512_size_16b.pt),bs=16 sl=128 d=256 blocks=12 heads=8 full=False qk_norm=True random_sampling=True steps=0 eval_batches=200 ckpt=synthetic-pretrain_rdb_512_size_16b.pt
jm1,tabarena-jm1,fold-5,5,binary_classification,1,0,42,nan,nan,0.3933344171274349,5805,1452,3628,1.1920928955078125e-06,26.32388687133789,ok,True,jm1,roc_auc,0.2546907283749389,0.2283824849614324,45.0,0.16495193216600249,RT (synthetic-pretrain_rdb_512_size_16b.pt),bs=16 sl=128 d=256 blocks=12 heads=8 full=False qk_norm=True random_sampling=True steps=0 eval_batches=200 ckpt=synthetic-pretrain_rdb_512_size_16b.pt
jm1,tabarena-jm1,fold-6,6,binary_classification,1,0,42,nan,nan,0.38929189656367946,5804,1452,3629,1.6689300537109375e-06,26.375804662704468,ok,True,jm1,roc_auc,0.2528996171804509,0.2274622655558767,45.0,0.16182963100780276,RT (synthetic-pretrain_rdb_512_size_16b.pt),bs=16 sl=128 d=256 blocks=12 heads=8 full=False qk_norm=True random_sampling=True steps=0 eval_batches=200 ckpt=synthetic-pretrain_rdb_512_size_16b.pt
jm1,tabarena-jm1,fold-7,7,binary_classification,1,0,42,nan,nan,0.39462593843177485,5805,1452,3628,1.430511474609375e-06,27.74257183074951,ok,True,jm1,roc_auc,0.2497307760465654,0.2235498419708946,45.0,0.17107609646088023,RT (synthetic-pretrain_rdb_512_size_16b.pt),bs=16 sl=128 d=256 blocks=12 heads=8 full=False qk_norm=True random_sampling=True steps=0 eval_batches=200 ckpt=synthetic-pretrain_rdb_512_size_16b.pt
jm1,tabarena-jm1,fold-8,8,binary_classification,1,0,42,nan,nan,0.38321277681129085,5805,1452,3628,1.1920928955078125e-06,26.517765045166016,ok,True,jm1,roc_auc,0.2514751330540804,0.2235203879940722,45.0,0.15969238881721864,RT (synthetic-pretrain_rdb_512_size_16b.pt),bs=16 sl=128 d=256 blocks=12 heads=8 full=False qk_norm=True random_sampling=True steps=0 eval_batches=200 ckpt=synthetic-pretrain_rdb_512_size_16b.pt
kddcup09-appetency,tabarena-kddcup09-appetency,fold-0,0,binary_classification,1,0,42,nan,nan,0.47903345042872025,26666,6667,16667,9.5367431640625e-07,26.456693410873413,ok,True,kddcup09_appetency,roc_auc,0.2090433967037509,0.1569235420793148,45.0,0.32210990834940545,RT (synthetic-pretrain_rdb_512_size_16b.pt),bs=16 sl=128 d=256 blocks=12 heads=8 full=False qk_norm=True random_sampling=True steps=0 eval_batches=200 ckpt=synthetic-pretrain_rdb_512_size_16b.pt
kddcup09-appetency,tabarena-kddcup09-appetency,fold-1,1,binary_classification,1,0,42,nan,nan,0.5546813872295878,26666,6667,16667,1.430511474609375e-06,27.737957000732422,ok,True,kddcup09_appetency,roc_auc,0.2033670033670034,0.1543860515149457,45.0,0.40029533571464215,RT (synthetic-pretrain_rdb_512_size_16b.pt),bs=16 sl=128 d=256 blocks=12 heads=8 full=False qk_norm=True random_sampling=True steps=0 eval_batches=200 ckpt=synthetic-pretrain_rdb_512_size_16b.pt
kddcup09-appetency,tabarena-kddcup09-appetency,fold-2,2,binary_classification,1,0,42,nan,nan,0.5333629173155606,26667,6667,16666,1.1920928955078125e-06,26.614909648895264,ok,True,kddcup09_appetency,roc_auc,0.1825993907774603,0.1478493536297446,45.0,0.385513563685816,RT (synthetic-pretrain_rdb_512_size_16b.pt),bs=16 sl=128 d=256 blocks=12 heads=8 full=False qk_norm=True random_sampling=True steps=0 eval_batches=200 ckpt=synthetic-pretrain_rdb_512_size_16b.pt
kddcup09-appetency,tabarena-kddcup09-appetency,fold-3,3,binary_classification,1,0,42,nan,nan,0.46085128885867077,26666,6667,16667,1.1920928955078125e-06,26.552719354629517,ok,True,kddcup09_appetency,roc_auc,0.2128271104447036,0.1521235568883705,45.0,0.30872773197030023,RT (synthetic-pretrain_rdb_512_size_16b.pt),bs=16 sl=128 d=256 blocks=12 heads=8 full=False qk_norm=True random_sampling=True steps=0 eval_batches=200 ckpt=synthetic-pretrain_rdb_512_size_16b.pt
kddcup09-appetency,tabarena-kddcup09-appetency,fold-4,4,binary_classification,1,0,42,nan,nan,0.4656052536437171,26666,6667,16667,1.6689300537109375e-06,26.440329790115356,ok,True,kddcup09_appetency,roc_auc,0.2012479714678859,0.1425219410558444,45.0,0.3230833125878727,RT (synthetic-pretrain_rdb_512_size_16b.pt),bs=16 sl=128 d=256 blocks=12 heads=8 full=False qk_norm=True random_sampling=True steps=0 eval_batches=200 ckpt=synthetic-pretrain_rdb_512_size_16b.pt
kddcup09-appetency,tabarena-kddcup09-appetency,fold-5,5,binary_classification,1,0,42,nan,nan,0.49449347198731797,26667,6667,16666,1.1920928955078125e-06,27.87934947013855,ok,True,kddcup09_appetency,roc_auc,0.2125131048886394,0.1657850963364098,45.0,0.32870837565090816,RT (synthetic-pretrain_rdb_512_size_16b.pt),bs=16 sl=128 d=256 blocks=12 heads=8 full=False qk_norm=True random_sampling=True steps=0 eval_batches=200 ckpt=synthetic-pretrain_rdb_512_size_16b.pt
kddcup09-appetency,tabarena-kddcup09-appetency,fold-6,6,binary_classification,1,0,42,nan,nan,0.5059141264522256,26666,6667,16667,1.1920928955078125e-06,26.772368907928467,ok,True,kddcup09_appetency,roc_auc,0.200266254481282,0.1545888533060189,45.0,0.35132527314620665,RT (synthetic-pretrain_rdb_512_size_16b.pt),bs=16 sl=128 d=256 blocks=12 heads=8 full=False qk_norm=True random_sampling=True steps=0 eval_batches=200 ckpt=synthetic-pretrain_rdb_512_size_16b.pt
kddcup09-appetency,tabarena-kddcup09-appetency,fold-7,7,binary_classification,1,0,42,nan,nan,0.4562484148953966,26666,6667,16667,1.1920928955078125e-06,26.629409551620483,ok,True,kddcup09_appetency,roc_auc,0.203532988200062,0.1586481800287542,45.0,0.2976002348666424,RT (synthetic-pretrain_rdb_512_size_16b.pt),bs=16 sl=128 d=256 blocks=12 heads=8 full=False qk_norm=True random_sampling=True steps=0 eval_batches=200 ckpt=synthetic-pretrain_rdb_512_size_16b.pt
kddcup09-appetency,tabarena-kddcup09-appetency,fold-8,8,binary_classification,1,0,42,nan,nan,0.5780151938867213,26667,6667,16666,1.1920928955078125e-06,26.502785205841064,ok,True,kddcup09_appetency,roc_auc,0.1965085274645446,0.1403007313972495,45.0,0.43771446248947177,RT (synthetic-pretrain_rdb_512_size_16b.pt),bs=16 sl=128 d=256 blocks=12 heads=8 full=False qk_norm=True random_sampling=True steps=0 eval_batches=200 ckpt=synthetic-pretrain_rdb_512_size_16b.pt
marketing-campaign,tabarena-marketing-campaign,fold-0,0,binary_classification,1,0,42,nan,nan,0.43325400872570685,1194,299,747,1.430511474609375e-06,6.333688020706177,ok,True,Marketing_Campaign,roc_auc,0.0763003569607343,0.0573332766728993,45.0,0.37592073205280757,RT (synthetic-pretrain_rdb_512_size_16b.pt),bs=16 sl=128 d=256 blocks=12 heads=8 full=False qk_norm=True random_sampling=True steps=0 eval_batches=200 ckpt=synthetic-pretrain_rdb_512_size_16b.pt
marketing-campaign,tabarena-marketing-campaign,fold-1,1,binary_classification,1,0,42,nan,nan,0.40321287964004504,1194,299,747,1.430511474609375e-06,6.336003303527832,ok,True,Marketing_Campaign,roc_auc,0.1200365579302588,0.0908886389201349,45.0,0.31232424071991016,RT (synthetic-pretrain_rdb_512_size_16b.pt),bs=16 sl=128 d=256 blocks=12 heads=8 full=False qk_norm=True random_sampling=True steps=0 eval_batches=200 ckpt=synthetic-pretrain_rdb_512_size_16b.pt
marketing-campaign,tabarena-marketing-campaign,fold-2,2,binary_classification,1,0,42,nan,nan,0.4914875505426687,1195,299,746,1.1920928955078125e-06,7.714883804321289,ok,True,Marketing_Campaign,roc_auc,0.0831808186138893,0.0726111938710364,45.0,0.41887635667163226,RT (synthetic-pretrain_rdb_512_size_16b.pt),bs=16 sl=128 d=256 blocks=12 heads=8 full=False qk_norm=True random_sampling=True steps=0 eval_batches=200 ckpt=synthetic-pretrain_rdb_512_size_16b.pt
marketing-campaign,tabarena-marketing-campaign,fold-3,3,binary_classification,1,0,42,nan,nan,0.4114539067369256,1194,299,747,1.430511474609375e-06,6.3439929485321045,ok,True,Marketing_Campaign,roc_auc,0.1009334806504618,0.075946229248116,45.0,0.3355076774888096,RT (synthetic-pretrain_rdb_512_size_16b.pt),bs=16 sl=128 d=256 blocks=12 heads=8 full=False qk_norm=True random_sampling=True steps=0 eval_batches=200 ckpt=synthetic-pretrain_rdb_512_size_16b.pt
marketing-campaign,tabarena-marketing-campaign,fold-4,4,binary_classification,1,0,42,nan,nan,0.43758436445444315,1194,299,747,1.1920928955078125e-06,6.360683917999268,ok,True,Marketing_Campaign,roc_auc,0.0910573678290214,0.073790776152981,45.0,0.36379358830146213,RT (synthetic-pretrain_rdb_512_size_16b.pt),bs=16 sl=128 d=256 blocks=12 heads=8 full=False qk_norm=True random_sampling=True steps=0 eval_batches=200 ckpt=synthetic-pretrain_rdb_512_size_16b.pt
marketing-campaign,tabarena-marketing-campaign,fold-5,5,binary_classification,1,0,42,nan,nan,0.4145704759877987,1195,299,746,1.1920928955078125e-06,6.381088733673096,ok,True,Marketing_Campaign,roc_auc,0.0998368447187345,0.0753493651131446,45.0,0.3392211108746541,RT (synthetic-pretrain_rdb_512_size_16b.pt),bs=16 sl=128 d=256 blocks=12 heads=8 full=False qk_norm=True random_sampling=True steps=0 eval_batches=200 ckpt=synthetic-pretrain_rdb_512_size_16b.pt
marketing-campaign,tabarena-marketing-campaign,fold-6,6,binary_classification,1,0,42,nan,nan,0.4480423820046461,1194,299,747,1.1920928955078125e-06,6.422348499298096,ok,True,Marketing_Campaign,roc_auc,0.10721570627231,0.0834324890928664,45.0,0.3646098929117797,RT (synthetic-pretrain_rdb_512_size_16b.pt),bs=16 sl=128 d=256 blocks=12 heads=8 full=False qk_norm=True random_sampling=True steps=0 eval_batches=200 ckpt=synthetic-pretrain_rdb_512_size_16b.pt
marketing-campaign,tabarena-marketing-campaign,fold-7,7,binary_classification,1,0,42,nan,nan,0.4522005061867267,1194,299,747,1.1920928955078125e-06,6.393337249755859,ok,True,Marketing_Campaign,roc_auc,0.0791057367829021,0.0609533183352081,45.0,0.3912471878515186,RT (synthetic-pretrain_rdb_512_size_16b.pt),bs=16 sl=128 d=256 blocks=12 heads=8 full=False qk_norm=True random_sampling=True steps=0 eval_batches=200 ckpt=synthetic-pretrain_rdb_512_size_16b.pt
marketing-campaign,tabarena-marketing-campaign,fold-8,8,binary_classification,1,0,42,nan,nan,0.3817762644534298,1195,299,746,1.1920928955078125e-06,6.380150079727173,ok,True,Marketing_Campaign,roc_auc,0.1109810597999574,0.0832588494005817,45.0,0.2985174150528481,RT (synthetic-pretrain_rdb_512_size_16b.pt),bs=16 sl=128 d=256 blocks=12 heads=8 full=False qk_norm=True random_sampling=True steps=0 eval_batches=200 ckpt=synthetic-pretrain_rdb_512_size_16b.pt
marketing-campaign,tabarena-marketing-campaign,fold-9,9,binary_classification,1,0,42,nan,nan,0.46375148733639304,1194,299,747,1.1920928955078125e-06,6.345937728881836,ok,True,Marketing_Campaign,roc_auc,0.0901892458496231,0.0654852966173721,45.0,0.3982661907190209,RT (synthetic-pretrain_rdb_512_size_16b.pt),bs=16 sl=128 d=256 blocks=12 heads=8 full=False qk_norm=True random_sampling=True steps=0 eval_batches=200 ckpt=synthetic-pretrain_rdb_512_size_16b.pt
marketing-campaign,tabarena-marketing-campaign,fold-10,10,binary_classification,1,0,42,nan,nan,0.42495078740157477,1194,299,747,1.430511474609375e-06,6.35514235496521,ok,True,Marketing_Campaign,roc_auc,0.118257874015748,0.1023973565804274,45.0,0.3225534308211474,RT (synthetic-pretrain_rdb_512_size_16b.pt),bs=16 sl=128 d=256 blocks=12 heads=8 full=False qk_norm=True random_sampling=True steps=0 eval_batches=200 ckpt=synthetic-pretrain_rdb_512_size_16b.pt
marketing-campaign,tabarena-marketing-campaign,fold-11,11,binary_classification,1,0,42,nan,nan,0.4350854791799674,1195,299,746,1.430511474609375e-06,6.349655389785767,ok,True,Marketing_Campaign,roc_auc,0.1097396609207632,0.0855926792934667,45.0,0.3494927998865007,RT (synthetic-pretrain_rdb_512_size_16b.pt),bs=16 sl=128 d=256 blocks=12 heads=8 full=False qk_norm=True random_sampling=True steps=0 eval_batches=200 ckpt=synthetic-pretrain_rdb_512_size_16b.pt
marketing-campaign,tabarena-marketing-campaign,fold-12,12,binary_classification,1,0,42,nan,nan,0.4355345911949685,1194,299,747,1.1920928955078125e-06,6.321866989135742,ok,True,Marketing_Campaign,roc_auc,0.1146665533457986,0.0827383987761346,45.0,0.3527961924188339,RT (synthetic-pretrain_rdb_512_size_16b.pt),bs=16 sl=128 d=256 blocks=12 heads=8 full=False qk_norm=True random_sampling=True steps=0 eval_batches=200 ckpt=synthetic-pretrain_rdb_512_size_16b.pt
marketing-campaign,tabarena-marketing-campaign,fold-13,13,binary_classification,1,0,42,nan,nan,0.44453740157480315,1194,299,747,1.430511474609375e-06,6.294764995574951,ok,True,Marketing_Campaign,roc_auc,0.1201771653543307,0.098101799775028,45.0,0.3464356017997752,RT (synthetic-pretrain_rdb_512_size_16b.pt),bs=16 sl=128 d=256 blocks=12 heads=8 full=False qk_norm=True random_sampling=True steps=0 eval_batches=200 ckpt=synthetic-pretrain_rdb_512_size_16b.pt
marketing-campaign,tabarena-marketing-campaign,fold-14,14,binary_classification,1,0,42,nan,nan,0.40664680428459943,1195,299,746,9.5367431640625e-07,6.30416464805603,ok,True,Marketing_Campaign,roc_auc,0.0808115201815988,0.0632333120522097,45.0,0.3434134922323897,RT (synthetic-pretrain_rdb_512_size_16b.pt),bs=16 sl=128 d=256 blocks=12 heads=8 full=False qk_norm=True random_sampling=True steps=0 eval_batches=200 ckpt=synthetic-pretrain_rdb_512_size_16b.pt
marketing-campaign,tabarena-marketing-campaign,fold-15,15,binary_classification,1,0,42,nan,nan,0.42968925759280086,1194,299,747,1.1920928955078125e-06,6.301706790924072,ok,True,Marketing_Campaign,roc_auc,0.1070655230596174,0.0776082677165354,45.0,0.35208098987626546,RT (synthetic-pretrain_rdb_512_size_16b.pt),bs=16 sl=128 d=256 blocks=12 heads=8 full=False qk_norm=True random_sampling=True steps=0 eval_batches=200 ckpt=synthetic-pretrain_rdb_512_size_16b.pt
marketing-campaign,tabarena-marketing-campaign,fold-16,16,binary_classification,1,0,42,nan,nan,0.44333248342682297,1194,299,747,1.1920928955078125e-06,7.701647043228149,ok,True,Marketing_Campaign,roc_auc,0.094991217632727,0.0815343645532324,45.0,0.3617981188735906,RT (synthetic-pretrain_rdb_512_size_16b.pt),bs=16 sl=128 d=256 blocks=12 heads=8 full=False qk_norm=True random_sampling=True steps=0 eval_batches=200 ckpt=synthetic-pretrain_rdb_512_size_16b.pt
marketing-campaign,tabarena-marketing-campaign,fold-17,17,binary_classification,1,0,42,nan,nan,0.49697808044264735,1195,299,746,1.430511474609375e-06,6.301641464233398,ok,True,Marketing_Campaign,roc_auc,0.1117329928353551,0.0736823437610839,45.0,0.42329573668156345,RT (synthetic-pretrain_rdb_512_size_16b.pt),bs=16 sl=128 d=256 blocks=12 heads=8 full=False qk_norm=True random_sampling=True steps=0 eval_batches=200 ckpt=synthetic-pretrain_rdb_512_size_16b.pt
marketing-campaign,tabarena-marketing-campaign,fold-18,18,binary_classification,1,0,42,nan,nan,0.4485594084650689,1194,299,747,1.1920928955078125e-06,6.353147029876709,ok,True,Marketing_Campaign,roc_auc,0.0860530341662416,0.0688140971159839,45.0,0.379745311349085,RT (synthetic-pretrain_rdb_512_size_16b.pt),bs=16 sl=128 d=256 blocks=12 heads=8 full=False qk_norm=True random_sampling=True steps=0 eval_batches=200 ckpt=synthetic-pretrain_rdb_512_size_16b.pt
marketing-campaign,tabarena-marketing-campaign,fold-19,19,binary_classification,1,0,42,nan,nan,0.4496555118110236,1194,299,747,1.1920928955078125e-06,6.374641418457031,ok,True,Marketing_Campaign,roc_auc,0.1088512373453318,0.0937078177727783,45.0,0.3559476940382453,RT (synthetic-pretrain_rdb_512_size_16b.pt),bs=16 sl=128 d=256 blocks=12 heads=8 full=False qk_norm=True random_sampling=True steps=0 eval_batches=200 ckpt=synthetic-pretrain_rdb_512_size_16b.pt
marketing-campaign,tabarena-marketing-campaign,fold-20,20,binary_classification,1,0,42,nan,nan,0.48957224941476907,1195,299,746,1.430511474609375e-06,6.436680793762207,ok,True,Marketing_Campaign,roc_auc,0.0840675320990282,0.068574874086685,45.0,0.42099737532808407,RT (synthetic-pretrain_rdb_512_size_16b.pt),bs=16 sl=128 d=256 blocks=12 heads=8 full=False qk_norm=True random_sampling=True steps=0 eval_batches=200 ckpt=synthetic-pretrain_rdb_512_size_16b.pt
marketing-campaign,tabarena-marketing-campaign,fold-21,21,binary_classification,1,0,42,nan,nan,0.4125446200917898,1194,299,747,1.430511474609375e-06,6.390674829483032,ok,True,Marketing_Campaign,roc_auc,0.0772352541220464,0.0590472548019718,45.0,0.353497365289818,RT (synthetic-pretrain_rdb_512_size_16b.pt),bs=16 sl=128 d=256 blocks=12 heads=8 full=False qk_norm=True random_sampling=True steps=0 eval_batches=200 ckpt=synthetic-pretrain_rdb_512_size_16b.pt
marketing-campaign,tabarena-marketing-campaign,fold-22,22,binary_classification,1,0,42,nan,nan,0.4041057367829022,1194,299,747,1.1920928955078125e-06,6.3612751960754395,ok,True,Marketing_Campaign,roc_auc,0.0879358830146233,0.0733689538807649,45.0,0.33073678290213726,RT (synthetic-pretrain_rdb_512_size_16b.pt),bs=16 sl=128 d=256 blocks=12 heads=8 full=False qk_norm=True random_sampling=True steps=0 eval_batches=200 ckpt=synthetic-pretrain_rdb_512_size_16b.pt
marketing-campaign,tabarena-marketing-campaign,fold-23,23,binary_classification,1,0,42,nan,nan,0.45252181315173445,1195,299,746,9.5367431640625e-07,6.340237617492676,ok,True,Marketing_Campaign,roc_auc,0.1089664467617224,0.0810739873731999,45.0,0.3714478257785345,RT (synthetic-pretrain_rdb_512_size_16b.pt),bs=16 sl=128 d=256 blocks=12 heads=8 full=False qk_norm=True random_sampling=True steps=0 eval_batches=200 ckpt=synthetic-pretrain_rdb_512_size_16b.pt
marketing-campaign,tabarena-marketing-campaign,fold-24,24,binary_classification,1,0,42,nan,nan,0.40495920448750633,1194,299,747,1.430511474609375e-06,6.320193767547607,ok,True,Marketing_Campaign,roc_auc,0.1098220862371806,0.0875403705592384,45.0,0.3174188339282679,RT (synthetic-pretrain_rdb_512_size_16b.pt),bs=16 sl=128 d=256 blocks=12 heads=8 full=False qk_norm=True random_sampling=True steps=0 eval_batches=200 ckpt=synthetic-pretrain_rdb_512_size_16b.pt
marketing-campaign,tabarena-marketing-campaign,fold-25,25,binary_classification,1,0,42,nan,nan,0.45480877390326213,1194,299,747,1.1920928955078125e-06,6.32619047164917,ok,True,Marketing_Campaign,roc_auc,0.0953880764904386,0.0808070866141732,45.0,0.37400168728908895,RT (synthetic-pretrain_rdb_512_size_16b.pt),bs=16 sl=128 d=256 blocks=12 heads=8 full=False qk_norm=True random_sampling=True steps=0 eval_batches=200 ckpt=synthetic-pretrain_rdb_512_size_16b.pt
marketing-campaign,tabarena-marketing-campaign,fold-26,26,binary_classification,1,0,42,nan,nan,0.44641413066609925,1195,299,746,1.430511474609375e-06,6.3220765590667725,ok,True,Marketing_Campaign,roc_auc,0.0894729375044336,0.0702631765623891,45.0,0.37615095410371013,RT (synthetic-pretrain_rdb_512_size_16b.pt),bs=16 sl=128 d=256 blocks=12 heads=8 full=False qk_norm=True random_sampling=True steps=0 eval_batches=200 ckpt=synthetic-pretrain_rdb_512_size_16b.pt
marketing-campaign,tabarena-marketing-campaign,fold-27,27,binary_classification,1,0,42,nan,nan,0.3889384667686554,1194,299,747,1.430511474609375e-06,6.304210424423218,ok,True,Marketing_Campaign,roc_auc,0.0962023344098814,0.0776602073771884,45.0,0.311278259391467,RT (synthetic-pretrain_rdb_512_size_16b.pt),bs=16 sl=128 d=256 blocks=12 heads=8 full=False qk_norm=True random_sampling=True steps=0 eval_batches=200 ckpt=synthetic-pretrain_rdb_512_size_16b.pt
marketing-campaign,tabarena-marketing-campaign,fold-28,28,binary_classification,1,0,42,nan,nan,0.4972862767154105,1194,299,747,9.5367431640625e-07,6.318044900894165,ok,True,Marketing_Campaign,roc_auc,0.1203388638920135,0.1029316647919009,45.0,0.39435461192350957,RT (synthetic-pretrain_rdb_512_size_16b.pt),bs=16 sl=128 d=256 blocks=12 heads=8 full=False qk_norm=True random_sampling=True steps=0 eval_batches=200 ckpt=synthetic-pretrain_rdb_512_size_16b.pt
marketing-campaign,tabarena-marketing-campaign,fold-29,29,binary_classification,1,0,42,nan,nan,0.36543945520323484,1195,299,746,1.6689300537109375e-06,6.315615892410278,ok,True,Marketing_Campaign,roc_auc,0.0802298361353479,0.0685110307157551,45.0,0.29692842448747975,RT (synthetic-pretrain_rdb_512_size_16b.pt),bs=16 sl=128 d=256 blocks=12 heads=8 full=False qk_norm=True random_sampling=True steps=0 eval_batches=200 ckpt=synthetic-pretrain_rdb_512_size_16b.pt
miami-housing,tabarena-miami-housing,fold-0,0,regression,1,0,42,nan,nan,300147.0,7347,1837,4592,1.6689300537109375e-06,27.84418749809265,ok,True,miami_housing,rmse,88652.87008297365,76382.49394585288,45.0,223764.50605414712,RT (synthetic-pretrain_rdb_512_size_16b.pt),bs=16 sl=128 d=256 blocks=12 heads=8 full=False qk_norm=True random_sampling=True steps=0 eval_batches=200 ckpt=synthetic-pretrain_rdb_512_size_16b.pt
miami-housing,tabarena-miami-housing,fold-1,1,regression,1,0,42,nan,nan,304440.40625,7347,1837,4592,1.1920928955078125e-06,26.51091694831848,ok,True,miami_housing,rmse,85477.9625659262,78574.6637078839,45.0,225865.7425421161,RT (synthetic-pretrain_rdb_512_size_16b.pt),bs=16 sl=128 d=256 blocks=12 heads=8 full=False qk_norm=True random_sampling=True steps=0 eval_batches=200 ckpt=synthetic-pretrain_rdb_512_size_16b.pt
miami-housing,tabarena-miami-housing,fold-2,2,regression,1,0,42,nan,nan,291393.125,7347,1837,4592,1.430511474609375e-06,26.452175855636597,ok,True,miami_housing,rmse,83573.57114252198,76807.02455540004,45.0,214586.10044459996,RT (synthetic-pretrain_rdb_512_size_16b.pt),bs=16 sl=128 d=256 blocks=12 heads=8 full=False qk_norm=True random_sampling=True steps=0 eval_batches=200 ckpt=synthetic-pretrain_rdb_512_size_16b.pt
miami-housing,tabarena-miami-housing,fold-3,3,regression,1,0,42,nan,nan,300952.9375,7347,1837,4592,1.6689300537109375e-06,26.4207763671875,ok,True,miami_housing,rmse,76089.04762418766,68160.21928252239,45.0,232792.7182174776,RT (synthetic-pretrain_rdb_512_size_16b.pt),bs=16 sl=128 d=256 blocks=12 heads=8 full=False qk_norm=True random_sampling=True steps=0 eval_batches=200 ckpt=synthetic-pretrain_rdb_512_size_16b.pt
miami-housing,tabarena-miami-housing,fold-4,4,regression,1,0,42,nan,nan,305224.4375,7347,1837,4592,1.1920928955078125e-06,27.923231840133667,ok,True,miami_housing,rmse,92315.25526679802,83669.08247273584,45.0,221555.35502726416,RT (synthetic-pretrain_rdb_512_size_16b.pt),bs=16 sl=128 d=256 blocks=12 heads=8 full=False qk_norm=True random_sampling=True steps=0 eval_batches=200 ckpt=synthetic-pretrain_rdb_512_size_16b.pt
miami-housing,tabarena-miami-housing,fold-5,5,regression,1,0,42,nan,nan,293726.21875,7347,1837,4592,1.430511474609375e-06,26.581342220306396,ok,True,miami_housing,rmse,85313.26975945612,76182.91173737067,45.0,217543.30701262935,RT (synthetic-pretrain_rdb_512_size_16b.pt),bs=16 sl=128 d=256 blocks=12 heads=8 full=False qk_norm=True random_sampling=True steps=0 eval_batches=200 ckpt=synthetic-pretrain_rdb_512_size_16b.pt
miami-housing,tabarena-miami-housing,fold-6,6,regression,1,0,42,nan,nan,281085.25,7347,1837,4592,1.1920928955078125e-06,26.531914949417114,ok,True,miami_housing,rmse,83488.28641357562,76877.36161669575,45.0,204207.88838330423,RT (synthetic-pretrain_rdb_512_size_16b.pt),bs=16 sl=128 d=256 blocks=12 heads=8 full=False qk_norm=True random_sampling=True steps=0 eval_batches=200 ckpt=synthetic-pretrain_rdb_512_size_16b.pt
miami-housing,tabarena-miami-housing,fold-7,7,regression,1,0,42,nan,nan,304852.09375,7347,1837,4592,1.1920928955078125e-06,26.46733856201172,ok,True,miami_housing,rmse,89803.4842072632,76720.65760074306,45.0,228131.43614925694,RT (synthetic-pretrain_rdb_512_size_16b.pt),bs=16 sl=128 d=256 blocks=12 heads=8 full=False qk_norm=True random_sampling=True steps=0 eval_batches=200 ckpt=synthetic-pretrain_rdb_512_size_16b.pt
miami-housing,tabarena-miami-housing,fold-8,8,regression,1,0,42,nan,nan,303896.59375,7347,1837,4592,1.430511474609375e-06,28.026079893112183,ok,True,miami_housing,rmse,85913.84744915328,78068.89015214586,45.0,225827.70359785412,RT (synthetic-pretrain_rdb_512_size_16b.pt),bs=16 sl=128 d=256 blocks=12 heads=8 full=False qk_norm=True random_sampling=True steps=0 eval_batches=200 ckpt=synthetic-pretrain_rdb_512_size_16b.pt
naticusdroid,tabarena-naticusdroid,fold-0,0,binary_classification,1,0,42,nan,nan,0.47479665167902474,3995,999,2497,1.430511474609375e-06,20.730669021606445,ok,True,NATICUSdroid,roc_auc,0.015610129559211,0.0126675887661772,45.0,0.46212906291284755,RT (synthetic-pretrain_rdb_512_size_16b.pt),bs=16 sl=128 d=256 blocks=12 heads=8 full=False qk_norm=True random_sampling=True steps=0 eval_batches=200 ckpt=synthetic-pretrain_rdb_512_size_16b.pt
naticusdroid,tabarena-naticusdroid,fold-1,1,binary_classification,1,0,42,nan,nan,0.49966355469438084,3995,999,2497,1.6689300537109375e-06,20.950018405914307,ok,True,NATICUSdroid,roc_auc,0.0136064822969877,0.0113641007574423,45.0,0.4882994539369385,RT (synthetic-pretrain_rdb_512_size_16b.pt),bs=16 sl=128 d=256 blocks=12 heads=8 full=False qk_norm=True random_sampling=True steps=0 eval_batches=200 ckpt=synthetic-pretrain_rdb_512_size_16b.pt
naticusdroid,tabarena-naticusdroid,fold-2,2,binary_classification,1,0,42,nan,nan,0.49330033468381185,3995,999,2497,1.430511474609375e-06,20.712888479232788,ok,True,NATICUSdroid,roc_auc,0.0169057600845516,0.0132052140214902,45.0,0.48009512066232163,RT (synthetic-pretrain_rdb_512_size_16b.pt),bs=16 sl=128 d=256 blocks=12 heads=8 full=False qk_norm=True random_sampling=True steps=0 eval_batches=200 ckpt=synthetic-pretrain_rdb_512_size_16b.pt
naticusdroid,tabarena-naticusdroid,fold-3,3,binary_classification,1,0,42,nan,nan,0.4822719746344899,3995,999,2497,1.430511474609375e-06,20.643668174743652,ok,True,NATICUSdroid,roc_auc,0.0145411308789853,0.0119971816100054,45.0,0.4702747930244845,RT (synthetic-pretrain_rdb_512_size_16b.pt),bs=16 sl=128 d=256 blocks=12 heads=8 full=False qk_norm=True random_sampling=True steps=0 eval_batches=200 ckpt=synthetic-pretrain_rdb_512_size_16b.pt
naticusdroid,tabarena-naticusdroid,fold-4,4,binary_classification,1,0,42,nan,nan,0.4821588867359521,3995,999,2497,1.430511474609375e-06,20.638880252838135,ok,True,NATICUSdroid,roc_auc,0.0123818918442839,0.0108973049145675,45.0,0.4712615818213846,RT (synthetic-pretrain_rdb_512_size_16b.pt),bs=16 sl=128 d=256 blocks=12 heads=8 full=False qk_norm=True random_sampling=True steps=0 eval_batches=200 ckpt=synthetic-pretrain_rdb_512_size_16b.pt
naticusdroid,tabarena-naticusdroid,fold-5,5,binary_classification,1,0,42,nan,nan,0.4692062471536874,3995,999,2497,1.1920928955078125e-06,22.178186893463135,ok,True,NATICUSdroid,roc_auc,0.0178307820503601,0.0144405859138726,45.0,0.4547656612398148,RT (synthetic-pretrain_rdb_512_size_16b.pt),bs=16 sl=128 d=256 blocks=12 heads=8 full=False qk_norm=True random_sampling=True steps=0 eval_batches=200 ckpt=synthetic-pretrain_rdb_512_size_16b.pt
naticusdroid,tabarena-naticusdroid,fold-6,6,binary_classification,1,0,42,nan,nan,0.49565598074588546,3995,999,2497,1.430511474609375e-06,20.83967137336731,ok,True,NATICUSdroid,roc_auc,0.0184768861799279,0.0142213405409369,45.0,0.4814346402049486,RT (synthetic-pretrain_rdb_512_size_16b.pt),bs=16 sl=128 d=256 blocks=12 heads=8 full=False qk_norm=True random_sampling=True steps=0 eval_batches=200 ckpt=synthetic-pretrain_rdb_512_size_16b.pt
naticusdroid,tabarena-naticusdroid,fold-7,7,binary_classification,1,0,42,nan,nan,0.4775987317245024,3995,999,2497,1.1920928955078125e-06,20.801065921783447,ok,True,NATICUSdroid,roc_auc,0.0145883389113967,0.0124364981504315,45.0,0.4651622335740709,RT (synthetic-pretrain_rdb_512_size_16b.pt),bs=16 sl=128 d=256 blocks=12 heads=8 full=False qk_norm=True random_sampling=True steps=0 eval_batches=200 ckpt=synthetic-pretrain_rdb_512_size_16b.pt
naticusdroid,tabarena-naticusdroid,fold-8,8,binary_classification,1,0,42,nan,nan,0.49068486876871575,3995,999,2497,1.430511474609375e-06,20.681618452072144,ok,True,NATICUSdroid,roc_auc,0.0139714638013035,0.0117012506605602,45.0,0.47898361810815554,RT (synthetic-pretrain_rdb_512_size_16b.pt),bs=16 sl=128 d=256 blocks=12 heads=8 full=False qk_norm=True random_sampling=True steps=0 eval_batches=200 ckpt=synthetic-pretrain_rdb_512_size_16b.pt
online-shoppers-intention,tabarena-online-shoppers-intention,fold-0,0,binary_classification,1,0,42,nan,nan,0.37676261043880743,6576,1644,4110,1.1920928955078125e-06,26.312442302703857,ok,True,online_shoppers_intention,roc_auc,0.0712217985900653,0.0676614328180952,45.0,0.3091011776207122,RT (synthetic-pretrain_rdb_512_size_16b.pt),bs=16 sl=128 d=256 blocks=12 heads=8 full=False qk_norm=True random_sampling=True steps=0 eval_batches=200 ckpt=synthetic-pretrain_rdb_512_size_16b.pt
online-shoppers-intention,tabarena-online-shoppers-intention,fold-1,1,binary_classification,1,0,42,nan,nan,0.36660473384145054,6576,1644,4110,1.6689300537109375e-06,27.98229193687439,ok,True,online_shoppers_intention,roc_auc,0.0645781058211403,0.0622929362053421,45.0,0.30431179763610844,RT (synthetic-pretrain_rdb_512_size_16b.pt),bs=16 sl=128 d=256 blocks=12 heads=8 full=False qk_norm=True random_sampling=True steps=0 eval_batches=200 ckpt=synthetic-pretrain_rdb_512_size_16b.pt
online-shoppers-intention,tabarena-online-shoppers-intention,fold-2,2,binary_classification,1,0,42,nan,nan,0.37037281029871416,6576,1644,4110,1.430511474609375e-06,26.56491255760193,ok,True,online_shoppers_intention,roc_auc,0.0618303805809916,0.0586205523149505,45.0,0.31175225798376366,RT (synthetic-pretrain_rdb_512_size_16b.pt),bs=16 sl=128 d=256 blocks=12 heads=8 full=False qk_norm=True random_sampling=True steps=0 eval_batches=200 ckpt=synthetic-pretrain_rdb_512_size_16b.pt
online-shoppers-intention,tabarena-online-shoppers-intention,fold-3,3,binary_classification,1,0,42,nan,nan,0.3741081711495007,6576,1644,4110,1.1920928955078125e-06,26.452502727508545,ok,True,online_shoppers_intention,roc_auc,0.0651995235043432,0.0636009457497384,45.0,0.3105072253997623,RT (synthetic-pretrain_rdb_512_size_16b.pt),bs=16 sl=128 d=256 blocks=12 heads=8 full=False qk_norm=True random_sampling=True steps=0 eval_batches=200 ckpt=synthetic-pretrain_rdb_512_size_16b.pt
online-shoppers-intention,tabarena-online-shoppers-intention,fold-4,4,binary_classification,1,0,42,nan,nan,0.36860376120708516,6576,1644,4110,1.1920928955078125e-06,26.38817286491394,ok,True,online_shoppers_intention,roc_auc,0.0648247719808966,0.0619104905081051,45.0,0.30669327069898006,RT (synthetic-pretrain_rdb_512_size_16b.pt),bs=16 sl=128 d=256 blocks=12 heads=8 full=False qk_norm=True random_sampling=True steps=0 eval_batches=200 ckpt=synthetic-pretrain_rdb_512_size_16b.pt
online-shoppers-intention,tabarena-online-shoppers-intention,fold-5,5,binary_classification,1,0,42,nan,nan,0.39775530286464034,6576,1644,4110,9.5367431640625e-07,26.264166116714478,ok,True,online_shoppers_intention,roc_auc,0.0636520893755228,0.0606511352979727,45.0,0.3371041675666676,RT (synthetic-pretrain_rdb_512_size_16b.pt),bs=16 sl=128 d=256 blocks=12 heads=8 full=False qk_norm=True random_sampling=True steps=0 eval_batches=200 ckpt=synthetic-pretrain_rdb_512_size_16b.pt
online-shoppers-intention,tabarena-online-shoppers-intention,fold-6,6,binary_classification,1,0,42,nan,nan,0.37295794154092865,6576,1644,4110,9.5367431640625e-07,28.046144485473633,ok,True,online_shoppers_intention,roc_auc,0.0693996371970757,0.0658066843361104,45.0,0.3071512572048183,RT (synthetic-pretrain_rdb_512_size_16b.pt),bs=16 sl=128 d=256 blocks=12 heads=8 full=False qk_norm=True random_sampling=True steps=0 eval_batches=200 ckpt=synthetic-pretrain_rdb_512_size_16b.pt
online-shoppers-intention,tabarena-online-shoppers-intention,fold-7,7,binary_classification,1,0,42,nan,nan,0.36276040527735265,6576,1644,4110,1.1920928955078125e-06,26.61140775680542,ok,True,online_shoppers_intention,roc_auc,0.062978622869619,0.0587404909063917,45.0,0.30401991437096093,RT (synthetic-pretrain_rdb_512_size_16b.pt),bs=16 sl=128 d=256 blocks=12 heads=8 full=False qk_norm=True random_sampling=True steps=0 eval_batches=200 ckpt=synthetic-pretrain_rdb_512_size_16b.pt
online-shoppers-intention,tabarena-online-shoppers-intention,fold-8,8,binary_classification,1,0,42,nan,nan,0.394643924484292,6576,1644,4110,1.1920928955078125e-06,26.3635573387146,ok,True,online_shoppers_intention,roc_auc,0.0664821875350762,0.0630639376790027,45.0,0.3315799868052893,RT (synthetic-pretrain_rdb_512_size_16b.pt),bs=16 sl=128 d=256 blocks=12 heads=8 full=False qk_norm=True random_sampling=True steps=0 eval_batches=200 ckpt=synthetic-pretrain_rdb_512_size_16b.pt
physiochemical-protein,tabarena-physiochemical-protein,fold-0,0,regression,1,0,42,nan,nan,6.138502597808838,24388,6098,15244,1.1920928955078125e-06,26.53585124015808,ok,True,physiochemical_protein,rmse,3.506379508181325,2.982577831184401,45.0,3.155924766624437,RT (synthetic-pretrain_rdb_512_size_16b.pt),bs=16 sl=128 d=256 blocks=12 heads=8 full=False qk_norm=True random_sampling=True steps=0 eval_batches=200 ckpt=synthetic-pretrain_rdb_512_size_16b.pt
physiochemical-protein,tabarena-physiochemical-protein,fold-1,1,regression,1,0,42,nan,nan,6.201770782470703,24389,6098,15243,1.1920928955078125e-06,28.41060996055603,ok,True,physiochemical_protein,rmse,3.458944827040771,2.892402594479093,45.0,3.30936818799161,RT (synthetic-pretrain_rdb_512_size_16b.pt),bs=16 sl=128 d=256 blocks=12 heads=8 full=False qk_norm=True random_sampling=True steps=0 eval_batches=200 ckpt=synthetic-pretrain_rdb_512_size_16b.pt
physiochemical-protein,tabarena-physiochemical-protein,fold-2,2,regression,1,0,42,nan,nan,6.072159290313721,24389,6098,15243,1.1920928955078125e-06,26.748798608779907,ok,True,physiochemical_protein,rmse,3.480903372160572,2.900799410741577,45.0,3.171359879572144,RT (synthetic-pretrain_rdb_512_size_16b.pt),bs=16 sl=128 d=256 blocks=12 heads=8 full=False qk_norm=True random_sampling=True steps=0 eval_batches=200 ckpt=synthetic-pretrain_rdb_512_size_16b.pt
physiochemical-protein,tabarena-physiochemical-protein,fold-3,3,regression,1,0,42,nan,nan,6.04948616027832,24388,6098,15244,1.430511474609375e-06,26.825438976287842,ok,True,physiochemical_protein,rmse,3.462082995307452,2.8992773617111576,45.0,3.1502087985671627,RT (synthetic-pretrain_rdb_512_size_16b.pt),bs=16 sl=128 d=256 blocks=12 heads=8 full=False qk_norm=True random_sampling=True steps=0 eval_batches=200 ckpt=synthetic-pretrain_rdb_512_size_16b.pt
physiochemical-protein,tabarena-physiochemical-protein,fold-4,4,regression,1,0,42,nan,nan,6.004955291748047,24389,6098,15243,1.1920928955078125e-06,26.498937129974365,ok,True,physiochemical_protein,rmse,3.4294762868883946,2.87794975284801,45.0,3.127005538900037,RT (synthetic-pretrain_rdb_512_size_16b.pt),bs=16 sl=128 d=256 blocks=12 heads=8 full=False qk_norm=True random_sampling=True steps=0 eval_batches=200 ckpt=synthetic-pretrain_rdb_512_size_16b.pt
physiochemical-protein,tabarena-physiochemical-protein,fold-5,5,regression,1,0,42,nan,nan,6.011038303375244,24389,6098,15243,1.430511474609375e-06,26.600382089614868,ok,True,physiochemical_protein,rmse,3.5177735799015943,2.9410234095779773,45.0,3.070014893797267,RT (synthetic-pretrain_rdb_512_size_16b.pt),bs=16 sl=128 d=256 blocks=12 heads=8 full=False qk_norm=True random_sampling=True steps=0 eval_batches=200 ckpt=synthetic-pretrain_rdb_512_size_16b.pt
physiochemical-protein,tabarena-physiochemical-protein,fold-6,6,regression,1,0,42,nan,nan,6.185742378234863,24388,6098,15244,1.1920928955078125e-06,28.35773205757141,ok,True,physiochemical_protein,rmse,3.47506354926232,2.909436703455502,45.0,3.276305674779361,RT (synthetic-pretrain_rdb_512_size_16b.pt),bs=16 sl=128 d=256 blocks=12 heads=8 full=False qk_norm=True random_sampling=True steps=0 eval_batches=200 ckpt=synthetic-pretrain_rdb_512_size_16b.pt
physiochemical-protein,tabarena-physiochemical-protein,fold-7,7,regression,1,0,42,nan,nan,5.948633193969727,24389,6098,15243,1.1920928955078125e-06,26.891653776168823,ok,True,physiochemical_protein,rmse,3.4805991276035115,2.921195898433302,45.0,3.0274372955364246,RT (synthetic-pretrain_rdb_512_size_16b.pt),bs=16 sl=128 d=256 blocks=12 heads=8 full=False qk_norm=True random_sampling=True steps=0 eval_batches=200 ckpt=synthetic-pretrain_rdb_512_size_16b.pt
physiochemical-protein,tabarena-physiochemical-protein,fold-8,8,regression,1,0,42,nan,nan,6.037245750427246,24389,6098,15243,9.5367431640625e-07,26.69393491744995,ok,True,physiochemical_protein,rmse,3.480563832154066,2.8849541800201437,45.0,3.1522915704071024,RT (synthetic-pretrain_rdb_512_size_16b.pt),bs=16 sl=128 d=256 blocks=12 heads=8 full=False qk_norm=True random_sampling=True steps=0 eval_batches=200 ckpt=synthetic-pretrain_rdb_512_size_16b.pt
polish-companies-bankruptcy,tabarena-polish-companies-bankruptcy,fold-0,0,binary_classification,1,0,42,nan,nan,0.4731080409262941,3152,788,1970,1.430511474609375e-06,16.368789434432983,ok,True,polish_companies_bankruptcy,roc_auc,0.037137564949644,0.0172236833664763,45.0,0.4558843575598178,RT (synthetic-pretrain_rdb_512_size_16b.pt),bs=16 sl=128 d=256 blocks=12 heads=8 full=False qk_norm=True random_sampling=True steps=0 eval_batches=200 ckpt=synthetic-pretrain_rdb_512_size_16b.pt
polish-companies-bankruptcy,tabarena-polish-companies-bankruptcy,fold-1,1,binary_classification,1,0,42,nan,nan,0.43468686410136936,3152,788,1970,1.1920928955078125e-06,16.31317377090454,ok,True,polish_companies_bankruptcy,roc_auc,0.0485662290290338,0.0207947563126938,45.0,0.4138921077886756,RT (synthetic-pretrain_rdb_512_size_16b.pt),bs=16 sl=128 d=256 blocks=12 heads=8 full=False qk_norm=True random_sampling=True steps=0 eval_batches=200 ckpt=synthetic-pretrain_rdb_512_size_16b.pt
polish-companies-bankruptcy,tabarena-polish-companies-bankruptcy,fold-2,2,binary_classification,1,0,42,nan,nan,0.43309002433090016,3152,788,1970,1.6689300537109375e-06,16.346425533294678,ok,True,polish_companies_bankruptcy,roc_auc,0.04629043369531,0.0150604688576423,45.0,0.4180295554732579,RT (synthetic-pretrain_rdb_512_size_16b.pt),bs=16 sl=128 d=256 blocks=12 heads=8 full=False qk_norm=True random_sampling=True steps=0 eval_batches=200 ckpt=synthetic-pretrain_rdb_512_size_16b.pt
polish-companies-bankruptcy,tabarena-polish-companies-bankruptcy,fold-3,3,binary_classification,1,0,42,nan,nan,0.46022235229969843,3152,788,1970,1.430511474609375e-06,18.137126922607422,ok,True,polish_companies_bankruptcy,roc_auc,0.0462104689203926,0.0161411893001475,45.0,0.4440811629995509,RT (synthetic-pretrain_rdb_512_size_16b.pt),bs=16 sl=128 d=256 blocks=12 heads=8 full=False qk_norm=True random_sampling=True steps=0 eval_batches=200 ckpt=synthetic-pretrain_rdb_512_size_16b.pt
polish-companies-bankruptcy,tabarena-polish-companies-bankruptcy,fold-4,4,binary_classification,1,0,42,nan,nan,0.4720831790252509,3152,788,1970,1.430511474609375e-06,16.455512762069702,ok,True,polish_companies_bankruptcy,roc_auc,0.0553358739412475,0.0213283636175389,45.0,0.45075481540771195,RT (synthetic-pretrain_rdb_512_size_16b.pt),bs=16 sl=128 d=256 blocks=12 heads=8 full=False qk_norm=True random_sampling=True steps=0 eval_batches=200 ckpt=synthetic-pretrain_rdb_512_size_16b.pt
polish-companies-bankruptcy,tabarena-polish-companies-bankruptcy,fold-5,5,binary_classification,1,0,42,nan,nan,0.42064582412462515,3152,788,1970,1.1920928955078125e-06,16.57843327522278,ok,True,polish_companies_bankruptcy,roc_auc,0.0380274847583437,0.0199863810672942,45.0,0.4006594430573309,RT (synthetic-pretrain_rdb_512_size_16b.pt),bs=16 sl=128 d=256 blocks=12 heads=8 full=False qk_norm=True random_sampling=True steps=0 eval_batches=200 ckpt=synthetic-pretrain_rdb_512_size_16b.pt
polish-companies-bankruptcy,tabarena-polish-companies-bankruptcy,fold-6,6,binary_classification,1,0,42,nan,nan,0.4535529860799282,3152,788,1970,1.430511474609375e-06,16.43888545036316,ok,True,polish_companies_bankruptcy,roc_auc,0.0522563987427031,0.0176165886201808,45.0,0.43593639745974744,RT (synthetic-pretrain_rdb_512_size_16b.pt),bs=16 sl=128 d=256 blocks=12 heads=8 full=False qk_norm=True random_sampling=True steps=0 eval_batches=200 ckpt=synthetic-pretrain_rdb_512_size_16b.pt
polish-companies-bankruptcy,tabarena-polish-companies-bankruptcy,fold-7,7,binary_classification,1,0,42,nan,nan,0.39283652103965827,3152,788,1970,1.430511474609375e-06,16.422150135040283,ok,True,polish_companies_bankruptcy,roc_auc,0.0358671716025341,0.0181944162375906,45.0,0.37464210480206767,RT (synthetic-pretrain_rdb_512_size_16b.pt),bs=16 sl=128 d=256 blocks=12 heads=8 full=False qk_norm=True random_sampling=True steps=0 eval_batches=200 ckpt=synthetic-pretrain_rdb_512_size_16b.pt
polish-companies-bankruptcy,tabarena-polish-companies-bankruptcy,fold-8,8,binary_classification,1,0,42,nan,nan,0.42968927329852935,3152,788,1970,1.430511474609375e-06,16.35992956161499,ok,True,polish_companies_bankruptcy,roc_auc,0.0510909083668829,0.0205717562449974,45.0,0.40911751705353194,RT (synthetic-pretrain_rdb_512_size_16b.pt),bs=16 sl=128 d=256 blocks=12 heads=8 full=False qk_norm=True random_sampling=True steps=0 eval_batches=200 ckpt=synthetic-pretrain_rdb_512_size_16b.pt
qsar-biodeg,tabarena-qsar-biodeg,fold-0,0,binary_classification,1,0,42,nan,nan,0.4196270782991308,561,141,352,1.430511474609375e-06,3.087830066680908,ok,True,qsar-biodeg,roc_auc,0.0829877015183755,0.061276012550943,45.0,0.3583510657481878,RT (synthetic-pretrain_rdb_512_size_16b.pt),bs=16 sl=128 d=256 blocks=12 heads=8 full=False qk_norm=True random_sampling=True steps=0 eval_batches=200 ckpt=synthetic-pretrain_rdb_512_size_16b.pt
qsar-biodeg,tabarena-qsar-biodeg,fold-1,1,binary_classification,1,0,42,nan,nan,0.39585000363715717,562,141,351,1.1920928955078125e-06,3.085108757019043,ok,True,qsar-biodeg,roc_auc,0.0669600640139667,0.0578671710191314,45.0,0.33798283261802575,RT (synthetic-pretrain_rdb_512_size_16b.pt),bs=16 sl=128 d=256 blocks=12 heads=8 full=False qk_norm=True random_sampling=True steps=0 eval_batches=200 ckpt=synthetic-pretrain_rdb_512_size_16b.pt
qsar-biodeg,tabarena-qsar-biodeg,fold-2,2,binary_classification,1,0,42,nan,nan,0.4264384956717828,562,141,351,1.6689300537109375e-06,3.088005304336548,ok,True,qsar-biodeg,roc_auc,0.0593584054702844,0.0475740161489779,45.0,0.37886447952280494,RT (synthetic-pretrain_rdb_512_size_16b.pt),bs=16 sl=128 d=256 blocks=12 heads=8 full=False qk_norm=True random_sampling=True steps=0 eval_batches=200 ckpt=synthetic-pretrain_rdb_512_size_16b.pt
qsar-biodeg,tabarena-qsar-biodeg,fold-3,3,binary_classification,1,0,42,nan,nan,0.4493814693259278,561,141,352,1.1920928955078125e-06,3.0850651264190674,ok,True,qsar-biodeg,roc_auc,0.0509611569949868,0.0414036859378944,45.0,0.4079777833880334,RT (synthetic-pretrain_rdb_512_size_16b.pt),bs=16 sl=128 d=256 blocks=12 heads=8 full=False qk_norm=True random_sampling=True steps=0 eval_batches=200 ckpt=synthetic-pretrain_rdb_512_size_16b.pt
qsar-biodeg,tabarena-qsar-biodeg,fold-4,4,binary_classification,1,0,42,nan,nan,0.4254382774423511,562,141,351,1.430511474609375e-06,3.0868895053863525,ok,True,qsar-biodeg,roc_auc,0.0912199025241871,0.0800174583545501,45.0,0.345420819087801,RT (synthetic-pretrain_rdb_512_size_16b.pt),bs=16 sl=128 d=256 blocks=12 heads=8 full=False qk_norm=True random_sampling=True steps=0 eval_batches=200 ckpt=synthetic-pretrain_rdb_512_size_16b.pt
qsar-biodeg,tabarena-qsar-biodeg,fold-5,5,binary_classification,1,0,42,nan,nan,0.393267622026624,562,141,351,1.1920928955078125e-06,3.079132080078125,ok,True,qsar-biodeg,roc_auc,0.078089765039645,0.0562668218520403,45.0,0.3370008001745837,RT (synthetic-pretrain_rdb_512_size_16b.pt),bs=16 sl=128 d=256 blocks=12 heads=8 full=False qk_norm=True random_sampling=True steps=0 eval_batches=200 ckpt=synthetic-pretrain_rdb_512_size_16b.pt
qsar-biodeg,tabarena-qsar-biodeg,fold-6,6,binary_classification,1,0,42,nan,nan,0.43508132866880656,561,141,352,1.1920928955078125e-06,3.173884630203247,ok,True,qsar-biodeg,roc_auc,0.0915353265769827,0.0688859234680996,45.0,0.3661954052007069,RT (synthetic-pretrain_rdb_512_size_16b.pt),bs=16 sl=128 d=256 blocks=12 heads=8 full=False qk_norm=True random_sampling=True steps=0 eval_batches=200 ckpt=synthetic-pretrain_rdb_512_size_16b.pt
qsar-biodeg,tabarena-qsar-biodeg,fold-7,7,binary_classification,1,0,42,nan,nan,0.42778424383501856,562,141,351,3.0994415283203125e-06,3.137681007385254,ok,True,qsar-biodeg,roc_auc,0.0782352513275623,0.0677966101694915,45.0,0.35998763366552705,RT (synthetic-pretrain_rdb_512_size_16b.pt),bs=16 sl=128 d=256 blocks=12 heads=8 full=False qk_norm=True random_sampling=True steps=0 eval_batches=200 ckpt=synthetic-pretrain_rdb_512_size_16b.pt
qsar-biodeg,tabarena-qsar-biodeg,fold-8,8,binary_classification,1,0,42,nan,nan,0.4475521932057903,562,141,351,1.1920928955078125e-06,3.106078624725342,ok,True,qsar-biodeg,roc_auc,0.0537935549574452,0.0388084673019567,45.0,0.4087437259038336,RT (synthetic-pretrain_rdb_512_size_16b.pt),bs=16 sl=128 d=256 blocks=12 heads=8 full=False qk_norm=True random_sampling=True steps=0 eval_batches=200 ckpt=synthetic-pretrain_rdb_512_size_16b.pt
qsar-biodeg,tabarena-qsar-biodeg,fold-9,9,binary_classification,1,0,42,nan,nan,0.42088938579723734,561,141,352,1.430511474609375e-06,4.926494598388672,ok,True,qsar-biodeg,roc_auc,0.0813647347350957,0.0710498791791395,45.0,0.3498395066180978,RT (synthetic-pretrain_rdb_512_size_16b.pt),bs=16 sl=128 d=256 blocks=12 heads=8 full=False qk_norm=True random_sampling=True steps=0 eval_batches=200 ckpt=synthetic-pretrain_rdb_512_size_16b.pt
qsar-biodeg,tabarena-qsar-biodeg,fold-10,10,binary_classification,1,0,42,nan,nan,0.43122135738706624,562,141,351,1.1920928955078125e-06,3.0611438751220703,ok,True,qsar-biodeg,roc_auc,0.079690114206736,0.0573215974394413,45.0,0.3738997599476249,RT (synthetic-pretrain_rdb_512_size_16b.pt),bs=16 sl=128 d=256 blocks=12 heads=8 full=False qk_norm=True random_sampling=True steps=0 eval_batches=200 ckpt=synthetic-pretrain_rdb_512_size_16b.pt
qsar-biodeg,tabarena-qsar-biodeg,fold-11,11,binary_classification,1,0,42,nan,nan,0.3897941369025969,562,141,351,1.6689300537109375e-06,3.0517964363098145,ok,True,qsar-biodeg,roc_auc,0.0579035425911107,0.0543755001091146,45.0,0.33541863679348227,RT (synthetic-pretrain_rdb_512_size_16b.pt),bs=16 sl=128 d=256 blocks=12 heads=8 full=False qk_norm=True random_sampling=True steps=0 eval_batches=200 ckpt=synthetic-pretrain_rdb_512_size_16b.pt
qsar-biodeg,tabarena-qsar-biodeg,fold-12,12,binary_classification,1,0,42,nan,nan,0.4127745518808381,561,141,352,1.1920928955078125e-06,3.0550222396850586,ok,True,qsar-biodeg,roc_auc,0.0628629134057056,0.0480398167850831,45.0,0.364734735095755,RT (synthetic-pretrain_rdb_512_size_16b.pt),bs=16 sl=128 d=256 blocks=12 heads=8 full=False qk_norm=True random_sampling=True steps=0 eval_batches=200 ckpt=synthetic-pretrain_rdb_512_size_16b.pt
qsar-biodeg,tabarena-qsar-biodeg,fold-13,13,binary_classification,1,0,42,nan,nan,0.35907834436604347,562,141,351,1.6689300537109375e-06,3.068326711654663,ok,True,qsar-biodeg,roc_auc,0.080453917218302,0.0605586673456026,45.0,0.29851967702044085,RT (synthetic-pretrain_rdb_512_size_16b.pt),bs=16 sl=128 d=256 blocks=12 heads=8 full=False qk_norm=True random_sampling=True steps=0 eval_batches=200 ckpt=synthetic-pretrain_rdb_512_size_16b.pt
qsar-biodeg,tabarena-qsar-biodeg,fold-14,14,binary_classification,1,0,42,nan,nan,0.35093111224267104,562,141,351,1.6689300537109375e-06,3.0763957500457764,ok,True,qsar-biodeg,roc_auc,0.0788171964792318,0.0663053757183385,45.0,0.28462573652433254,RT (synthetic-pretrain_rdb_512_size_16b.pt),bs=16 sl=128 d=256 blocks=12 heads=8 full=False qk_norm=True random_sampling=True steps=0 eval_batches=200 ckpt=synthetic-pretrain_rdb_512_size_16b.pt
qsar-biodeg,tabarena-qsar-biodeg,fold-15,15,binary_classification,1,0,42,nan,nan,0.38709561077649945,561,141,352,1.430511474609375e-06,3.063777208328247,ok,True,qsar-biodeg,roc_auc,0.0721679229631767,0.0636924297616041,45.0,0.32340318101489535,RT (synthetic-pretrain_rdb_512_size_16b.pt),bs=16 sl=128 d=256 blocks=12 heads=8 full=False qk_norm=True random_sampling=True steps=0 eval_batches=200 ckpt=synthetic-pretrain_rdb_512_size_16b.pt
qsar-biodeg,tabarena-qsar-biodeg,fold-16,16,binary_classification,1,0,42,nan,nan,0.43051211173346915,562,141,351,1.1920928955078125e-06,3.06825590133667,ok,True,qsar-biodeg,roc_auc,0.0583763730268422,0.0420455372081181,45.0,0.38846657452535105,RT (synthetic-pretrain_rdb_512_size_16b.pt),bs=16 sl=128 d=256 blocks=12 heads=8 full=False qk_norm=True random_sampling=True steps=0 eval_batches=200 ckpt=synthetic-pretrain_rdb_512_size_16b.pt
qsar-biodeg,tabarena-qsar-biodeg,fold-17,17,binary_classification,1,0,42,nan,nan,0.3995962755510293,562,141,351,1.430511474609375e-06,3.0867788791656494,ok,True,qsar-biodeg,roc_auc,0.081508692805703,0.066050774714483,45.0,0.33354550083654627,RT (synthetic-pretrain_rdb_512_size_16b.pt),bs=16 sl=128 d=256 blocks=12 heads=8 full=False qk_norm=True random_sampling=True steps=0 eval_batches=200 ckpt=synthetic-pretrain_rdb_512_size_16b.pt
qsar-biodeg,tabarena-qsar-biodeg,fold-18,18,binary_classification,1,0,42,nan,nan,0.4141630901287554,561,141,352,1.430511474609375e-06,3.0949273109436035,ok,True,qsar-biodeg,roc_auc,0.0833483608035489,0.0738269556749738,45.0,0.34033613445378164,RT (synthetic-pretrain_rdb_512_size_16b.pt),bs=16 sl=128 d=256 blocks=12 heads=8 full=False qk_norm=True random_sampling=True steps=0 eval_batches=200 ckpt=synthetic-pretrain_rdb_512_size_16b.pt
qsar-biodeg,tabarena-qsar-biodeg,fold-19,19,binary_classification,1,0,42,nan,nan,0.46597439441332655,562,141,351,1.430511474609375e-06,3.1091268062591553,ok,True,qsar-biodeg,roc_auc,0.069142358332727,0.0485196770204408,45.0,0.41745471739288575,RT (synthetic-pretrain_rdb_512_size_16b.pt),bs=16 sl=128 d=256 blocks=12 heads=8 full=False qk_norm=True random_sampling=True steps=0 eval_batches=200 ckpt=synthetic-pretrain_rdb_512_size_16b.pt
qsar-biodeg,tabarena-qsar-biodeg,fold-20,20,binary_classification,1,0,42,nan,nan,0.41305375718338544,562,141,351,1.1920928955078125e-06,3.0938189029693604,ok,True,qsar-biodeg,roc_auc,0.0707790790717973,0.0582127009529351,45.0,0.35484105623045037,RT (synthetic-pretrain_rdb_512_size_16b.pt),bs=16 sl=128 d=256 blocks=12 heads=8 full=False qk_norm=True random_sampling=True steps=0 eval_batches=200 ckpt=synthetic-pretrain_rdb_512_size_16b.pt
qsar-biodeg,tabarena-qsar-biodeg,fold-21,21,binary_classification,1,0,42,nan,nan,0.4180582104086269,561,141,352,1.9073486328125e-06,3.0956873893737793,ok,True,qsar-biodeg,roc_auc,0.0907779420781187,0.0760991091715656,45.0,0.3419591012370613,RT (synthetic-pretrain_rdb_512_size_16b.pt),bs=16 sl=128 d=256 blocks=12 heads=8 full=False qk_norm=True random_sampling=True steps=0 eval_batches=200 ckpt=synthetic-pretrain_rdb_512_size_16b.pt
qsar-biodeg,tabarena-qsar-biodeg,fold-22,22,binary_classification,1,0,42,nan,nan,0.4188913944860696,562,141,351,1.6689300537109375e-06,3.0896198749542236,ok,True,qsar-biodeg,roc_auc,0.0587400887466355,0.0445551756746926,45.0,0.374336218811377,RT (synthetic-pretrain_rdb_512_size_16b.pt),bs=16 sl=128 d=256 blocks=12 heads=8 full=False qk_norm=True random_sampling=True steps=0 eval_batches=200 ckpt=synthetic-pretrain_rdb_512_size_16b.pt
qsar-biodeg,tabarena-qsar-biodeg,fold-23,23,binary_classification,1,0,42,nan,nan,0.41490870735433183,562,141,351,1.430511474609375e-06,3.084923267364502,ok,True,qsar-biodeg,roc_auc,0.0665963482941733,0.0593947770422638,45.0,0.355513930312068,RT (synthetic-pretrain_rdb_512_size_16b.pt),bs=16 sl=128 d=256 blocks=12 heads=8 full=False qk_norm=True random_sampling=True steps=0 eval_batches=200 ckpt=synthetic-pretrain_rdb_512_size_16b.pt
qsar-biodeg,tabarena-qsar-biodeg,fold-24,24,binary_classification,1,0,42,nan,nan,0.3584592635337398,561,141,352,1.9073486328125e-06,3.0744829177856445,ok,True,qsar-biodeg,roc_auc,0.0628268474771882,0.0562989144155514,45.0,0.3021603491181884,RT (synthetic-pretrain_rdb_512_size_16b.pt),bs=16 sl=128 d=256 blocks=12 heads=8 full=False qk_norm=True random_sampling=True steps=0 eval_batches=200 ckpt=synthetic-pretrain_rdb_512_size_16b.pt
qsar-biodeg,tabarena-qsar-biodeg,fold-25,25,binary_classification,1,0,42,nan,nan,0.3787008074488979,562,141,351,9.5367431640625e-07,3.0642473697662354,ok,True,qsar-biodeg,roc_auc,0.0737615479741035,0.0599039790499745,45.0,0.31879682839892337,RT (synthetic-pretrain_rdb_512_size_16b.pt),bs=16 sl=128 d=256 blocks=12 heads=8 full=False qk_norm=True random_sampling=True steps=0 eval_batches=200 ckpt=synthetic-pretrain_rdb_512_size_16b.pt
qsar-biodeg,tabarena-qsar-biodeg,fold-26,26,binary_classification,1,0,42,nan,nan,0.36093329453698975,562,141,351,1.1920928955078125e-06,3.065117120742798,ok,True,qsar-biodeg,roc_auc,0.0746344657016075,0.0650687422710409,45.0,0.2958645522659489,RT (synthetic-pretrain_rdb_512_size_16b.pt),bs=16 sl=128 d=256 blocks=12 heads=8 full=False qk_norm=True random_sampling=True steps=0 eval_batches=200 ckpt=synthetic-pretrain_rdb_512_size_16b.pt
qsar-biodeg,tabarena-qsar-biodeg,fold-27,27,binary_classification,1,0,42,nan,nan,0.436830526201897,561,141,352,1.1920928955078125e-06,3.064192771911621,ok,True,qsar-biodeg,roc_auc,0.0766761640278428,0.0677678796840625,45.0,0.3690626465178345,RT (synthetic-pretrain_rdb_512_size_16b.pt),bs=16 sl=128 d=256 blocks=12 heads=8 full=False qk_norm=True random_sampling=True steps=0 eval_batches=200 ckpt=synthetic-pretrain_rdb_512_size_16b.pt
qsar-biodeg,tabarena-qsar-biodeg,fold-28,28,binary_classification,1,0,42,nan,nan,0.43567687495453555,562,141,351,1.1920928955078125e-06,3.0626015663146973,ok,True,qsar-biodeg,roc_auc,0.0957299774496254,0.080344802502364,45.0,0.3553320724521716,RT (synthetic-pretrain_rdb_512_size_16b.pt),bs=16 sl=128 d=256 blocks=12 heads=8 full=False qk_norm=True random_sampling=True steps=0 eval_batches=200 ckpt=synthetic-pretrain_rdb_512_size_16b.pt
qsar-biodeg,tabarena-qsar-biodeg,fold-29,29,binary_classification,1,0,42,nan,nan,0.3957772604931985,562,141,351,1.430511474609375e-06,3.085698127746582,ok,True,qsar-biodeg,roc_auc,0.0522295773623335,0.0438641158070851,45.0,0.3519131446861134,RT (synthetic-pretrain_rdb_512_size_16b.pt),bs=16 sl=128 d=256 blocks=12 heads=8 full=False qk_norm=True random_sampling=True steps=0 eval_batches=200 ckpt=synthetic-pretrain_rdb_512_size_16b.pt
qsar-fish-toxicity,tabarena-qsar-fish-toxicity,fold-0,0,regression,1,0,42,nan,nan,1.3364243507385254,483,121,303,1.6689300537109375e-06,2.710012435913086,ok,True,QSAR_fish_toxicity,rmse,0.9219470233399446,0.8958826823167596,45.0,0.4405416684217658,RT (synthetic-pretrain_rdb_512_size_16b.pt),bs=16 sl=128 d=256 blocks=12 heads=8 full=False qk_norm=True random_sampling=True steps=0 eval_batches=200 ckpt=synthetic-pretrain_rdb_512_size_16b.pt
qsar-fish-toxicity,tabarena-qsar-fish-toxicity,fold-1,1,regression,1,0,42,nan,nan,1.2276307344436646,484,121,302,1.1920928955078125e-06,2.703711748123169,ok,True,QSAR_fish_toxicity,rmse,0.8156428953974394,0.7579867978673905,45.0,0.469643936576274,RT (synthetic-pretrain_rdb_512_size_16b.pt),bs=16 sl=128 d=256 blocks=12 heads=8 full=False qk_norm=True random_sampling=True steps=0 eval_batches=200 ckpt=synthetic-pretrain_rdb_512_size_16b.pt
qsar-fish-toxicity,tabarena-qsar-fish-toxicity,fold-2,2,regression,1,0,42,nan,nan,1.3029712438583374,484,121,302,1.1920928955078125e-06,2.7106704711914062,ok,True,QSAR_fish_toxicity,rmse,0.926174116556066,0.8946670015930613,45.0,0.40830424226527606,RT (synthetic-pretrain_rdb_512_size_16b.pt),bs=16 sl=128 d=256 blocks=12 heads=8 full=False qk_norm=True random_sampling=True steps=0 eval_batches=200 ckpt=synthetic-pretrain_rdb_512_size_16b.pt
qsar-fish-toxicity,tabarena-qsar-fish-toxicity,fold-3,3,regression,1,0,42,nan,nan,1.3198432922363281,483,121,303,9.5367431640625e-07,2.7117176055908203,ok,True,QSAR_fish_toxicity,rmse,0.849456818732861,0.8037998178776652,45.0,0.5160434743586629,RT (synthetic-pretrain_rdb_512_size_16b.pt),bs=16 sl=128 d=256 blocks=12 heads=8 full=False qk_norm=True random_sampling=True steps=0 eval_batches=200 ckpt=synthetic-pretrain_rdb_512_size_16b.pt
qsar-fish-toxicity,tabarena-qsar-fish-toxicity,fold-4,4,regression,1,0,42,nan,nan,1.2537277936935425,484,121,302,1.430511474609375e-06,2.726445436477661,ok,True,QSAR_fish_toxicity,rmse,0.8933395803997944,0.8445427046282445,45.0,0.40918508906529794,RT (synthetic-pretrain_rdb_512_size_16b.pt),bs=16 sl=128 d=256 blocks=12 heads=8 full=False qk_norm=True random_sampling=True steps=0 eval_batches=200 ckpt=synthetic-pretrain_rdb_512_size_16b.pt
qsar-fish-toxicity,tabarena-qsar-fish-toxicity,fold-5,5,regression,1,0,42,nan,nan,1.3131321668624878,484,121,302,1.6689300537109375e-06,2.710703134536743,ok,True,QSAR_fish_toxicity,rmse,0.9170311548608684,0.8777088323365412,45.0,0.4354233345259466,RT (synthetic-pretrain_rdb_512_size_16b.pt),bs=16 sl=128 d=256 blocks=12 heads=8 full=False qk_norm=True random_sampling=True steps=0 eval_batches=200 ckpt=synthetic-pretrain_rdb_512_size_16b.pt
qsar-fish-toxicity,tabarena-qsar-fish-toxicity,fold-6,6,regression,1,0,42,nan,nan,1.4203946590423584,483,121,303,9.5367431640625e-07,2.71665358543396,ok,True,QSAR_fish_toxicity,rmse,0.9491639181306382,0.8861899895832187,45.0,0.5342046694591397,RT (synthetic-pretrain_rdb_512_size_16b.pt),bs=16 sl=128 d=256 blocks=12 heads=8 full=False qk_norm=True random_sampling=True steps=0 eval_batches=200 ckpt=synthetic-pretrain_rdb_512_size_16b.pt
qsar-fish-toxicity,tabarena-qsar-fish-toxicity,fold-7,7,regression,1,0,42,nan,nan,1.2262414693832397,484,121,302,1.430511474609375e-06,2.713559150695801,ok,True,QSAR_fish_toxicity,rmse,0.8451728333074152,0.7903501450969578,45.0,0.43589132428628197,RT (synthetic-pretrain_rdb_512_size_16b.pt),bs=16 sl=128 d=256 blocks=12 heads=8 full=False qk_norm=True random_sampling=True steps=0 eval_batches=200 ckpt=synthetic-pretrain_rdb_512_size_16b.pt
qsar-fish-toxicity,tabarena-qsar-fish-toxicity,fold-8,8,regression,1,0,42,nan,nan,1.2525594234466553,484,121,302,1.1920928955078125e-06,2.714492082595825,ok,True,QSAR_fish_toxicity,rmse,0.9047946428562402,0.871957144748443,45.0,0.3806022786982123,RT (synthetic-pretrain_rdb_512_size_16b.pt),bs=16 sl=128 d=256 blocks=12 heads=8 full=False qk_norm=True random_sampling=True steps=0 eval_batches=200 ckpt=synthetic-pretrain_rdb_512_size_16b.pt
qsar-fish-toxicity,tabarena-qsar-fish-toxicity,fold-9,9,regression,1,0,42,nan,nan,1.3550879955291748,483,121,303,1.1920928955078125e-06,2.712860345840454,ok,True,QSAR_fish_toxicity,rmse,0.8941310364806526,0.8301861410509607,45.0,0.5249018544782141,RT (synthetic-pretrain_rdb_512_size_16b.pt),bs=16 sl=128 d=256 blocks=12 heads=8 full=False qk_norm=True random_sampling=True steps=0 eval_batches=200 ckpt=synthetic-pretrain_rdb_512_size_16b.pt
qsar-fish-toxicity,tabarena-qsar-fish-toxicity,fold-10,10,regression,1,0,42,nan,nan,1.2637455463409424,484,121,302,9.5367431640625e-07,2.7236294746398926,ok,True,QSAR_fish_toxicity,rmse,0.9321374764513024,0.8817461325963577,45.0,0.3819994137445847,RT (synthetic-pretrain_rdb_512_size_16b.pt),bs=16 sl=128 d=256 blocks=12 heads=8 full=False qk_norm=True random_sampling=True steps=0 eval_batches=200 ckpt=synthetic-pretrain_rdb_512_size_16b.pt
qsar-fish-toxicity,tabarena-qsar-fish-toxicity,fold-11,11,regression,1,0,42,nan,nan,1.3046311140060425,484,121,302,1.1920928955078125e-06,2.714470386505127,ok,True,QSAR_fish_toxicity,rmse,0.9168051381106798,0.8798078187207158,45.0,0.4248232952853267,RT (synthetic-pretrain_rdb_512_size_16b.pt),bs=16 sl=128 d=256 blocks=12 heads=8 full=False qk_norm=True random_sampling=True steps=0 eval_batches=200 ckpt=synthetic-pretrain_rdb_512_size_16b.pt
qsar-fish-toxicity,tabarena-qsar-fish-toxicity,fold-12,12,regression,1,0,42,nan,nan,1.3669794797897339,483,121,303,1.1920928955078125e-06,4.487839937210083,ok,True,QSAR_fish_toxicity,rmse,0.9678406180542382,0.9326279810045178,45.0,0.43435149878521606,RT (synthetic-pretrain_rdb_512_size_16b.pt),bs=16 sl=128 d=256 blocks=12 heads=8 full=False qk_norm=True random_sampling=True steps=0 eval_batches=200 ckpt=synthetic-pretrain_rdb_512_size_16b.pt
qsar-fish-toxicity,tabarena-qsar-fish-toxicity,fold-13,13,regression,1,0,42,nan,nan,1.29958975315094,484,121,302,1.1920928955078125e-06,2.7077932357788086,ok,True,QSAR_fish_toxicity,rmse,0.8977542516077706,0.8507496118813345,45.0,0.4488401412696055,RT (synthetic-pretrain_rdb_512_size_16b.pt),bs=16 sl=128 d=256 blocks=12 heads=8 full=False qk_norm=True random_sampling=True steps=0 eval_batches=200 ckpt=synthetic-pretrain_rdb_512_size_16b.pt
qsar-fish-toxicity,tabarena-qsar-fish-toxicity,fold-14,14,regression,1,0,42,nan,nan,1.2202670574188232,484,121,302,1.1920928955078125e-06,2.7162232398986816,ok,True,QSAR_fish_toxicity,rmse,0.8033324973316869,0.7527434403376861,45.0,0.4675236170811371,RT (synthetic-pretrain_rdb_512_size_16b.pt),bs=16 sl=128 d=256 blocks=12 heads=8 full=False qk_norm=True random_sampling=True steps=0 eval_batches=200 ckpt=synthetic-pretrain_rdb_512_size_16b.pt
qsar-fish-toxicity,tabarena-qsar-fish-toxicity,fold-15,15,regression,1,0,42,nan,nan,1.2286661863327026,483,121,303,1.1920928955078125e-06,2.7216544151306152,ok,True,QSAR_fish_toxicity,rmse,0.8327283835037069,0.7887078840048669,45.0,0.4399583023278357,RT (synthetic-pretrain_rdb_512_size_16b.pt),bs=16 sl=128 d=256 blocks=12 heads=8 full=False qk_norm=True random_sampling=True steps=0 eval_batches=200 ckpt=synthetic-pretrain_rdb_512_size_16b.pt
qsar-fish-toxicity,tabarena-qsar-fish-toxicity,fold-16,16,regression,1,0,42,nan,nan,1.3678455352783203,484,121,302,1.1920928955078125e-06,2.7322962284088135,ok,True,QSAR_fish_toxicity,rmse,0.9277791760891452,0.8877549770361679,45.0,0.4800905582421524,RT (synthetic-pretrain_rdb_512_size_16b.pt),bs=16 sl=128 d=256 blocks=12 heads=8 full=False qk_norm=True random_sampling=True steps=0 eval_batches=200 ckpt=synthetic-pretrain_rdb_512_size_16b.pt
qsar-fish-toxicity,tabarena-qsar-fish-toxicity,fold-17,17,regression,1,0,42,nan,nan,1.2952349185943604,484,121,302,1.430511474609375e-06,2.7389707565307617,ok,True,QSAR_fish_toxicity,rmse,0.8991916974847679,0.8555061066741626,45.0,0.43972881192019775,RT (synthetic-pretrain_rdb_512_size_16b.pt),bs=16 sl=128 d=256 blocks=12 heads=8 full=False qk_norm=True random_sampling=True steps=0 eval_batches=200 ckpt=synthetic-pretrain_rdb_512_size_16b.pt
qsar-fish-toxicity,tabarena-qsar-fish-toxicity,fold-18,18,regression,1,0,42,nan,nan,1.3574926853179932,483,121,303,1.430511474609375e-06,2.7414114475250244,ok,True,QSAR_fish_toxicity,rmse,0.9375342396242766,0.9219464120468914,45.0,0.43554627327110174,RT (synthetic-pretrain_rdb_512_size_16b.pt),bs=16 sl=128 d=256 blocks=12 heads=8 full=False qk_norm=True random_sampling=True steps=0 eval_batches=200 ckpt=synthetic-pretrain_rdb_512_size_16b.pt
qsar-fish-toxicity,tabarena-qsar-fish-toxicity,fold-19,19,regression,1,0,42,nan,nan,1.2699187994003296,484,121,302,1.1920928955078125e-06,2.755815029144287,ok,True,QSAR_fish_toxicity,rmse,0.864453096364076,0.8087361762925831,45.0,0.4611826231077465,RT (synthetic-pretrain_rdb_512_size_16b.pt),bs=16 sl=128 d=256 blocks=12 heads=8 full=False qk_norm=True random_sampling=True steps=0 eval_batches=200 ckpt=synthetic-pretrain_rdb_512_size_16b.pt
qsar-fish-toxicity,tabarena-qsar-fish-toxicity,fold-20,20,regression,1,0,42,nan,nan,1.3182852268218994,484,121,302,1.1920928955078125e-06,2.7847044467926025,ok,True,QSAR_fish_toxicity,rmse,0.8549119450747878,0.7951331386459222,45.0,0.5231520881759772,RT (synthetic-pretrain_rdb_512_size_16b.pt),bs=16 sl=128 d=256 blocks=12 heads=8 full=False qk_norm=True random_sampling=True steps=0 eval_batches=200 ckpt=synthetic-pretrain_rdb_512_size_16b.pt
qsar-fish-toxicity,tabarena-qsar-fish-toxicity,fold-21,21,regression,1,0,42,nan,nan,1.2581188678741455,483,121,303,1.1920928955078125e-06,2.7841312885284424,ok,True,QSAR_fish_toxicity,rmse,0.859927827995189,0.7912878020815205,45.0,0.466831065792625,RT (synthetic-pretrain_rdb_512_size_16b.pt),bs=16 sl=128 d=256 blocks=12 heads=8 full=False qk_norm=True random_sampling=True steps=0 eval_batches=200 ckpt=synthetic-pretrain_rdb_512_size_16b.pt
qsar-fish-toxicity,tabarena-qsar-fish-toxicity,fold-22,22,regression,1,0,42,nan,nan,1.3065087795257568,484,121,302,1.1920928955078125e-06,2.7595114707946777,ok,True,QSAR_fish_toxicity,rmse,0.8842122984862668,0.8315423380328744,45.0,0.4749664414928825,RT (synthetic-pretrain_rdb_512_size_16b.pt),bs=16 sl=128 d=256 blocks=12 heads=8 full=False qk_norm=True random_sampling=True steps=0 eval_batches=200 ckpt=synthetic-pretrain_rdb_512_size_16b.pt
qsar-fish-toxicity,tabarena-qsar-fish-toxicity,fold-23,23,regression,1,0,42,nan,nan,1.3501719236373901,484,121,302,1.430511474609375e-06,2.72802472114563,ok,True,QSAR_fish_toxicity,rmse,0.9669690003411926,0.9447599715710556,45.0,0.4054119520663345,RT (synthetic-pretrain_rdb_512_size_16b.pt),bs=16 sl=128 d=256 blocks=12 heads=8 full=False qk_norm=True random_sampling=True steps=0 eval_batches=200 ckpt=synthetic-pretrain_rdb_512_size_16b.pt
qsar-fish-toxicity,tabarena-qsar-fish-toxicity,fold-24,24,regression,1,0,42,nan,nan,1.2835757732391357,483,121,303,1.1920928955078125e-06,2.721693754196167,ok,True,QSAR_fish_toxicity,rmse,0.93310958931098,0.887403874036613,45.0,0.3961718992025227,RT (synthetic-pretrain_rdb_512_size_16b.pt),bs=16 sl=128 d=256 blocks=12 heads=8 full=False qk_norm=True random_sampling=True steps=0 eval_batches=200 ckpt=synthetic-pretrain_rdb_512_size_16b.pt
qsar-fish-toxicity,tabarena-qsar-fish-toxicity,fold-25,25,regression,1,0,42,nan,nan,1.3038904666900635,484,121,302,1.430511474609375e-06,2.727921724319458,ok,True,QSAR_fish_toxicity,rmse,0.8984121833174588,0.8678839661798279,45.0,0.4360065005102356,RT (synthetic-pretrain_rdb_512_size_16b.pt),bs=16 sl=128 d=256 blocks=12 heads=8 full=False qk_norm=True random_sampling=True steps=0 eval_batches=200 ckpt=synthetic-pretrain_rdb_512_size_16b.pt
qsar-fish-toxicity,tabarena-qsar-fish-toxicity,fold-26,26,regression,1,0,42,nan,nan,1.3050287961959839,484,121,302,1.1920928955078125e-06,2.715759754180908,ok,True,QSAR_fish_toxicity,rmse,0.8899486924966377,0.8657632823655382,45.0,0.43926551383044565,RT (synthetic-pretrain_rdb_512_size_16b.pt),bs=16 sl=128 d=256 blocks=12 heads=8 full=False qk_norm=True random_sampling=True steps=0 eval_batches=200 ckpt=synthetic-pretrain_rdb_512_size_16b.pt
qsar-fish-toxicity,tabarena-qsar-fish-toxicity,fold-27,27,regression,1,0,42,nan,nan,1.2517932653427124,483,121,303,1.430511474609375e-06,2.711153268814087,ok,True,QSAR_fish_toxicity,rmse,0.8480795090696714,0.8277966355687446,45.0,0.4239966297739678,RT (synthetic-pretrain_rdb_512_size_16b.pt),bs=16 sl=128 d=256 blocks=12 heads=8 full=False qk_norm=True random_sampling=True steps=0 eval_batches=200 ckpt=synthetic-pretrain_rdb_512_size_16b.pt
qsar-fish-toxicity,tabarena-qsar-fish-toxicity,fold-28,28,regression,1,0,42,nan,nan,1.2660908699035645,484,121,302,1.1920928955078125e-06,2.695399522781372,ok,True,QSAR_fish_toxicity,rmse,0.8523858102478702,0.8219862469154486,45.0,0.4441046229881158,RT (synthetic-pretrain_rdb_512_size_16b.pt),bs=16 sl=128 d=256 blocks=12 heads=8 full=False qk_norm=True random_sampling=True steps=0 eval_batches=200 ckpt=synthetic-pretrain_rdb_512_size_16b.pt
qsar-fish-toxicity,tabarena-qsar-fish-toxicity,fold-29,29,regression,1,0,42,nan,nan,1.3546180725097656,484,121,302,1.430511474609375e-06,2.708158493041992,ok,True,QSAR_fish_toxicity,rmse,0.9295718653215976,0.8820688347963014,45.0,0.47254923771346424,RT (synthetic-pretrain_rdb_512_size_16b.pt),bs=16 sl=128 d=256 blocks=12 heads=8 full=False qk_norm=True random_sampling=True steps=0 eval_batches=200 ckpt=synthetic-pretrain_rdb_512_size_16b.pt
qsar-tid-11,tabarena-qsar-tid-11,fold-0,0,regression,1,0,42,nan,nan,1.622661828994751,3062,766,1914,1.1920928955078125e-06,15.867028713226318,ok,True,QSAR-TID-11,rmse,0.8379413018464216,0.794632934534767,45.0,0.828028894459984,RT (synthetic-pretrain_rdb_512_size_16b.pt),bs=16 sl=128 d=256 blocks=12 heads=8 full=False qk_norm=True random_sampling=True steps=0 eval_batches=200 ckpt=synthetic-pretrain_rdb_512_size_16b.pt
qsar-tid-11,tabarena-qsar-tid-11,fold-1,1,regression,1,0,42,nan,nan,1.5780959129333496,3062,766,1914,1.6689300537109375e-06,15.841110944747925,ok,True,QSAR-TID-11,rmse,0.733824697435047,0.7043628852691037,45.0,0.8737330276642459,RT (synthetic-pretrain_rdb_512_size_16b.pt),bs=16 sl=128 d=256 blocks=12 heads=8 full=False qk_norm=True random_sampling=True steps=0 eval_batches=200 ckpt=synthetic-pretrain_rdb_512_size_16b.pt
qsar-tid-11,tabarena-qsar-tid-11,fold-2,2,regression,1,0,42,nan,nan,1.4911013841629028,3062,766,1914,1.430511474609375e-06,15.852618217468262,ok,True,QSAR-TID-11,rmse,0.7420193290445906,0.7006984228981742,45.0,0.7904029612647286,RT (synthetic-pretrain_rdb_512_size_16b.pt),bs=16 sl=128 d=256 blocks=12 heads=8 full=False qk_norm=True random_sampling=True steps=0 eval_batches=200 ckpt=synthetic-pretrain_rdb_512_size_16b.pt
qsar-tid-11,tabarena-qsar-tid-11,fold-3,3,regression,1,0,42,nan,nan,1.5323941707611084,3062,766,1914,1.1920928955078125e-06,15.810125350952148,ok,True,QSAR-TID-11,rmse,0.7436912373335801,0.7113554975147377,45.0,0.8210386732463707,RT (synthetic-pretrain_rdb_512_size_16b.pt),bs=16 sl=128 d=256 blocks=12 heads=8 full=False qk_norm=True random_sampling=True steps=0 eval_batches=200 ckpt=synthetic-pretrain_rdb_512_size_16b.pt
qsar-tid-11,tabarena-qsar-tid-11,fold-4,4,regression,1,0,42,nan,nan,1.5546218156814575,3062,766,1914,1.6689300537109375e-06,17.865965366363525,ok,True,QSAR-TID-11,rmse,0.7592310833187875,0.7210387312050018,45.0,0.8335830844764557,RT (synthetic-pretrain_rdb_512_size_16b.pt),bs=16 sl=128 d=256 blocks=12 heads=8 full=False qk_norm=True random_sampling=True steps=0 eval_batches=200 ckpt=synthetic-pretrain_rdb_512_size_16b.pt
qsar-tid-11,tabarena-qsar-tid-11,fold-5,5,regression,1,0,42,nan,nan,1.6179577112197876,3062,766,1914,1.6689300537109375e-06,16.095755100250244,ok,True,QSAR-TID-11,rmse,0.8530758476481755,0.8101063577693678,45.0,0.8078513534504198,RT (synthetic-pretrain_rdb_512_size_16b.pt),bs=16 sl=128 d=256 blocks=12 heads=8 full=False qk_norm=True random_sampling=True steps=0 eval_batches=200 ckpt=synthetic-pretrain_rdb_512_size_16b.pt
qsar-tid-11,tabarena-qsar-tid-11,fold-6,6,regression,1,0,42,nan,nan,1.5643119812011719,3062,766,1914,1.430511474609375e-06,16.207386255264282,ok,True,QSAR-TID-11,rmse,0.7295816319258995,0.7057309469500761,45.0,0.8585810342510958,RT (synthetic-pretrain_rdb_512_size_16b.pt),bs=16 sl=128 d=256 blocks=12 heads=8 full=False qk_norm=True random_sampling=True steps=0 eval_batches=200 ckpt=synthetic-pretrain_rdb_512_size_16b.pt
qsar-tid-11,tabarena-qsar-tid-11,fold-7,7,regression,1,0,42,nan,nan,1.5725256204605103,3062,766,1914,1.1920928955078125e-06,16.073251962661743,ok,True,QSAR-TID-11,rmse,0.7312977464514528,0.700977320018178,45.0,0.8715483004423322,RT (synthetic-pretrain_rdb_512_size_16b.pt),bs=16 sl=128 d=256 blocks=12 heads=8 full=False qk_norm=True random_sampling=True steps=0 eval_batches=200 ckpt=synthetic-pretrain_rdb_512_size_16b.pt
qsar-tid-11,tabarena-qsar-tid-11,fold-8,8,regression,1,0,42,nan,nan,1.5518916845321655,3062,766,1914,9.5367431640625e-07,16.046234130859375,ok,True,QSAR-TID-11,rmse,0.818044330371793,0.7676594987518869,45.0,0.7842321857802786,RT (synthetic-pretrain_rdb_512_size_16b.pt),bs=16 sl=128 d=256 blocks=12 heads=8 full=False qk_norm=True random_sampling=True steps=0 eval_batches=200 ckpt=synthetic-pretrain_rdb_512_size_16b.pt
seismic-bumps,tabarena-seismic-bumps,fold-0,0,binary_classification,1,0,42,nan,nan,0.45417892557480655,1377,345,862,1.430511474609375e-06,7.248956680297852,ok,True,seismic-bumps,roc_auc,0.2203116486869347,0.198844938433039,45.0,0.2553339871417676,RT (synthetic-pretrain_rdb_512_size_16b.pt),bs=16 sl=128 d=256 blocks=12 heads=8 full=False qk_norm=True random_sampling=True steps=0 eval_batches=200 ckpt=synthetic-pretrain_rdb_512_size_16b.pt
seismic-bumps,tabarena-seismic-bumps,fold-1,1,binary_classification,1,0,42,nan,nan,0.4779835847382432,1378,345,861,1.9073486328125e-06,7.235942125320435,ok,True,seismic-bumps,roc_auc,0.2714285714285716,0.231055900621118,45.0,0.2469276841171252,RT (synthetic-pretrain_rdb_512_size_16b.pt),bs=16 sl=128 d=256 blocks=12 heads=8 full=False qk_norm=True random_sampling=True steps=0 eval_batches=200 ckpt=synthetic-pretrain_rdb_512_size_16b.pt
seismic-bumps,tabarena-seismic-bumps,fold-2,2,binary_classification,1,0,42,nan,nan,0.5184275988478659,1378,345,861,1.430511474609375e-06,7.229576587677002,ok,True,seismic-bumps,roc_auc,0.248668936021646,0.2103190189403857,45.0,0.3081085799074802,RT (synthetic-pretrain_rdb_512_size_16b.pt),bs=16 sl=128 d=256 blocks=12 heads=8 full=False qk_norm=True random_sampling=True steps=0 eval_batches=200 ckpt=synthetic-pretrain_rdb_512_size_16b.pt
seismic-bumps,tabarena-seismic-bumps,fold-3,3,binary_classification,1,0,42,nan,nan,0.4870981802331916,1377,345,862,1.6689300537109375e-06,7.2304205894470215,ok,True,seismic-bumps,roc_auc,0.2507573281028659,0.2028113762667538,45.0,0.2842868039664378,RT (synthetic-pretrain_rdb_512_size_16b.pt),bs=16 sl=128 d=256 blocks=12 heads=8 full=False qk_norm=True random_sampling=True steps=0 eval_batches=200 ckpt=synthetic-pretrain_rdb_512_size_16b.pt
seismic-bumps,tabarena-seismic-bumps,fold-4,4,binary_classification,1,0,42,nan,nan,0.40359361135758653,1378,345,861,1.6689300537109375e-06,7.228736877441406,ok,True,seismic-bumps,roc_auc,0.1966282165039928,0.175399290150843,45.0,0.22819432120674354,RT (synthetic-pretrain_rdb_512_size_16b.pt),bs=16 sl=128 d=256 blocks=12 heads=8 full=False qk_norm=True random_sampling=True steps=0 eval_batches=200 ckpt=synthetic-pretrain_rdb_512_size_16b.pt
seismic-bumps,tabarena-seismic-bumps,fold-5,5,binary_classification,1,0,42,nan,nan,0.48683119490267956,1378,345,861,1.430511474609375e-06,7.228654861450195,ok,True,seismic-bumps,roc_auc,0.2746792354019377,0.2354673998428907,45.0,0.2513637950597889,RT (synthetic-pretrain_rdb_512_size_16b.pt),bs=16 sl=128 d=256 blocks=12 heads=8 full=False qk_norm=True random_sampling=True steps=0 eval_batches=200 ckpt=synthetic-pretrain_rdb_512_size_16b.pt
seismic-bumps,tabarena-seismic-bumps,fold-6,6,binary_classification,1,0,42,nan,nan,0.40346518470088266,1377,345,862,1.1920928955078125e-06,7.229712963104248,ok,True,seismic-bumps,roc_auc,0.2391958156260216,0.194758635719734,45.0,0.20870654898114865,RT (synthetic-pretrain_rdb_512_size_16b.pt),bs=16 sl=128 d=256 blocks=12 heads=8 full=False qk_norm=True random_sampling=True steps=0 eval_batches=200 ckpt=synthetic-pretrain_rdb_512_size_16b.pt
seismic-bumps,tabarena-seismic-bumps,fold-7,7,binary_classification,1,0,42,nan,nan,0.38751109139307893,1378,345,861,1.1920928955078125e-06,9.096833229064941,ok,True,seismic-bumps,roc_auc,0.279492014196983,0.2491015971606033,45.0,0.13840949423247564,RT (synthetic-pretrain_rdb_512_size_16b.pt),bs=16 sl=128 d=256 blocks=12 heads=8 full=False qk_norm=True random_sampling=True steps=0 eval_batches=200 ckpt=synthetic-pretrain_rdb_512_size_16b.pt
seismic-bumps,tabarena-seismic-bumps,fold-8,8,binary_classification,1,0,42,nan,nan,0.43683992319106224,1378,345,861,1.430511474609375e-06,7.240960359573364,ok,True,seismic-bumps,roc_auc,0.2467923540193768,0.2148468185388845,45.0,0.22199310465217775,RT (synthetic-pretrain_rdb_512_size_16b.pt),bs=16 sl=128 d=256 blocks=12 heads=8 full=False qk_norm=True random_sampling=True steps=0 eval_batches=200 ckpt=synthetic-pretrain_rdb_512_size_16b.pt
superconductivity,tabarena-superconductivity,fold-0,0,regression,1,0,42,nan,nan,33.222900390625,10000,2835,7088,1.1920928955078125e-06,26.755905389785767,ok,True,superconductivity,rmse,9.33002335952439,9.06116540828796,45.0,24.161734982337038,RT (synthetic-pretrain_rdb_512_size_16b.pt),bs=16 sl=128 d=256 blocks=12 heads=8 full=False qk_norm=True random_sampling=True steps=0 eval_batches=200 ckpt=synthetic-pretrain_rdb_512_size_16b.pt
superconductivity,tabarena-superconductivity,fold-1,1,regression,1,0,42,nan,nan,33.910430908203125,10000,2835,7088,1.430511474609375e-06,26.577950477600098,ok,True,superconductivity,rmse,9.399509171279862,8.88549575160075,45.0,25.024935156602375,RT (synthetic-pretrain_rdb_512_size_16b.pt),bs=16 sl=128 d=256 blocks=12 heads=8 full=False qk_norm=True random_sampling=True steps=0 eval_batches=200 ckpt=synthetic-pretrain_rdb_512_size_16b.pt
superconductivity,tabarena-superconductivity,fold-2,2,regression,1,0,42,nan,nan,33.20390701293945,10000,2836,7087,1.9073486328125e-06,26.368425607681274,ok,True,superconductivity,rmse,9.072695730898936,8.894308334815,45.0,24.309598678124452,RT (synthetic-pretrain_rdb_512_size_16b.pt),bs=16 sl=128 d=256 blocks=12 heads=8 full=False qk_norm=True random_sampling=True steps=0 eval_batches=200 ckpt=synthetic-pretrain_rdb_512_size_16b.pt
superconductivity,tabarena-superconductivity,fold-3,3,regression,1,0,42,nan,nan,33.15968322753906,10000,2835,7088,1.6689300537109375e-06,26.16321063041687,ok,True,superconductivity,rmse,9.622056641562956,9.19947253566344,45.0,23.960210691875623,RT (synthetic-pretrain_rdb_512_size_16b.pt),bs=16 sl=128 d=256 blocks=12 heads=8 full=False qk_norm=True random_sampling=True steps=0 eval_batches=200 ckpt=synthetic-pretrain_rdb_512_size_16b.pt
superconductivity,tabarena-superconductivity,fold-4,4,regression,1,0,42,nan,nan,33.6190071105957,10000,2835,7088,1.1920928955078125e-06,28.115482091903687,ok,True,superconductivity,rmse,9.631674150992854,9.286644125074352,45.0,24.33236298552135,RT (synthetic-pretrain_rdb_512_size_16b.pt),bs=16 sl=128 d=256 blocks=12 heads=8 full=False qk_norm=True random_sampling=True steps=0 eval_batches=200 ckpt=synthetic-pretrain_rdb_512_size_16b.pt
superconductivity,tabarena-superconductivity,fold-5,5,regression,1,0,42,nan,nan,32.92430114746094,10000,2836,7087,1.1920928955078125e-06,26.574995756149292,ok,True,superconductivity,rmse,9.15039422741122,8.847413568001375,45.0,24.076887579459562,RT (synthetic-pretrain_rdb_512_size_16b.pt),bs=16 sl=128 d=256 blocks=12 heads=8 full=False qk_norm=True random_sampling=True steps=0 eval_batches=200 ckpt=synthetic-pretrain_rdb_512_size_16b.pt
superconductivity,tabarena-superconductivity,fold-6,6,regression,1,0,42,nan,nan,33.300785064697266,10000,2835,7088,1.430511474609375e-06,26.75498604774475,ok,True,superconductivity,rmse,9.456574166152448,9.159903701044598,45.0,24.140881363652667,RT (synthetic-pretrain_rdb_512_size_16b.pt),bs=16 sl=128 d=256 blocks=12 heads=8 full=False qk_norm=True random_sampling=True steps=0 eval_batches=200 ckpt=synthetic-pretrain_rdb_512_size_16b.pt
superconductivity,tabarena-superconductivity,fold-7,7,regression,1,0,42,nan,nan,34.180503845214844,10000,2835,7088,1.1920928955078125e-06,26.384324073791504,ok,True,superconductivity,rmse,9.644074412666866,9.410842810102674,45.0,24.769661035112172,RT (synthetic-pretrain_rdb_512_size_16b.pt),bs=16 sl=128 d=256 blocks=12 heads=8 full=False qk_norm=True random_sampling=True steps=0 eval_batches=200 ckpt=synthetic-pretrain_rdb_512_size_16b.pt
superconductivity,tabarena-superconductivity,fold-8,8,regression,1,0,42,nan,nan,33.34701156616211,10000,2836,7087,1.430511474609375e-06,26.344528198242188,ok,True,superconductivity,rmse,9.39666669579471,8.968957930167,45.0,24.37805363599511,RT (synthetic-pretrain_rdb_512_size_16b.pt),bs=16 sl=128 d=256 blocks=12 heads=8 full=False qk_norm=True random_sampling=True steps=0 eval_batches=200 ckpt=synthetic-pretrain_rdb_512_size_16b.pt
taiwanese-bankruptcy-prediction,tabarena-taiwanese-bankruptcy-prediction,fold-0,0,binary_classification,1,0,42,nan,nan,0.3547820672478207,3636,910,2273,1.430511474609375e-06,18.790448427200317,ok,True,taiwanese_bankruptcy_prediction,roc_auc,0.0541531755915317,0.0474595267745953,45.0,0.3073225404732254,RT (synthetic-pretrain_rdb_512_size_16b.pt),bs=16 sl=128 d=256 blocks=12 heads=8 full=False qk_norm=True random_sampling=True steps=0 eval_batches=200 ckpt=synthetic-pretrain_rdb_512_size_16b.pt
taiwanese-bankruptcy-prediction,tabarena-taiwanese-bankruptcy-prediction,fold-1,1,binary_classification,1,0,42,nan,nan,0.3316500622665006,3636,910,2273,9.5367431640625e-07,20.814178705215454,ok,True,taiwanese_bankruptcy_prediction,roc_auc,0.0637795765877957,0.0576214196762141,45.0,0.27402864259028653,RT (synthetic-pretrain_rdb_512_size_16b.pt),bs=16 sl=128 d=256 blocks=12 heads=8 full=False qk_norm=True random_sampling=True steps=0 eval_batches=200 ckpt=synthetic-pretrain_rdb_512_size_16b.pt
taiwanese-bankruptcy-prediction,tabarena-taiwanese-bankruptcy-prediction,fold-2,2,binary_classification,1,0,42,nan,nan,0.35076447525287924,3636,910,2273,1.430511474609375e-06,18.813198566436768,ok,True,taiwanese_bankruptcy_prediction,roc_auc,0.0738419183166796,0.0562233447635902,45.0,0.29454113048928904,RT (synthetic-pretrain_rdb_512_size_16b.pt),bs=16 sl=128 d=256 blocks=12 heads=8 full=False qk_norm=True random_sampling=True steps=0 eval_batches=200 ckpt=synthetic-pretrain_rdb_512_size_16b.pt
taiwanese-bankruptcy-prediction,tabarena-taiwanese-bankruptcy-prediction,fold-3,3,binary_classification,1,0,42,nan,nan,0.3376681195516812,3636,910,2273,1.1920928955078125e-06,19.036979913711548,ok,True,taiwanese_bankruptcy_prediction,roc_auc,0.0580136986301369,0.0440971357409714,45.0,0.2935709838107098,RT (synthetic-pretrain_rdb_512_size_16b.pt),bs=16 sl=128 d=256 blocks=12 heads=8 full=False qk_norm=True random_sampling=True steps=0 eval_batches=200 ckpt=synthetic-pretrain_rdb_512_size_16b.pt
taiwanese-bankruptcy-prediction,tabarena-taiwanese-bankruptcy-prediction,fold-4,4,binary_classification,1,0,42,nan,nan,0.28740971357409717,3636,910,2273,1.430511474609375e-06,18.902859687805176,ok,True,taiwanese_bankruptcy_prediction,roc_auc,0.0542341220423411,0.0444146948941469,45.0,0.24299501867995027,RT (synthetic-pretrain_rdb_512_size_16b.pt),bs=16 sl=128 d=256 blocks=12 heads=8 full=False qk_norm=True random_sampling=True steps=0 eval_batches=200 ckpt=synthetic-pretrain_rdb_512_size_16b.pt
taiwanese-bankruptcy-prediction,tabarena-taiwanese-bankruptcy-prediction,fold-5,5,binary_classification,1,0,42,nan,nan,0.41102528176198017,3636,910,2273,1.1920928955078125e-06,18.81459331512451,ok,True,taiwanese_bankruptcy_prediction,roc_auc,0.0641876528643241,0.0546808745990191,45.0,0.35634440716296106,RT (synthetic-pretrain_rdb_512_size_16b.pt),bs=16 sl=128 d=256 blocks=12 heads=8 full=False qk_norm=True random_sampling=True steps=0 eval_batches=200 ckpt=synthetic-pretrain_rdb_512_size_16b.pt
taiwanese-bankruptcy-prediction,tabarena-taiwanese-bankruptcy-prediction,fold-6,6,binary_classification,1,0,42,nan,nan,0.35828767123287664,3636,910,2273,1.1920928955078125e-06,18.8269624710083,ok,True,taiwanese_bankruptcy_prediction,roc_auc,0.048972602739726,0.0433063511830634,45.0,0.3149813200498132,RT (synthetic-pretrain_rdb_512_size_16b.pt),bs=16 sl=128 d=256 blocks=12 heads=8 full=False qk_norm=True random_sampling=True steps=0 eval_batches=200 ckpt=synthetic-pretrain_rdb_512_size_16b.pt
taiwanese-bankruptcy-prediction,tabarena-taiwanese-bankruptcy-prediction,fold-7,7,binary_classification,1,0,42,nan,nan,0.3741002490660026,3636,910,2273,1.430511474609375e-06,18.812089443206787,ok,True,taiwanese_bankruptcy_prediction,roc_auc,0.0702615193026151,0.0566189290161892,45.0,0.3174813200498134,RT (synthetic-pretrain_rdb_512_size_16b.pt),bs=16 sl=128 d=256 blocks=12 heads=8 full=False qk_norm=True random_sampling=True steps=0 eval_batches=200 ckpt=synthetic-pretrain_rdb_512_size_16b.pt
taiwanese-bankruptcy-prediction,tabarena-taiwanese-bankruptcy-prediction,fold-8,8,binary_classification,1,0,42,nan,nan,0.36055393729336427,3636,910,2273,1.1920928955078125e-06,20.75807523727417,ok,True,taiwanese_bankruptcy_prediction,roc_auc,0.0680530462249425,0.0541769600432628,45.0,0.3063769772501015,RT (synthetic-pretrain_rdb_512_size_16b.pt),bs=16 sl=128 d=256 blocks=12 heads=8 full=False qk_norm=True random_sampling=True steps=0 eval_batches=200 ckpt=synthetic-pretrain_rdb_512_size_16b.pt
wine-quality,tabarena-wine-quality,fold-0,0,regression,1,0,42,nan,nan,0.8272483348846436,3464,867,2166,9.5367431640625e-07,18.039735078811646,ok,True,wine_quality,rmse,0.6176813840866089,0.5833302736282349,45.0,0.2439180612564087,RT (synthetic-pretrain_rdb_512_size_16b.pt),bs=16 sl=128 d=256 blocks=12 heads=8 full=False qk_norm=True random_sampling=True steps=0 eval_batches=200 ckpt=synthetic-pretrain_rdb_512_size_16b.pt
wine-quality,tabarena-wine-quality,fold-1,1,regression,1,0,42,nan,nan,0.8635594248771667,3464,867,2166,1.1920928955078125e-06,18.12330174446106,ok,True,wine_quality,rmse,0.645441472530365,0.6051887273788452,45.0,0.25837069749832153,RT (synthetic-pretrain_rdb_512_size_16b.pt),bs=16 sl=128 d=256 blocks=12 heads=8 full=False qk_norm=True random_sampling=True steps=0 eval_batches=200 ckpt=synthetic-pretrain_rdb_512_size_16b.pt
wine-quality,tabarena-wine-quality,fold-2,2,regression,1,0,42,nan,nan,0.8450803756713867,3465,867,2165,9.5367431640625e-07,18.211318969726562,ok,True,wine_quality,rmse,0.618918240070343,0.5826164484024048,45.0,0.26246392726898193,RT (synthetic-pretrain_rdb_512_size_16b.pt),bs=16 sl=128 d=256 blocks=12 heads=8 full=False qk_norm=True random_sampling=True steps=0 eval_batches=200 ckpt=synthetic-pretrain_rdb_512_size_16b.pt
wine-quality,tabarena-wine-quality,fold-3,3,regression,1,0,42,nan,nan,0.863507866859436,3464,867,2166,1.430511474609375e-06,18.051714181900024,ok,True,wine_quality,rmse,0.6478861570358276,0.6125553250312805,45.0,0.2509525418281555,RT (synthetic-pretrain_rdb_512_size_16b.pt),bs=16 sl=128 d=256 blocks=12 heads=8 full=False qk_norm=True random_sampling=True steps=0 eval_batches=200 ckpt=synthetic-pretrain_rdb_512_size_16b.pt
wine-quality,tabarena-wine-quality,fold-4,4,regression,1,0,42,nan,nan,0.8183252215385437,3464,867,2166,1.430511474609375e-06,18.0531964302063,ok,True,wine_quality,rmse,0.5934864282608032,0.5558347702026367,45.0,0.262490451335907,RT (synthetic-pretrain_rdb_512_size_16b.pt),bs=16 sl=128 d=256 blocks=12 heads=8 full=False qk_norm=True random_sampling=True steps=0 eval_batches=200 ckpt=synthetic-pretrain_rdb_512_size_16b.pt
wine-quality,tabarena-wine-quality,fold-5,5,regression,1,0,42,nan,nan,0.8555561304092407,3465,867,2165,9.5367431640625e-07,18.032000064849854,ok,True,wine_quality,rmse,0.6288227438926697,0.5818493366241455,45.0,0.2737067937850952,RT (synthetic-pretrain_rdb_512_size_16b.pt),bs=16 sl=128 d=256 blocks=12 heads=8 full=False qk_norm=True random_sampling=True steps=0 eval_batches=200 ckpt=synthetic-pretrain_rdb_512_size_16b.pt
wine-quality,tabarena-wine-quality,fold-6,6,regression,1,0,42,nan,nan,0.8371670842170715,3464,867,2166,9.5367431640625e-07,17.99296283721924,ok,True,wine_quality,rmse,0.6162154078483582,0.5875459313392639,45.0,0.24962115287780762,RT (synthetic-pretrain_rdb_512_size_16b.pt),bs=16 sl=128 d=256 blocks=12 heads=8 full=False qk_norm=True random_sampling=True steps=0 eval_batches=200 ckpt=synthetic-pretrain_rdb_512_size_16b.pt
wine-quality,tabarena-wine-quality,fold-7,7,regression,1,0,42,nan,nan,0.8715450167655945,3464,867,2166,1.430511474609375e-06,18.070723295211792,ok,True,wine_quality,rmse,0.6523571610450745,0.6103475689888,45.0,0.26119744777679443,RT (synthetic-pretrain_rdb_512_size_16b.pt),bs=16 sl=128 d=256 blocks=12 heads=8 full=False qk_norm=True random_sampling=True steps=0 eval_batches=200 ckpt=synthetic-pretrain_rdb_512_size_16b.pt
wine-quality,tabarena-wine-quality,fold-8,8,regression,1,0,42,nan,nan,0.8324897885322571,3465,867,2165,1.430511474609375e-06,20.132222414016724,ok,True,wine_quality,rmse,0.6303761005401611,0.5867881178855896,45.0,0.24570167064666748,RT (synthetic-pretrain_rdb_512_size_16b.pt),bs=16 sl=128 d=256 blocks=12 heads=8 full=False qk_norm=True random_sampling=True steps=0 eval_batches=200 ckpt=synthetic-pretrain_rdb_512_size_16b.pt
