dataset_slug,dataset_name,task_name,fold,problem_type,num_trials,sample_size,seed,train_metric_error,val_metric_error,test_metric_error,train_rows,val_rows,test_rows,model_train_seconds,run_seconds,status,hf_found,hf_dataset_name,hf_metric_name,hf_metric_error,hf_best_metric_error,hf_total_methods,rt_delta_vs_hf_best,rt_method,rt_config
airfoil-self-noise,tabarena-airfoil-self-noise,fold-0,0,regression,1,0,42,nan,nan,7.123007774353027,801,201,501,3.337860107421875e-06,14.147141933441162,ok,True,airfoil_self_noise,rmse,1.48537141921174,0.9148346227283912,45.0,6.208173151624636,RT (pretrain_rel-amazon_user-churn.pt),bs=16 sl=128 d=256 blocks=12 heads=8 full=True qk_norm=False random_sampling=True steps=0 eval_batches=200 ckpt=pretrain_rel-amazon_user-churn.pt
airfoil-self-noise,tabarena-airfoil-self-noise,fold-1,1,regression,1,0,42,nan,nan,6.7177252769470215,801,201,501,2.6226043701171875e-06,8.858768939971924,ok,True,airfoil_self_noise,rmse,1.4717427390860092,1.0728942273125233,45.0,5.644831049634498,RT (pretrain_rel-amazon_user-churn.pt),bs=16 sl=128 d=256 blocks=12 heads=8 full=True qk_norm=False random_sampling=True steps=0 eval_batches=200 ckpt=pretrain_rel-amazon_user-churn.pt
airfoil-self-noise,tabarena-airfoil-self-noise,fold-2,2,regression,1,0,42,nan,nan,7.25927734375,801,201,501,2.384185791015625e-06,10.281052350997925,ok,True,airfoil_self_noise,rmse,1.6004814370861735,1.0424510584287758,45.0,6.216826285321224,RT (pretrain_rel-amazon_user-churn.pt),bs=16 sl=128 d=256 blocks=12 heads=8 full=True qk_norm=False random_sampling=True steps=0 eval_batches=200 ckpt=pretrain_rel-amazon_user-churn.pt
airfoil-self-noise,tabarena-airfoil-self-noise,fold-3,3,regression,1,0,42,nan,nan,7.019705295562744,801,201,501,2.6226043701171875e-06,8.38564920425415,ok,True,airfoil_self_noise,rmse,1.5332980147541346,1.028173689596162,45.0,5.991531605966582,RT (pretrain_rel-amazon_user-churn.pt),bs=16 sl=128 d=256 blocks=12 heads=8 full=True qk_norm=False random_sampling=True steps=0 eval_batches=200 ckpt=pretrain_rel-amazon_user-churn.pt
airfoil-self-noise,tabarena-airfoil-self-noise,fold-4,4,regression,1,0,42,nan,nan,6.639610290527344,801,201,501,1.9073486328125e-06,6.343152046203613,ok,True,airfoil_self_noise,rmse,1.5199041817704546,0.9883040405079432,45.0,5.651306250019401,RT (pretrain_rel-amazon_user-churn.pt),bs=16 sl=128 d=256 blocks=12 heads=8 full=True qk_norm=False random_sampling=True steps=0 eval_batches=200 ckpt=pretrain_rel-amazon_user-churn.pt
airfoil-self-noise,tabarena-airfoil-self-noise,fold-5,5,regression,1,0,42,nan,nan,7.205032825469971,801,201,501,1.1920928955078125e-06,6.216735124588013,ok,True,airfoil_self_noise,rmse,1.6209394827922323,1.215976608556744,45.0,5.989056216913227,RT (pretrain_rel-amazon_user-churn.pt),bs=16 sl=128 d=256 blocks=12 heads=8 full=True qk_norm=False random_sampling=True steps=0 eval_batches=200 ckpt=pretrain_rel-amazon_user-churn.pt
airfoil-self-noise,tabarena-airfoil-self-noise,fold-6,6,regression,1,0,42,nan,nan,6.79495096206665,801,201,501,2.6226043701171875e-06,6.3337390422821045,ok,True,airfoil_self_noise,rmse,1.4903638999977191,1.0902574093038035,45.0,5.704693552762847,RT (pretrain_rel-amazon_user-churn.pt),bs=16 sl=128 d=256 blocks=12 heads=8 full=True qk_norm=False random_sampling=True steps=0 eval_batches=200 ckpt=pretrain_rel-amazon_user-churn.pt
airfoil-self-noise,tabarena-airfoil-self-noise,fold-7,7,regression,1,0,42,nan,nan,7.180237293243408,801,201,501,1.1920928955078125e-06,6.5100929737091064,ok,True,airfoil_self_noise,rmse,1.648461338945206,1.3060846977269098,45.0,5.874152595516499,RT (pretrain_rel-amazon_user-churn.pt),bs=16 sl=128 d=256 blocks=12 heads=8 full=True qk_norm=False random_sampling=True steps=0 eval_batches=200 ckpt=pretrain_rel-amazon_user-churn.pt
airfoil-self-noise,tabarena-airfoil-self-noise,fold-8,8,regression,1,0,42,nan,nan,7.011948108673096,801,201,501,1.6689300537109375e-06,6.467179775238037,ok,True,airfoil_self_noise,rmse,1.353589955770648,0.9285486147696846,45.0,6.083399493903411,RT (pretrain_rel-amazon_user-churn.pt),bs=16 sl=128 d=256 blocks=12 heads=8 full=True qk_norm=False random_sampling=True steps=0 eval_batches=200 ckpt=pretrain_rel-amazon_user-churn.pt
airfoil-self-noise,tabarena-airfoil-self-noise,fold-9,9,regression,1,0,42,nan,nan,7.049232482910156,801,201,501,1.9073486328125e-06,6.328566074371338,ok,True,airfoil_self_noise,rmse,1.4470224713896538,0.9329625227148106,45.0,6.116269960195345,RT (pretrain_rel-amazon_user-churn.pt),bs=16 sl=128 d=256 blocks=12 heads=8 full=True qk_norm=False random_sampling=True steps=0 eval_batches=200 ckpt=pretrain_rel-amazon_user-churn.pt
airfoil-self-noise,tabarena-airfoil-self-noise,fold-10,10,regression,1,0,42,nan,nan,6.898994445800781,801,201,501,1.430511474609375e-06,6.905552387237549,ok,True,airfoil_self_noise,rmse,1.5409089879880646,1.0540866414068502,45.0,5.844907804393931,RT (pretrain_rel-amazon_user-churn.pt),bs=16 sl=128 d=256 blocks=12 heads=8 full=True qk_norm=False random_sampling=True steps=0 eval_batches=200 ckpt=pretrain_rel-amazon_user-churn.pt
airfoil-self-noise,tabarena-airfoil-self-noise,fold-11,11,regression,1,0,42,nan,nan,7.129344940185547,801,201,501,1.430511474609375e-06,6.33941388130188,ok,True,airfoil_self_noise,rmse,1.6306886673820544,1.12828060296917,45.0,6.001064337216377,RT (pretrain_rel-amazon_user-churn.pt),bs=16 sl=128 d=256 blocks=12 heads=8 full=True qk_norm=False random_sampling=True steps=0 eval_batches=200 ckpt=pretrain_rel-amazon_user-churn.pt
airfoil-self-noise,tabarena-airfoil-self-noise,fold-12,12,regression,1,0,42,nan,nan,6.99857759475708,801,201,501,1.6689300537109375e-06,6.217489957809448,ok,True,airfoil_self_noise,rmse,1.7006943404717818,1.032568122722141,45.0,5.966009472034939,RT (pretrain_rel-amazon_user-churn.pt),bs=16 sl=128 d=256 blocks=12 heads=8 full=True qk_norm=False random_sampling=True steps=0 eval_batches=200 ckpt=pretrain_rel-amazon_user-churn.pt
airfoil-self-noise,tabarena-airfoil-self-noise,fold-13,13,regression,1,0,42,nan,nan,7.007652759552002,801,201,501,1.6689300537109375e-06,6.754996299743652,ok,True,airfoil_self_noise,rmse,1.5838342840816495,1.0893447248399777,45.0,5.918308034712024,RT (pretrain_rel-amazon_user-churn.pt),bs=16 sl=128 d=256 blocks=12 heads=8 full=True qk_norm=False random_sampling=True steps=0 eval_batches=200 ckpt=pretrain_rel-amazon_user-churn.pt
airfoil-self-noise,tabarena-airfoil-self-noise,fold-14,14,regression,1,0,42,nan,nan,7.142399311065674,801,201,501,1.6689300537109375e-06,6.323870420455933,ok,True,airfoil_self_noise,rmse,1.4714127989238883,1.0765307709350374,45.0,6.065868540130636,RT (pretrain_rel-amazon_user-churn.pt),bs=16 sl=128 d=256 blocks=12 heads=8 full=True qk_norm=False random_sampling=True steps=0 eval_batches=200 ckpt=pretrain_rel-amazon_user-churn.pt
airfoil-self-noise,tabarena-airfoil-self-noise,fold-15,15,regression,1,0,42,nan,nan,7.083995342254639,801,201,501,1.430511474609375e-06,6.365521669387817,ok,True,airfoil_self_noise,rmse,1.6008692089226382,1.133741581298553,45.0,5.950253760956086,RT (pretrain_rel-amazon_user-churn.pt),bs=16 sl=128 d=256 blocks=12 heads=8 full=True qk_norm=False random_sampling=True steps=0 eval_batches=200 ckpt=pretrain_rel-amazon_user-churn.pt
airfoil-self-noise,tabarena-airfoil-self-noise,fold-16,16,regression,1,0,42,nan,nan,6.930657863616943,801,201,501,1.6689300537109375e-06,6.650099039077759,ok,True,airfoil_self_noise,rmse,1.697611879617766,1.0915502622412074,45.0,5.839107601375736,RT (pretrain_rel-amazon_user-churn.pt),bs=16 sl=128 d=256 blocks=12 heads=8 full=True qk_norm=False random_sampling=True steps=0 eval_batches=200 ckpt=pretrain_rel-amazon_user-churn.pt
airfoil-self-noise,tabarena-airfoil-self-noise,fold-17,17,regression,1,0,42,nan,nan,7.244609832763672,801,201,501,1.430511474609375e-06,6.382511854171753,ok,True,airfoil_self_noise,rmse,1.567779435803561,0.9336311344035184,45.0,6.310978698360153,RT (pretrain_rel-amazon_user-churn.pt),bs=16 sl=128 d=256 blocks=12 heads=8 full=True qk_norm=False random_sampling=True steps=0 eval_batches=200 ckpt=pretrain_rel-amazon_user-churn.pt
airfoil-self-noise,tabarena-airfoil-self-noise,fold-18,18,regression,1,0,42,nan,nan,7.176705837249756,801,201,501,1.6689300537109375e-06,6.431990146636963,ok,True,airfoil_self_noise,rmse,1.6097512242890002,1.0661763737141177,45.0,6.110529463535638,RT (pretrain_rel-amazon_user-churn.pt),bs=16 sl=128 d=256 blocks=12 heads=8 full=True qk_norm=False random_sampling=True steps=0 eval_batches=200 ckpt=pretrain_rel-amazon_user-churn.pt
airfoil-self-noise,tabarena-airfoil-self-noise,fold-19,19,regression,1,0,42,nan,nan,7.166165828704834,801,201,501,1.6689300537109375e-06,6.348761558532715,ok,True,airfoil_self_noise,rmse,1.5281510335933304,0.9786571771458628,45.0,6.1875086515589715,RT (pretrain_rel-amazon_user-churn.pt),bs=16 sl=128 d=256 blocks=12 heads=8 full=True qk_norm=False random_sampling=True steps=0 eval_batches=200 ckpt=pretrain_rel-amazon_user-churn.pt
airfoil-self-noise,tabarena-airfoil-self-noise,fold-20,20,regression,1,0,42,nan,nan,6.648908615112305,801,201,501,1.6689300537109375e-06,6.676433801651001,ok,True,airfoil_self_noise,rmse,1.4361773849472803,1.0231700118834288,45.0,5.625738603228876,RT (pretrain_rel-amazon_user-churn.pt),bs=16 sl=128 d=256 blocks=12 heads=8 full=True qk_norm=False random_sampling=True steps=0 eval_batches=200 ckpt=pretrain_rel-amazon_user-churn.pt
airfoil-self-noise,tabarena-airfoil-self-noise,fold-21,21,regression,1,0,42,nan,nan,7.103125095367432,801,201,501,1.6689300537109375e-06,6.395910024642944,ok,True,airfoil_self_noise,rmse,1.401413231232579,0.942650475970968,45.0,6.160474619396464,RT (pretrain_rel-amazon_user-churn.pt),bs=16 sl=128 d=256 blocks=12 heads=8 full=True qk_norm=False random_sampling=True steps=0 eval_batches=200 ckpt=pretrain_rel-amazon_user-churn.pt
airfoil-self-noise,tabarena-airfoil-self-noise,fold-22,22,regression,1,0,42,nan,nan,7.05272912979126,801,201,501,2.6226043701171875e-06,6.473381996154785,ok,True,airfoil_self_noise,rmse,1.4941470264508492,1.1114469131535665,45.0,5.941282216637694,RT (pretrain_rel-amazon_user-churn.pt),bs=16 sl=128 d=256 blocks=12 heads=8 full=True qk_norm=False random_sampling=True steps=0 eval_batches=200 ckpt=pretrain_rel-amazon_user-churn.pt
airfoil-self-noise,tabarena-airfoil-self-noise,fold-23,23,regression,1,0,42,nan,nan,6.823564052581787,801,201,501,2.384185791015625e-06,6.673549652099609,ok,True,airfoil_self_noise,rmse,1.699299515781381,1.0949814652755565,45.0,5.728582587306231,RT (pretrain_rel-amazon_user-churn.pt),bs=16 sl=128 d=256 blocks=12 heads=8 full=True qk_norm=False random_sampling=True steps=0 eval_batches=200 ckpt=pretrain_rel-amazon_user-churn.pt
airfoil-self-noise,tabarena-airfoil-self-noise,fold-24,24,regression,1,0,42,nan,nan,7.057764053344727,801,201,501,2.384185791015625e-06,6.3025243282318115,ok,True,airfoil_self_noise,rmse,1.6105723732293282,1.1431634894100384,45.0,5.914600563934688,RT (pretrain_rel-amazon_user-churn.pt),bs=16 sl=128 d=256 blocks=12 heads=8 full=True qk_norm=False random_sampling=True steps=0 eval_batches=200 ckpt=pretrain_rel-amazon_user-churn.pt
airfoil-self-noise,tabarena-airfoil-self-noise,fold-25,25,regression,1,0,42,nan,nan,7.056312561035156,801,201,501,2.6226043701171875e-06,6.363006830215454,ok,True,airfoil_self_noise,rmse,1.4967771632928113,1.0150818353544142,45.0,6.041230725680742,RT (pretrain_rel-amazon_user-churn.pt),bs=16 sl=128 d=256 blocks=12 heads=8 full=True qk_norm=False random_sampling=True steps=0 eval_batches=200 ckpt=pretrain_rel-amazon_user-churn.pt
airfoil-self-noise,tabarena-airfoil-self-noise,fold-26,26,regression,1,0,42,nan,nan,6.820114612579346,801,201,501,1.430511474609375e-06,6.330997467041016,ok,True,airfoil_self_noise,rmse,1.57697472900351,1.158504360163006,45.0,5.66161025241634,RT (pretrain_rel-amazon_user-churn.pt),bs=16 sl=128 d=256 blocks=12 heads=8 full=True qk_norm=False random_sampling=True steps=0 eval_batches=200 ckpt=pretrain_rel-amazon_user-churn.pt
airfoil-self-noise,tabarena-airfoil-self-noise,fold-27,27,regression,1,0,42,nan,nan,6.795959949493408,801,201,501,1.9073486328125e-06,6.764981746673584,ok,True,airfoil_self_noise,rmse,1.631816449925383,1.141427455237724,45.0,5.654532494255684,RT (pretrain_rel-amazon_user-churn.pt),bs=16 sl=128 d=256 blocks=12 heads=8 full=True qk_norm=False random_sampling=True steps=0 eval_batches=200 ckpt=pretrain_rel-amazon_user-churn.pt
airfoil-self-noise,tabarena-airfoil-self-noise,fold-28,28,regression,1,0,42,nan,nan,7.210452079772949,801,201,501,1.430511474609375e-06,6.441472053527832,ok,True,airfoil_self_noise,rmse,1.4592213201261317,1.0202671180672895,45.0,6.1901849617056595,RT (pretrain_rel-amazon_user-churn.pt),bs=16 sl=128 d=256 blocks=12 heads=8 full=True qk_norm=False random_sampling=True steps=0 eval_batches=200 ckpt=pretrain_rel-amazon_user-churn.pt
airfoil-self-noise,tabarena-airfoil-self-noise,fold-29,29,regression,1,0,42,nan,nan,7.063226222991943,801,201,501,1.430511474609375e-06,6.359402418136597,ok,True,airfoil_self_noise,rmse,1.7057537046136333,1.1293917000618183,45.0,5.933834522930125,RT (pretrain_rel-amazon_user-churn.pt),bs=16 sl=128 d=256 blocks=12 heads=8 full=True qk_norm=False random_sampling=True steps=0 eval_batches=200 ckpt=pretrain_rel-amazon_user-churn.pt
amazon-employee-access,tabarena-amazon-employee-access,fold-0,0,binary_classification,1,0,42,nan,nan,0.4801099671574597,17476,4370,10923,2.6226043701171875e-06,41.42338681221008,ok,True,Amazon_employee_access,roc_auc,0.1634030411235577,0.1230717758788864,45.0,0.3570381912785733,RT (pretrain_rel-amazon_user-churn.pt),bs=16 sl=128 d=256 blocks=12 heads=8 full=True qk_norm=False random_sampling=True steps=0 eval_batches=200 ckpt=pretrain_rel-amazon_user-churn.pt
amazon-employee-access,tabarena-amazon-employee-access,fold-1,1,binary_classification,1,0,42,nan,nan,0.5350504938681624,17476,4370,10923,1.1920928955078125e-06,41.802356004714966,ok,True,Amazon_employee_access,roc_auc,0.1466546595341388,0.1047241260336855,45.0,0.43032636783447686,RT (pretrain_rel-amazon_user-churn.pt),bs=16 sl=128 d=256 blocks=12 heads=8 full=True qk_norm=False random_sampling=True steps=0 eval_batches=200 ckpt=pretrain_rel-amazon_user-churn.pt
amazon-employee-access,tabarena-amazon-employee-access,fold-2,2,binary_classification,1,0,42,nan,nan,0.5437259150311292,17476,4370,10923,6.9141387939453125e-06,49.36782622337341,ok,True,Amazon_employee_access,roc_auc,0.1556947265478071,0.1082748784460748,45.0,0.4354510365850544,RT (pretrain_rel-amazon_user-churn.pt),bs=16 sl=128 d=256 blocks=12 heads=8 full=True qk_norm=False random_sampling=True steps=0 eval_batches=200 ckpt=pretrain_rel-amazon_user-churn.pt
amazon-employee-access,tabarena-amazon-employee-access,fold-3,3,binary_classification,1,0,42,nan,nan,0.5381405745072301,17476,4370,10923,2.1457672119140625e-06,47.94870209693909,ok,True,Amazon_employee_access,roc_auc,0.154097026528034,0.113316723842512,45.0,0.42482385066471806,RT (pretrain_rel-amazon_user-churn.pt),bs=16 sl=128 d=256 blocks=12 heads=8 full=True qk_norm=False random_sampling=True steps=0 eval_batches=200 ckpt=pretrain_rel-amazon_user-churn.pt
amazon-employee-access,tabarena-amazon-employee-access,fold-4,4,binary_classification,1,0,42,nan,nan,0.5269690148467963,17476,4370,10923,1.430511474609375e-06,48.93370532989502,ok,True,Amazon_employee_access,roc_auc,0.1484161378567237,0.1125839340999693,45.0,0.41438508074682695,RT (pretrain_rel-amazon_user-churn.pt),bs=16 sl=128 d=256 blocks=12 heads=8 full=True qk_norm=False random_sampling=True steps=0 eval_batches=200 ckpt=pretrain_rel-amazon_user-churn.pt
amazon-employee-access,tabarena-amazon-employee-access,fold-5,5,binary_classification,1,0,42,nan,nan,0.565657843638581,17476,4370,10923,2.384185791015625e-06,47.05782151222229,ok,True,Amazon_employee_access,roc_auc,0.1713506571665001,0.1228595071519917,45.0,0.4427983364865893,RT (pretrain_rel-amazon_user-churn.pt),bs=16 sl=128 d=256 blocks=12 heads=8 full=True qk_norm=False random_sampling=True steps=0 eval_batches=200 ckpt=pretrain_rel-amazon_user-churn.pt
amazon-employee-access,tabarena-amazon-employee-access,fold-6,6,binary_classification,1,0,42,nan,nan,0.5317082514027051,17476,4370,10923,1.1920928955078125e-06,51.37772870063782,ok,True,Amazon_employee_access,roc_auc,0.1682342873027802,0.1200474422163153,45.0,0.41166080918638975,RT (pretrain_rel-amazon_user-churn.pt),bs=16 sl=128 d=256 blocks=12 heads=8 full=True qk_norm=False random_sampling=True steps=0 eval_batches=200 ckpt=pretrain_rel-amazon_user-churn.pt
amazon-employee-access,tabarena-amazon-employee-access,fold-7,7,binary_classification,1,0,42,nan,nan,0.5252047606747042,17476,4370,10923,1.9073486328125e-06,56.39275074005127,ok,True,Amazon_employee_access,roc_auc,0.1511725558402388,0.1148996942148048,45.0,0.41030506645989945,RT (pretrain_rel-amazon_user-churn.pt),bs=16 sl=128 d=256 blocks=12 heads=8 full=True qk_norm=False random_sampling=True steps=0 eval_batches=200 ckpt=pretrain_rel-amazon_user-churn.pt
amazon-employee-access,tabarena-amazon-employee-access,fold-8,8,binary_classification,1,0,42,nan,nan,0.5084258951744836,17476,4370,10923,2.86102294921875e-06,56.01569700241089,ok,True,Amazon_employee_access,roc_auc,0.156686655704936,0.1237984699634762,45.0,0.38462742521100735,RT (pretrain_rel-amazon_user-churn.pt),bs=16 sl=128 d=256 blocks=12 heads=8 full=True qk_norm=False random_sampling=True steps=0 eval_batches=200 ckpt=pretrain_rel-amazon_user-churn.pt
another-dataset-on-used-fiat-500,tabarena-another-dataset-on-used-fiat-500,fold-0,0,regression,1,0,42,nan,nan,1881.9560546875,820,205,513,3.0994415283203125e-06,7.576894044876099,ok,True,Another-Dataset-on-used-Fiat-500,rmse,727.096139944832,684.4739289534879,45.0,1197.4821257340122,RT (pretrain_rel-amazon_user-churn.pt),bs=16 sl=128 d=256 blocks=12 heads=8 full=True qk_norm=False random_sampling=True steps=0 eval_batches=200 ckpt=pretrain_rel-amazon_user-churn.pt
another-dataset-on-used-fiat-500,tabarena-another-dataset-on-used-fiat-500,fold-1,1,regression,1,0,42,nan,nan,1909.65185546875,820,205,513,1.6689300537109375e-06,9.259399890899658,ok,True,Another-Dataset-on-used-Fiat-500,rmse,745.2317427602255,714.6702841954356,45.0,1194.9815712733143,RT (pretrain_rel-amazon_user-churn.pt),bs=16 sl=128 d=256 blocks=12 heads=8 full=True qk_norm=False random_sampling=True steps=0 eval_batches=200 ckpt=pretrain_rel-amazon_user-churn.pt
another-dataset-on-used-fiat-500,tabarena-another-dataset-on-used-fiat-500,fold-2,2,regression,1,0,42,nan,nan,1927.56005859375,820,206,512,1.430511474609375e-06,8.793605327606201,ok,True,Another-Dataset-on-used-Fiat-500,rmse,773.1062748747117,749.273935417717,45.0,1178.286123176033,RT (pretrain_rel-amazon_user-churn.pt),bs=16 sl=128 d=256 blocks=12 heads=8 full=True qk_norm=False random_sampling=True steps=0 eval_batches=200 ckpt=pretrain_rel-amazon_user-churn.pt
another-dataset-on-used-fiat-500,tabarena-another-dataset-on-used-fiat-500,fold-3,3,regression,1,0,42,nan,nan,1907.2742919921875,820,205,513,2.384185791015625e-06,8.75817608833313,ok,True,Another-Dataset-on-used-Fiat-500,rmse,746.2814167686921,726.7427178554125,45.0,1180.531574136775,RT (pretrain_rel-amazon_user-churn.pt),bs=16 sl=128 d=256 blocks=12 heads=8 full=True qk_norm=False random_sampling=True steps=0 eval_batches=200 ckpt=pretrain_rel-amazon_user-churn.pt
another-dataset-on-used-fiat-500,tabarena-another-dataset-on-used-fiat-500,fold-4,4,regression,1,0,42,nan,nan,1928.37841796875,820,205,513,1.430511474609375e-06,7.9652581214904785,ok,True,Another-Dataset-on-used-Fiat-500,rmse,761.084859104398,722.6529421211595,45.0,1205.7254758475906,RT (pretrain_rel-amazon_user-churn.pt),bs=16 sl=128 d=256 blocks=12 heads=8 full=True qk_norm=False random_sampling=True steps=0 eval_batches=200 ckpt=pretrain_rel-amazon_user-churn.pt
another-dataset-on-used-fiat-500,tabarena-another-dataset-on-used-fiat-500,fold-5,5,regression,1,0,42,nan,nan,1939.49072265625,820,206,512,1.430511474609375e-06,7.8951709270477295,ok,True,Another-Dataset-on-used-Fiat-500,rmse,752.70043676175,712.2787670489912,45.0,1227.211955607259,RT (pretrain_rel-amazon_user-churn.pt),bs=16 sl=128 d=256 blocks=12 heads=8 full=True qk_norm=False random_sampling=True steps=0 eval_batches=200 ckpt=pretrain_rel-amazon_user-churn.pt
another-dataset-on-used-fiat-500,tabarena-another-dataset-on-used-fiat-500,fold-6,6,regression,1,0,42,nan,nan,1951.190673828125,820,205,513,3.5762786865234375e-06,8.172389268875122,ok,True,Another-Dataset-on-used-Fiat-500,rmse,742.8219271991052,721.8301271786611,45.0,1229.360546649464,RT (pretrain_rel-amazon_user-churn.pt),bs=16 sl=128 d=256 blocks=12 heads=8 full=True qk_norm=False random_sampling=True steps=0 eval_batches=200 ckpt=pretrain_rel-amazon_user-churn.pt
another-dataset-on-used-fiat-500,tabarena-another-dataset-on-used-fiat-500,fold-7,7,regression,1,0,42,nan,nan,1918.617431640625,820,205,513,2.6226043701171875e-06,8.817673921585083,ok,True,Another-Dataset-on-used-Fiat-500,rmse,746.4688064991403,703.9042957444839,45.0,1214.713135896141,RT (pretrain_rel-amazon_user-churn.pt),bs=16 sl=128 d=256 blocks=12 heads=8 full=True qk_norm=False random_sampling=True steps=0 eval_batches=200 ckpt=pretrain_rel-amazon_user-churn.pt
another-dataset-on-used-fiat-500,tabarena-another-dataset-on-used-fiat-500,fold-8,8,regression,1,0,42,nan,nan,1874.7503662109375,820,206,512,2.384185791015625e-06,8.23185920715332,ok,True,Another-Dataset-on-used-Fiat-500,rmse,737.6286151076337,716.0325081352468,45.0,1158.7178580756909,RT (pretrain_rel-amazon_user-churn.pt),bs=16 sl=128 d=256 blocks=12 heads=8 full=True qk_norm=False random_sampling=True steps=0 eval_batches=200 ckpt=pretrain_rel-amazon_user-churn.pt
another-dataset-on-used-fiat-500,tabarena-another-dataset-on-used-fiat-500,fold-9,9,regression,1,0,42,nan,nan,1874.685791015625,820,205,513,1.430511474609375e-06,8.584969758987427,ok,True,Another-Dataset-on-used-Fiat-500,rmse,737.0718329307715,689.1111369554578,45.0,1185.5746540601672,RT (pretrain_rel-amazon_user-churn.pt),bs=16 sl=128 d=256 blocks=12 heads=8 full=True qk_norm=False random_sampling=True steps=0 eval_batches=200 ckpt=pretrain_rel-amazon_user-churn.pt
another-dataset-on-used-fiat-500,tabarena-another-dataset-on-used-fiat-500,fold-10,10,regression,1,0,42,nan,nan,1888.321533203125,820,205,513,1.430511474609375e-06,7.9261791706085205,ok,True,Another-Dataset-on-used-Fiat-500,rmse,744.2329064370816,719.1031916439499,45.0,1169.218341559175,RT (pretrain_rel-amazon_user-churn.pt),bs=16 sl=128 d=256 blocks=12 heads=8 full=True qk_norm=False random_sampling=True steps=0 eval_batches=200 ckpt=pretrain_rel-amazon_user-churn.pt
another-dataset-on-used-fiat-500,tabarena-another-dataset-on-used-fiat-500,fold-11,11,regression,1,0,42,nan,nan,1986.6119384765625,820,206,512,7.152557373046875e-06,8.21992564201355,ok,True,Another-Dataset-on-used-Fiat-500,rmse,774.6645674968966,756.694920051813,45.0,1229.9170184247496,RT (pretrain_rel-amazon_user-churn.pt),bs=16 sl=128 d=256 blocks=12 heads=8 full=True qk_norm=False random_sampling=True steps=0 eval_batches=200 ckpt=pretrain_rel-amazon_user-churn.pt
another-dataset-on-used-fiat-500,tabarena-another-dataset-on-used-fiat-500,fold-12,12,regression,1,0,42,nan,nan,1854.2698974609375,820,205,513,2.6226043701171875e-06,8.075502634048462,ok,True,Another-Dataset-on-used-Fiat-500,rmse,734.0509505423823,712.0036764324274,45.0,1142.2662210285102,RT (pretrain_rel-amazon_user-churn.pt),bs=16 sl=128 d=256 blocks=12 heads=8 full=True qk_norm=False random_sampling=True steps=0 eval_batches=200 ckpt=pretrain_rel-amazon_user-churn.pt
another-dataset-on-used-fiat-500,tabarena-another-dataset-on-used-fiat-500,fold-13,13,regression,1,0,42,nan,nan,1968.8961181640625,820,205,513,2.6226043701171875e-06,8.180752277374268,ok,True,Another-Dataset-on-used-Fiat-500,rmse,788.4295358216963,747.1575827548468,45.0,1221.7385354092157,RT (pretrain_rel-amazon_user-churn.pt),bs=16 sl=128 d=256 blocks=12 heads=8 full=True qk_norm=False random_sampling=True steps=0 eval_batches=200 ckpt=pretrain_rel-amazon_user-churn.pt
another-dataset-on-used-fiat-500,tabarena-another-dataset-on-used-fiat-500,fold-14,14,regression,1,0,42,nan,nan,1974.4256591796875,820,206,512,1.6689300537109375e-06,8.171485424041748,ok,True,Another-Dataset-on-used-Fiat-500,rmse,731.704344058786,704.9382338572465,45.0,1269.4874253224411,RT (pretrain_rel-amazon_user-churn.pt),bs=16 sl=128 d=256 blocks=12 heads=8 full=True qk_norm=False random_sampling=True steps=0 eval_batches=200 ckpt=pretrain_rel-amazon_user-churn.pt
another-dataset-on-used-fiat-500,tabarena-another-dataset-on-used-fiat-500,fold-15,15,regression,1,0,42,nan,nan,1912.1085205078125,820,205,513,1.9073486328125e-06,9.169536352157593,ok,True,Another-Dataset-on-used-Fiat-500,rmse,727.7197463992476,701.689369242221,45.0,1210.4191512655916,RT (pretrain_rel-amazon_user-churn.pt),bs=16 sl=128 d=256 blocks=12 heads=8 full=True qk_norm=False random_sampling=True steps=0 eval_batches=200 ckpt=pretrain_rel-amazon_user-churn.pt
another-dataset-on-used-fiat-500,tabarena-another-dataset-on-used-fiat-500,fold-16,16,regression,1,0,42,nan,nan,1893.5380859375,820,205,513,1.1920928955078125e-06,9.144193887710571,ok,True,Another-Dataset-on-used-Fiat-500,rmse,751.8667176541305,720.6484085667272,45.0,1172.889677370773,RT (pretrain_rel-amazon_user-churn.pt),bs=16 sl=128 d=256 blocks=12 heads=8 full=True qk_norm=False random_sampling=True steps=0 eval_batches=200 ckpt=pretrain_rel-amazon_user-churn.pt
another-dataset-on-used-fiat-500,tabarena-another-dataset-on-used-fiat-500,fold-17,17,regression,1,0,42,nan,nan,2005.3001708984375,820,206,512,1.430511474609375e-06,8.478141784667969,ok,True,Another-Dataset-on-used-Fiat-500,rmse,747.020449118762,728.1997402537252,45.0,1277.1004306447123,RT (pretrain_rel-amazon_user-churn.pt),bs=16 sl=128 d=256 blocks=12 heads=8 full=True qk_norm=False random_sampling=True steps=0 eval_batches=200 ckpt=pretrain_rel-amazon_user-churn.pt
another-dataset-on-used-fiat-500,tabarena-another-dataset-on-used-fiat-500,fold-18,18,regression,1,0,42,nan,nan,1920.888427734375,820,205,513,1.9073486328125e-06,8.611056089401245,ok,True,Another-Dataset-on-used-Fiat-500,rmse,754.1708790259817,729.6869817666928,45.0,1191.201445967682,RT (pretrain_rel-amazon_user-churn.pt),bs=16 sl=128 d=256 blocks=12 heads=8 full=True qk_norm=False random_sampling=True steps=0 eval_batches=200 ckpt=pretrain_rel-amazon_user-churn.pt
another-dataset-on-used-fiat-500,tabarena-another-dataset-on-used-fiat-500,fold-19,19,regression,1,0,42,nan,nan,1912.17822265625,820,205,513,2.384185791015625e-06,8.113517761230469,ok,True,Another-Dataset-on-used-Fiat-500,rmse,709.4821752069854,682.2751758741015,45.0,1229.9030467821485,RT (pretrain_rel-amazon_user-churn.pt),bs=16 sl=128 d=256 blocks=12 heads=8 full=True qk_norm=False random_sampling=True steps=0 eval_batches=200 ckpt=pretrain_rel-amazon_user-churn.pt
another-dataset-on-used-fiat-500,tabarena-another-dataset-on-used-fiat-500,fold-20,20,regression,1,0,42,nan,nan,1933.762939453125,820,206,512,1.430511474609375e-06,8.619291067123413,ok,True,Another-Dataset-on-used-Fiat-500,rmse,749.3504230158543,736.8072203310385,45.0,1196.9557191220865,RT (pretrain_rel-amazon_user-churn.pt),bs=16 sl=128 d=256 blocks=12 heads=8 full=True qk_norm=False random_sampling=True steps=0 eval_batches=200 ckpt=pretrain_rel-amazon_user-churn.pt
another-dataset-on-used-fiat-500,tabarena-another-dataset-on-used-fiat-500,fold-21,21,regression,1,0,42,nan,nan,1940.849853515625,820,205,513,1.6689300537109375e-06,9.128748893737793,ok,True,Another-Dataset-on-used-Fiat-500,rmse,772.465495726888,756.9574557172316,45.0,1183.8923977983934,RT (pretrain_rel-amazon_user-churn.pt),bs=16 sl=128 d=256 blocks=12 heads=8 full=True qk_norm=False random_sampling=True steps=0 eval_batches=200 ckpt=pretrain_rel-amazon_user-churn.pt
another-dataset-on-used-fiat-500,tabarena-another-dataset-on-used-fiat-500,fold-22,22,regression,1,0,42,nan,nan,1913.9365234375,820,205,513,3.337860107421875e-06,8.404498815536499,ok,True,Another-Dataset-on-used-Fiat-500,rmse,734.1871815738813,712.8087869710102,45.0,1201.1277364664898,RT (pretrain_rel-amazon_user-churn.pt),bs=16 sl=128 d=256 blocks=12 heads=8 full=True qk_norm=False random_sampling=True steps=0 eval_batches=200 ckpt=pretrain_rel-amazon_user-churn.pt
another-dataset-on-used-fiat-500,tabarena-another-dataset-on-used-fiat-500,fold-23,23,regression,1,0,42,nan,nan,1930.4517822265625,820,206,512,2.1457672119140625e-06,8.687395572662354,ok,True,Another-Dataset-on-used-Fiat-500,rmse,694.2475384573319,659.8072766654172,45.0,1270.6445055611453,RT (pretrain_rel-amazon_user-churn.pt),bs=16 sl=128 d=256 blocks=12 heads=8 full=True qk_norm=False random_sampling=True steps=0 eval_batches=200 ckpt=pretrain_rel-amazon_user-churn.pt
another-dataset-on-used-fiat-500,tabarena-another-dataset-on-used-fiat-500,fold-24,24,regression,1,0,42,nan,nan,1951.092041015625,820,205,513,2.6226043701171875e-06,10.149380922317505,ok,True,Another-Dataset-on-used-Fiat-500,rmse,781.1274408135182,745.6296716830508,45.0,1205.4623693325743,RT (pretrain_rel-amazon_user-churn.pt),bs=16 sl=128 d=256 blocks=12 heads=8 full=True qk_norm=False random_sampling=True steps=0 eval_batches=200 ckpt=pretrain_rel-amazon_user-churn.pt
another-dataset-on-used-fiat-500,tabarena-another-dataset-on-used-fiat-500,fold-25,25,regression,1,0,42,nan,nan,1924.9732666015625,820,205,513,3.5762786865234375e-06,11.492565393447876,ok,True,Another-Dataset-on-used-Fiat-500,rmse,733.7116361835959,701.1645637089788,45.0,1223.8087028925838,RT (pretrain_rel-amazon_user-churn.pt),bs=16 sl=128 d=256 blocks=12 heads=8 full=True qk_norm=False random_sampling=True steps=0 eval_batches=200 ckpt=pretrain_rel-amazon_user-churn.pt
another-dataset-on-used-fiat-500,tabarena-another-dataset-on-used-fiat-500,fold-26,26,regression,1,0,42,nan,nan,1916.3834228515625,820,206,512,1.1920928955078125e-06,10.723060846328735,ok,True,Another-Dataset-on-used-Fiat-500,rmse,733.8734304291761,711.5431148715749,45.0,1204.8403079799878,RT (pretrain_rel-amazon_user-churn.pt),bs=16 sl=128 d=256 blocks=12 heads=8 full=True qk_norm=False random_sampling=True steps=0 eval_batches=200 ckpt=pretrain_rel-amazon_user-churn.pt
another-dataset-on-used-fiat-500,tabarena-another-dataset-on-used-fiat-500,fold-27,27,regression,1,0,42,nan,nan,1902.135498046875,820,205,513,1.430511474609375e-06,10.454400539398193,ok,True,Another-Dataset-on-used-Fiat-500,rmse,774.0630331760972,737.4113645184424,45.0,1164.7241335284325,RT (pretrain_rel-amazon_user-churn.pt),bs=16 sl=128 d=256 blocks=12 heads=8 full=True qk_norm=False random_sampling=True steps=0 eval_batches=200 ckpt=pretrain_rel-amazon_user-churn.pt
another-dataset-on-used-fiat-500,tabarena-another-dataset-on-used-fiat-500,fold-28,28,regression,1,0,42,nan,nan,1951.4271240234375,820,205,513,1.430511474609375e-06,9.66733169555664,ok,True,Another-Dataset-on-used-Fiat-500,rmse,703.304733770604,689.3374125961791,45.0,1262.0897114272584,RT (pretrain_rel-amazon_user-churn.pt),bs=16 sl=128 d=256 blocks=12 heads=8 full=True qk_norm=False random_sampling=True steps=0 eval_batches=200 ckpt=pretrain_rel-amazon_user-churn.pt
another-dataset-on-used-fiat-500,tabarena-another-dataset-on-used-fiat-500,fold-29,29,regression,1,0,42,nan,nan,1950.04150390625,820,206,512,1.1920928955078125e-06,10.33557653427124,ok,True,Another-Dataset-on-used-Fiat-500,rmse,771.506977514324,716.9619970182091,45.0,1233.079506888041,RT (pretrain_rel-amazon_user-churn.pt),bs=16 sl=128 d=256 blocks=12 heads=8 full=True qk_norm=False random_sampling=True steps=0 eval_batches=200 ckpt=pretrain_rel-amazon_user-churn.pt
apsfailure,tabarena-apsfailure,fold-0,0,binary_classification,1,0,42,nan,nan,0.6450300576616366,10000,10134,25334,2.384185791015625e-06,56.79290962219238,ok,True,APSFailure,roc_auc,0.0053627177280739,0.0047031234604394,45.0,0.6403269342011971,RT (pretrain_rel-amazon_user-churn.pt),bs=16 sl=128 d=256 blocks=12 heads=8 full=True qk_norm=False random_sampling=True steps=0 eval_batches=200 ckpt=pretrain_rel-amazon_user-churn.pt
apsfailure,tabarena-apsfailure,fold-1,1,binary_classification,1,0,42,nan,nan,0.6510509554140128,10000,10134,25333,5.245208740234375e-06,43.16452193260193,ok,True,APSFailure,roc_auc,0.0085832656733449,0.0073721445656228,45.0,0.64367881084839,RT (pretrain_rel-amazon_user-churn.pt),bs=16 sl=128 d=256 blocks=12 heads=8 full=True qk_norm=False random_sampling=True steps=0 eval_batches=200 ckpt=pretrain_rel-amazon_user-churn.pt
apsfailure,tabarena-apsfailure,fold-2,2,binary_classification,1,0,42,nan,nan,0.5671390658174098,10000,10134,25333,3.337860107421875e-06,57.948612213134766,ok,True,APSFailure,roc_auc,0.0094402141712931,0.0073480941827037,45.0,0.5597909716347061,RT (pretrain_rel-amazon_user-churn.pt),bs=16 sl=128 d=256 blocks=12 heads=8 full=True qk_norm=False random_sampling=True steps=0 eval_batches=200 ckpt=pretrain_rel-amazon_user-churn.pt
apsfailure,tabarena-apsfailure,fold-3,3,binary_classification,1,0,42,nan,nan,0.5909385351490615,10000,10134,25334,2.1457672119140625e-06,38.96496844291687,ok,True,APSFailure,roc_auc,0.0117294971589976,0.0101796564521956,45.0,0.5807588786968658,RT (pretrain_rel-amazon_user-churn.pt),bs=16 sl=128 d=256 blocks=12 heads=8 full=True qk_norm=False random_sampling=True steps=0 eval_batches=200 ckpt=pretrain_rel-amazon_user-churn.pt
apsfailure,tabarena-apsfailure,fold-4,4,binary_classification,1,0,42,nan,nan,0.5379538216560509,10000,10134,25333,1.6689300537109375e-06,57.57817006111145,ok,True,APSFailure,roc_auc,0.0061420640319501,0.0049785170393452,45.0,0.5329753046167057,RT (pretrain_rel-amazon_user-churn.pt),bs=16 sl=128 d=256 blocks=12 heads=8 full=True qk_norm=False random_sampling=True steps=0 eval_batches=200 ckpt=pretrain_rel-amazon_user-churn.pt
apsfailure,tabarena-apsfailure,fold-5,5,binary_classification,1,0,42,nan,nan,0.6523673036093418,10000,10134,25333,1.9073486328125e-06,39.79317665100098,ok,True,APSFailure,roc_auc,0.0062365978363432,0.00561734436374,45.0,0.6467499592456019,RT (pretrain_rel-amazon_user-churn.pt),bs=16 sl=128 d=256 blocks=12 heads=8 full=True qk_norm=False random_sampling=True steps=0 eval_batches=200 ckpt=pretrain_rel-amazon_user-churn.pt
apsfailure,tabarena-apsfailure,fold-6,6,binary_classification,1,0,42,nan,nan,0.587569623359097,10000,10134,25334,1.430511474609375e-06,56.14682698249817,ok,True,APSFailure,roc_auc,0.0092041908890859,0.0063322713786798,45.0,0.5812373519804173,RT (pretrain_rel-amazon_user-churn.pt),bs=16 sl=128 d=256 blocks=12 heads=8 full=True qk_norm=False random_sampling=True steps=0 eval_batches=200 ckpt=pretrain_rel-amazon_user-churn.pt
apsfailure,tabarena-apsfailure,fold-7,7,binary_classification,1,0,42,nan,nan,0.5162845010615711,10000,10134,25333,1.6689300537109375e-06,38.90547442436218,ok,True,APSFailure,roc_auc,0.0061712053718374,0.0048063461411862,45.0,0.5114781549203848,RT (pretrain_rel-amazon_user-churn.pt),bs=16 sl=128 d=256 blocks=12 heads=8 full=True qk_norm=False random_sampling=True steps=0 eval_batches=200 ckpt=pretrain_rel-amazon_user-churn.pt
apsfailure,tabarena-apsfailure,fold-8,8,binary_classification,1,0,42,nan,nan,0.6295594479830149,10000,10134,25333,1.6689300537109375e-06,41.042081117630005,ok,True,APSFailure,roc_auc,0.0099261372364003,0.0083664172390336,45.0,0.6211930307439812,RT (pretrain_rel-amazon_user-churn.pt),bs=16 sl=128 d=256 blocks=12 heads=8 full=True qk_norm=False random_sampling=True steps=0 eval_batches=200 ckpt=pretrain_rel-amazon_user-churn.pt
bank-customer-churn,tabarena-bank-customer-churn,fold-1,1,binary_classification,1,0,42,nan,nan,0.4933981452031404,5333,1334,3333,1.6689300537109375e-06,55.51982831954956,ok,True,Bank_Customer_Churn,roc_auc,0.1270036724515084,0.1161844238779268,45.0,0.3772137213252136,RT (pretrain_rel-amazon_user-churn.pt),bs=16 sl=128 d=256 blocks=12 heads=8 full=True qk_norm=False random_sampling=True steps=0 eval_batches=200 ckpt=pretrain_rel-amazon_user-churn.pt
bank-marketing,tabarena-bank-marketing,fold-0,0,binary_classification,1,0,42,nan,nan,0.4070869110699693,24112,6028,15071,2.86102294921875e-06,57.98142099380493,ok,True,bank-marketing,roc_auc,0.2297333808314071,0.2244975748874648,45.0,0.1825893361825045,RT (pretrain_rel-amazon_user-churn.pt),bs=16 sl=128 d=256 blocks=12 heads=8 full=True qk_norm=False random_sampling=True steps=0 eval_batches=200 ckpt=pretrain_rel-amazon_user-churn.pt
bank-marketing,tabarena-bank-marketing,fold-1,1,binary_classification,1,0,42,nan,nan,0.4352200254002411,24112,6029,15070,2.384185791015625e-06,57.752055644989014,ok,True,bank-marketing,roc_auc,0.2435251837353247,0.2398835971037126,45.0,0.19533642829652847,RT (pretrain_rel-amazon_user-churn.pt),bs=16 sl=128 d=256 blocks=12 heads=8 full=True qk_norm=False random_sampling=True steps=0 eval_batches=200 ckpt=pretrain_rel-amazon_user-churn.pt
bank-marketing,tabarena-bank-marketing,fold-2,2,binary_classification,1,0,42,nan,nan,0.45325833463881504,24112,6029,15070,2.1457672119140625e-06,59.84918665885925,ok,True,bank-marketing,roc_auc,0.2398130522188583,0.2371135062082269,45.0,0.21614482843058813,RT (pretrain_rel-amazon_user-churn.pt),bs=16 sl=128 d=256 blocks=12 heads=8 full=True qk_norm=False random_sampling=True steps=0 eval_batches=200 ckpt=pretrain_rel-amazon_user-churn.pt
bank-marketing,tabarena-bank-marketing,fold-3,3,binary_classification,1,0,42,nan,nan,0.45178983257788563,24112,6028,15071,1.6689300537109375e-06,59.08476972579956,ok,True,bank-marketing,roc_auc,0.2323137870064295,0.2300972457425205,45.0,0.22169258683536514,RT (pretrain_rel-amazon_user-churn.pt),bs=16 sl=128 d=256 blocks=12 heads=8 full=True qk_norm=False random_sampling=True steps=0 eval_batches=200 ckpt=pretrain_rel-amazon_user-churn.pt
bank-marketing,tabarena-bank-marketing,fold-4,4,binary_classification,1,0,42,nan,nan,0.440177900213902,24112,6029,15070,1.9073486328125e-06,57.09713125228882,ok,True,bank-marketing,roc_auc,0.2313123296559485,0.2291149737123331,45.0,0.2110629265015689,RT (pretrain_rel-amazon_user-churn.pt),bs=16 sl=128 d=256 blocks=12 heads=8 full=True qk_norm=False random_sampling=True steps=0 eval_batches=200 ckpt=pretrain_rel-amazon_user-churn.pt
bank-marketing,tabarena-bank-marketing,fold-5,5,binary_classification,1,0,42,nan,nan,0.4494271152006353,24112,6029,15070,1.6689300537109375e-06,59.83985137939453,ok,True,bank-marketing,roc_auc,0.2409465444110314,0.2389646593997052,45.0,0.21046245580093006,RT (pretrain_rel-amazon_user-churn.pt),bs=16 sl=128 d=256 blocks=12 heads=8 full=True qk_norm=False random_sampling=True steps=0 eval_batches=200 ckpt=pretrain_rel-amazon_user-churn.pt
bank-marketing,tabarena-bank-marketing,fold-6,6,binary_classification,1,0,42,nan,nan,0.41702909537793664,24112,6028,15071,1.6689300537109375e-06,58.31068420410156,ok,True,bank-marketing,roc_auc,0.2397856977605152,0.2369382640971333,45.0,0.18009083128080333,RT (pretrain_rel-amazon_user-churn.pt),bs=16 sl=128 d=256 blocks=12 heads=8 full=True qk_norm=False random_sampling=True steps=0 eval_batches=200 ckpt=pretrain_rel-amazon_user-churn.pt
bank-marketing,tabarena-bank-marketing,fold-7,7,binary_classification,1,0,42,nan,nan,0.4462752389031589,24112,6029,15070,2.6226043701171875e-06,56.831364154815674,ok,True,bank-marketing,roc_auc,0.2348272125593253,0.2332039129521304,45.0,0.2130713259510285,RT (pretrain_rel-amazon_user-churn.pt),bs=16 sl=128 d=256 blocks=12 heads=8 full=True qk_norm=False random_sampling=True steps=0 eval_batches=200 ckpt=pretrain_rel-amazon_user-churn.pt
bank-marketing,tabarena-bank-marketing,fold-8,8,binary_classification,1,0,42,nan,nan,0.46122916278716897,24112,6029,15070,1.6689300537109375e-06,56.583168029785156,ok,True,bank-marketing,roc_auc,0.2378188484935001,0.2350137195947816,45.0,0.22621544319238737,RT (pretrain_rel-amazon_user-churn.pt),bs=16 sl=128 d=256 blocks=12 heads=8 full=True qk_norm=False random_sampling=True steps=0 eval_batches=200 ckpt=pretrain_rel-amazon_user-churn.pt
bioresponse,tabarena-bioresponse,fold-0,0,binary_classification,1,0,42,nan,nan,0.4967901692175426,2000,500,1251,2.384185791015625e-06,22.288830757141113,ok,True,Bioresponse,roc_auc,0.111203776634903,0.1083337194396825,45.0,0.3884564497778601,RT (pretrain_rel-amazon_user-churn.pt),bs=16 sl=128 d=256 blocks=12 heads=8 full=True qk_norm=False random_sampling=True steps=0 eval_batches=200 ckpt=pretrain_rel-amazon_user-churn.pt
bioresponse,tabarena-bioresponse,fold-1,1,binary_classification,1,0,42,nan,nan,0.5075061369309157,2000,501,1250,1.430511474609375e-06,22.976749420166016,ok,True,Bioresponse,roc_auc,0.1380113249582276,0.1345277141737317,45.0,0.37297842275718407,RT (pretrain_rel-amazon_user-churn.pt),bs=16 sl=128 d=256 blocks=12 heads=8 full=True qk_norm=False random_sampling=True steps=0 eval_batches=200 ckpt=pretrain_rel-amazon_user-churn.pt
bioresponse,tabarena-bioresponse,fold-2,2,binary_classification,1,0,42,nan,nan,0.5086548775708066,2000,501,1250,2.86102294921875e-06,23.576669216156006,ok,True,Bioresponse,roc_auc,0.1260623594694391,0.1182210120263217,45.0,0.39043386554448495,RT (pretrain_rel-amazon_user-churn.pt),bs=16 sl=128 d=256 blocks=12 heads=8 full=True qk_norm=False random_sampling=True steps=0 eval_batches=200 ckpt=pretrain_rel-amazon_user-churn.pt
bioresponse,tabarena-bioresponse,fold-3,3,binary_classification,1,0,42,nan,nan,0.49220966089566376,2000,500,1251,1.9073486328125e-06,23.659351587295532,ok,True,Bioresponse,roc_auc,0.1370600318151631,0.1295464022610387,45.0,0.36266325863462506,RT (pretrain_rel-amazon_user-churn.pt),bs=16 sl=128 d=256 blocks=12 heads=8 full=True qk_norm=False random_sampling=True steps=0 eval_batches=200 ckpt=pretrain_rel-amazon_user-churn.pt
bioresponse,tabarena-bioresponse,fold-4,4,binary_classification,1,0,42,nan,nan,0.5303997256430885,2000,501,1250,1.430511474609375e-06,23.43353009223938,ok,True,Bioresponse,roc_auc,0.1306856859954205,0.1230996142500567,45.0,0.4073001113930318,RT (pretrain_rel-amazon_user-churn.pt),bs=16 sl=128 d=256 blocks=12 heads=8 full=True qk_norm=False random_sampling=True steps=0 eval_batches=200 ckpt=pretrain_rel-amazon_user-churn.pt
bioresponse,tabarena-bioresponse,fold-5,5,binary_classification,1,0,42,nan,nan,0.5074597231676877,2000,501,1250,3.337860107421875e-06,16.969470024108887,ok,True,Bioresponse,roc_auc,0.1215034965034964,0.1175325412051075,45.0,0.38992718196258025,RT (pretrain_rel-amazon_user-churn.pt),bs=16 sl=128 d=256 blocks=12 heads=8 full=True qk_norm=False random_sampling=True steps=0 eval_batches=200 ckpt=pretrain_rel-amazon_user-churn.pt
bioresponse,tabarena-bioresponse,fold-6,6,binary_classification,1,0,42,nan,nan,0.5225653420644849,2000,500,1251,2.6226043701171875e-06,22.379066705703735,ok,True,Bioresponse,roc_auc,0.1311526046734313,0.1227509305163014,45.0,0.39981441154818353,RT (pretrain_rel-amazon_user-churn.pt),bs=16 sl=128 d=256 blocks=12 heads=8 full=True qk_norm=False random_sampling=True steps=0 eval_batches=200 ckpt=pretrain_rel-amazon_user-churn.pt
bioresponse,tabarena-bioresponse,fold-7,7,binary_classification,1,0,42,nan,nan,0.5139950388844194,2000,501,1250,1.6689300537109375e-06,22.228456020355225,ok,True,Bioresponse,roc_auc,0.1307991418610887,0.1235560162551314,45.0,0.39043902262928804,RT (pretrain_rel-amazon_user-churn.pt),bs=16 sl=128 d=256 blocks=12 heads=8 full=True qk_norm=False random_sampling=True steps=0 eval_batches=200 ckpt=pretrain_rel-amazon_user-churn.pt
bioresponse,tabarena-bioresponse,fold-8,8,binary_classification,1,0,42,nan,nan,0.4905599562679209,2000,501,1250,1.6689300537109375e-06,23.74986219406128,ok,True,Bioresponse,roc_auc,0.1250335210512201,0.1160266724426016,45.0,0.3745332838253193,RT (pretrain_rel-amazon_user-churn.pt),bs=16 sl=128 d=256 blocks=12 heads=8 full=True qk_norm=False random_sampling=True steps=0 eval_batches=200 ckpt=pretrain_rel-amazon_user-churn.pt
blood-transfusion-service-center,tabarena-blood-transfusion-service-center,fold-0,0,binary_classification,1,0,42,nan,nan,0.4325877192982456,398,100,250,2.384185791015625e-06,5.09024715423584,ok,True,blood-transfusion-service-center,roc_auc,0.3370614035087718,0.2453508771929824,45.0,0.18723684210526317,RT (pretrain_rel-amazon_user-churn.pt),bs=16 sl=128 d=256 blocks=12 heads=8 full=True qk_norm=False random_sampling=True steps=0 eval_batches=200 ckpt=pretrain_rel-amazon_user-churn.pt
blood-transfusion-service-center,tabarena-blood-transfusion-service-center,fold-1,1,binary_classification,1,0,42,nan,nan,0.5475914362176628,399,100,249,1.6689300537109375e-06,4.993425130844116,ok,True,blood-transfusion-service-center,roc_auc,0.2527653880463871,0.2003122212310437,45.0,0.3472792149866191,RT (pretrain_rel-amazon_user-churn.pt),bs=16 sl=128 d=256 blocks=12 heads=8 full=True qk_norm=False random_sampling=True steps=0 eval_batches=200 ckpt=pretrain_rel-amazon_user-churn.pt
blood-transfusion-service-center,tabarena-blood-transfusion-service-center,fold-2,2,binary_classification,1,0,42,nan,nan,0.50985727029438,399,100,249,2.6226043701171875e-06,6.284349203109741,ok,True,blood-transfusion-service-center,roc_auc,0.2931311329170383,0.2629348795718108,45.0,0.24692239072256922,RT (pretrain_rel-amazon_user-churn.pt),bs=16 sl=128 d=256 blocks=12 heads=8 full=True qk_norm=False random_sampling=True steps=0 eval_batches=200 ckpt=pretrain_rel-amazon_user-churn.pt
blood-transfusion-service-center,tabarena-blood-transfusion-service-center,fold-3,3,binary_classification,1,0,42,nan,nan,0.4558771929824562,398,100,250,1.6689300537109375e-06,4.649926662445068,ok,True,blood-transfusion-service-center,roc_auc,0.3167543859649122,0.2478070175438596,45.0,0.20807017543859663,RT (pretrain_rel-amazon_user-churn.pt),bs=16 sl=128 d=256 blocks=12 heads=8 full=True qk_norm=False random_sampling=True steps=0 eval_batches=200 ckpt=pretrain_rel-amazon_user-churn.pt
blood-transfusion-service-center,tabarena-blood-transfusion-service-center,fold-4,4,binary_classification,1,0,42,nan,nan,0.43144513826940223,399,100,249,1.6689300537109375e-06,5.281636953353882,ok,True,blood-transfusion-service-center,roc_auc,0.2766280107047278,0.2528991971454059,45.0,0.17854594112399635,RT (pretrain_rel-amazon_user-churn.pt),bs=16 sl=128 d=256 blocks=12 heads=8 full=True qk_norm=False random_sampling=True steps=0 eval_batches=200 ckpt=pretrain_rel-amazon_user-churn.pt
blood-transfusion-service-center,tabarena-blood-transfusion-service-center,fold-5,5,binary_classification,1,0,42,nan,nan,0.5008474576271187,399,100,249,1.9073486328125e-06,5.74137282371521,ok,True,blood-transfusion-service-center,roc_auc,0.1935325602140947,0.1909901873327386,45.0,0.3098572702943801,RT (pretrain_rel-amazon_user-churn.pt),bs=16 sl=128 d=256 blocks=12 heads=8 full=True qk_norm=False random_sampling=True steps=0 eval_batches=200 ckpt=pretrain_rel-amazon_user-churn.pt
blood-transfusion-service-center,tabarena-blood-transfusion-service-center,fold-6,6,binary_classification,1,0,42,nan,nan,0.4905701754385965,398,100,250,1.6689300537109375e-06,4.656031847000122,ok,True,blood-transfusion-service-center,roc_auc,0.3016666666666667,0.2514473684210526,45.0,0.2391228070175439,RT (pretrain_rel-amazon_user-churn.pt),bs=16 sl=128 d=256 blocks=12 heads=8 full=True qk_norm=False random_sampling=True steps=0 eval_batches=200 ckpt=pretrain_rel-amazon_user-churn.pt
blood-transfusion-service-center,tabarena-blood-transfusion-service-center,fold-7,7,binary_classification,1,0,42,nan,nan,0.4768956289027654,399,100,249,1.1920928955078125e-06,5.013403415679932,ok,True,blood-transfusion-service-center,roc_auc,0.2384924174843889,0.2115967885816235,45.0,0.26529884032114187,RT (pretrain_rel-amazon_user-churn.pt),bs=16 sl=128 d=256 blocks=12 heads=8 full=True qk_norm=False random_sampling=True steps=0 eval_batches=200 ckpt=pretrain_rel-amazon_user-churn.pt
blood-transfusion-service-center,tabarena-blood-transfusion-service-center,fold-8,8,binary_classification,1,0,42,nan,nan,0.46396074933095444,399,100,249,3.337860107421875e-06,5.666893243789673,ok,True,blood-transfusion-service-center,roc_auc,0.3004014272970561,0.2431311329170383,45.0,0.22082961641391613,RT (pretrain_rel-amazon_user-churn.pt),bs=16 sl=128 d=256 blocks=12 heads=8 full=True qk_norm=False random_sampling=True steps=0 eval_batches=200 ckpt=pretrain_rel-amazon_user-churn.pt
blood-transfusion-service-center,tabarena-blood-transfusion-service-center,fold-9,9,binary_classification,1,0,42,nan,nan,0.5321929824561403,398,100,250,2.384185791015625e-06,4.978428363800049,ok,True,blood-transfusion-service-center,roc_auc,0.3039035087719298,0.2587719298245613,45.0,0.273421052631579,RT (pretrain_rel-amazon_user-churn.pt),bs=16 sl=128 d=256 blocks=12 heads=8 full=True qk_norm=False random_sampling=True steps=0 eval_batches=200 ckpt=pretrain_rel-amazon_user-churn.pt
blood-transfusion-service-center,tabarena-blood-transfusion-service-center,fold-10,10,binary_classification,1,0,42,nan,nan,0.4180642283675289,399,100,249,3.5762786865234375e-06,4.523911476135254,ok,True,blood-transfusion-service-center,roc_auc,0.28028545941124,0.2341213202497769,45.0,0.183942908117752,RT (pretrain_rel-amazon_user-churn.pt),bs=16 sl=128 d=256 blocks=12 heads=8 full=True qk_norm=False random_sampling=True steps=0 eval_batches=200 ckpt=pretrain_rel-amazon_user-churn.pt
blood-transfusion-service-center,tabarena-blood-transfusion-service-center,fold-11,11,binary_classification,1,0,42,nan,nan,0.49843889384478146,399,100,249,2.6226043701171875e-06,5.11121392250061,ok,True,blood-transfusion-service-center,roc_auc,0.2405441570026761,0.2181534344335414,45.0,0.28028545941124006,RT (pretrain_rel-amazon_user-churn.pt),bs=16 sl=128 d=256 blocks=12 heads=8 full=True qk_norm=False random_sampling=True steps=0 eval_batches=200 ckpt=pretrain_rel-amazon_user-churn.pt
blood-transfusion-service-center,tabarena-blood-transfusion-service-center,fold-12,12,binary_classification,1,0,42,nan,nan,0.5600877192982456,398,100,250,3.814697265625e-06,5.476164817810059,ok,True,blood-transfusion-service-center,roc_auc,0.233157894736842,0.212719298245614,45.0,0.34736842105263166,RT (pretrain_rel-amazon_user-churn.pt),bs=16 sl=128 d=256 blocks=12 heads=8 full=True qk_norm=False random_sampling=True steps=0 eval_batches=200 ckpt=pretrain_rel-amazon_user-churn.pt
blood-transfusion-service-center,tabarena-blood-transfusion-service-center,fold-13,13,binary_classification,1,0,42,nan,nan,0.4139607493309545,399,100,249,1.1920928955078125e-06,5.460157632827759,ok,True,blood-transfusion-service-center,roc_auc,0.2950936663693131,0.2032560214094557,45.0,0.2107047279214988,RT (pretrain_rel-amazon_user-churn.pt),bs=16 sl=128 d=256 blocks=12 heads=8 full=True qk_norm=False random_sampling=True steps=0 eval_batches=200 ckpt=pretrain_rel-amazon_user-churn.pt
blood-transfusion-service-center,tabarena-blood-transfusion-service-center,fold-14,14,binary_classification,1,0,42,nan,nan,0.5107939339875112,399,100,249,1.1920928955078125e-06,5.315408945083618,ok,True,blood-transfusion-service-center,roc_auc,0.3170383586083853,0.2771632471008027,45.0,0.23363068688670846,RT (pretrain_rel-amazon_user-churn.pt),bs=16 sl=128 d=256 blocks=12 heads=8 full=True qk_norm=False random_sampling=True steps=0 eval_batches=200 ckpt=pretrain_rel-amazon_user-churn.pt
blood-transfusion-service-center,tabarena-blood-transfusion-service-center,fold-15,15,binary_classification,1,0,42,nan,nan,0.5028508771929825,398,100,250,1.9073486328125e-06,5.28195333480835,ok,True,blood-transfusion-service-center,roc_auc,0.2524122807017543,0.2374122807017543,45.0,0.2654385964912282,RT (pretrain_rel-amazon_user-churn.pt),bs=16 sl=128 d=256 blocks=12 heads=8 full=True qk_norm=False random_sampling=True steps=0 eval_batches=200 ckpt=pretrain_rel-amazon_user-churn.pt
blood-transfusion-service-center,tabarena-blood-transfusion-service-center,fold-16,16,binary_classification,1,0,42,nan,nan,0.5359054415700267,399,100,249,1.6689300537109375e-06,4.937657117843628,ok,True,blood-transfusion-service-center,roc_auc,0.2482158786797502,0.2420606601248885,45.0,0.29384478144513826,RT (pretrain_rel-amazon_user-churn.pt),bs=16 sl=128 d=256 blocks=12 heads=8 full=True qk_norm=False random_sampling=True steps=0 eval_batches=200 ckpt=pretrain_rel-amazon_user-churn.pt
blood-transfusion-service-center,tabarena-blood-transfusion-service-center,fold-17,17,binary_classification,1,0,42,nan,nan,0.4039696699375558,399,100,249,1.430511474609375e-06,4.938122987747192,ok,True,blood-transfusion-service-center,roc_auc,0.2418376449598571,0.2218554861730597,45.0,0.1821141837644961,RT (pretrain_rel-amazon_user-churn.pt),bs=16 sl=128 d=256 blocks=12 heads=8 full=True qk_norm=False random_sampling=True steps=0 eval_batches=200 ckpt=pretrain_rel-amazon_user-churn.pt
blood-transfusion-service-center,tabarena-blood-transfusion-service-center,fold-18,18,binary_classification,1,0,42,nan,nan,0.45241228070175443,398,100,250,1.430511474609375e-06,5.8296849727630615,ok,True,blood-transfusion-service-center,roc_auc,0.2435964912280701,0.1723245614035088,45.0,0.2800877192982456,RT (pretrain_rel-amazon_user-churn.pt),bs=16 sl=128 d=256 blocks=12 heads=8 full=True qk_norm=False random_sampling=True steps=0 eval_batches=200 ckpt=pretrain_rel-amazon_user-churn.pt
blood-transfusion-service-center,tabarena-blood-transfusion-service-center,fold-19,19,binary_classification,1,0,42,nan,nan,0.45896520963425513,399,100,249,1.6689300537109375e-06,5.314113140106201,ok,True,blood-transfusion-service-center,roc_auc,0.3166815343443354,0.3166815343443354,45.0,0.14228367528991975,RT (pretrain_rel-amazon_user-churn.pt),bs=16 sl=128 d=256 blocks=12 heads=8 full=True qk_norm=False random_sampling=True steps=0 eval_batches=200 ckpt=pretrain_rel-amazon_user-churn.pt
blood-transfusion-service-center,tabarena-blood-transfusion-service-center,fold-20,20,binary_classification,1,0,42,nan,nan,0.46677074041034794,399,100,249,1.430511474609375e-06,4.388424634933472,ok,True,blood-transfusion-service-center,roc_auc,0.2936663693131132,0.2341213202497769,45.0,0.23264942016057105,RT (pretrain_rel-amazon_user-churn.pt),bs=16 sl=128 d=256 blocks=12 heads=8 full=True qk_norm=False random_sampling=True steps=0 eval_batches=200 ckpt=pretrain_rel-amazon_user-churn.pt
blood-transfusion-service-center,tabarena-blood-transfusion-service-center,fold-21,21,binary_classification,1,0,42,nan,nan,0.5198684210526315,398,100,250,1.6689300537109375e-06,5.8446526527404785,ok,True,blood-transfusion-service-center,roc_auc,0.2810526315789473,0.2621929824561404,45.0,0.2576754385964911,RT (pretrain_rel-amazon_user-churn.pt),bs=16 sl=128 d=256 blocks=12 heads=8 full=True qk_norm=False random_sampling=True steps=0 eval_batches=200 ckpt=pretrain_rel-amazon_user-churn.pt
blood-transfusion-service-center,tabarena-blood-transfusion-service-center,fold-22,22,binary_classification,1,0,42,nan,nan,0.5120428189116859,399,100,249,1.6689300537109375e-06,5.806324243545532,ok,True,blood-transfusion-service-center,roc_auc,0.2380909901873328,0.2034344335414808,45.0,0.3086083853702051,RT (pretrain_rel-amazon_user-churn.pt),bs=16 sl=128 d=256 blocks=12 heads=8 full=True qk_norm=False random_sampling=True steps=0 eval_batches=200 ckpt=pretrain_rel-amazon_user-churn.pt
blood-transfusion-service-center,tabarena-blood-transfusion-service-center,fold-23,23,binary_classification,1,0,42,nan,nan,0.5305976806422836,399,100,249,1.430511474609375e-06,4.795007705688477,ok,True,blood-transfusion-service-center,roc_auc,0.2943800178412132,0.2487511150758251,45.0,0.28184656556645854,RT (pretrain_rel-amazon_user-churn.pt),bs=16 sl=128 d=256 blocks=12 heads=8 full=True qk_norm=False random_sampling=True steps=0 eval_batches=200 ckpt=pretrain_rel-amazon_user-churn.pt
blood-transfusion-service-center,tabarena-blood-transfusion-service-center,fold-24,24,binary_classification,1,0,42,nan,nan,0.43394736842105264,398,100,250,1.9073486328125e-06,6.056707143783569,ok,True,blood-transfusion-service-center,roc_auc,0.2575438596491226,0.2430701754385964,45.0,0.19087719298245623,RT (pretrain_rel-amazon_user-churn.pt),bs=16 sl=128 d=256 blocks=12 heads=8 full=True qk_norm=False random_sampling=True steps=0 eval_batches=200 ckpt=pretrain_rel-amazon_user-churn.pt
blood-transfusion-service-center,tabarena-blood-transfusion-service-center,fold-25,25,binary_classification,1,0,42,nan,nan,0.39875111507582517,399,100,249,1.430511474609375e-06,6.0244176387786865,ok,True,blood-transfusion-service-center,roc_auc,0.2628456735057984,0.2292595896520963,45.0,0.16949152542372886,RT (pretrain_rel-amazon_user-churn.pt),bs=16 sl=128 d=256 blocks=12 heads=8 full=True qk_norm=False random_sampling=True steps=0 eval_batches=200 ckpt=pretrain_rel-amazon_user-churn.pt
blood-transfusion-service-center,tabarena-blood-transfusion-service-center,fold-26,26,binary_classification,1,0,42,nan,nan,0.5266280107047279,399,100,249,2.6226043701171875e-06,4.843733787536621,ok,True,blood-transfusion-service-center,roc_auc,0.2764942016057091,0.2239518287243532,45.0,0.30267618198037466,RT (pretrain_rel-amazon_user-churn.pt),bs=16 sl=128 d=256 blocks=12 heads=8 full=True qk_norm=False random_sampling=True steps=0 eval_batches=200 ckpt=pretrain_rel-amazon_user-churn.pt
blood-transfusion-service-center,tabarena-blood-transfusion-service-center,fold-27,27,binary_classification,1,0,42,nan,nan,0.3972807017543859,398,100,250,2.384185791015625e-06,4.448347330093384,ok,True,blood-transfusion-service-center,roc_auc,0.3039473684210525,0.2551754385964913,45.0,0.14210526315789462,RT (pretrain_rel-amazon_user-churn.pt),bs=16 sl=128 d=256 blocks=12 heads=8 full=True qk_norm=False random_sampling=True steps=0 eval_batches=200 ckpt=pretrain_rel-amazon_user-churn.pt
blood-transfusion-service-center,tabarena-blood-transfusion-service-center,fold-28,28,binary_classification,1,0,42,nan,nan,0.48175735950044607,399,100,249,1.430511474609375e-06,5.470493316650391,ok,True,blood-transfusion-service-center,roc_auc,0.29049955396967,0.2286797502230151,45.0,0.25307760927743095,RT (pretrain_rel-amazon_user-churn.pt),bs=16 sl=128 d=256 blocks=12 heads=8 full=True qk_norm=False random_sampling=True steps=0 eval_batches=200 ckpt=pretrain_rel-amazon_user-churn.pt
blood-transfusion-service-center,tabarena-blood-transfusion-service-center,fold-29,29,binary_classification,1,0,42,nan,nan,0.5072702943800178,399,100,249,1.6689300537109375e-06,4.853294134140015,ok,True,blood-transfusion-service-center,roc_auc,0.2395628902765387,0.2147190008920606,45.0,0.29255129348795716,RT (pretrain_rel-amazon_user-churn.pt),bs=16 sl=128 d=256 blocks=12 heads=8 full=True qk_norm=False random_sampling=True steps=0 eval_batches=200 ckpt=pretrain_rel-amazon_user-churn.pt
churn,tabarena-churn,fold-0,0,binary_classification,1,0,42,nan,nan,0.5270508356133556,2666,667,1667,2.6226043701171875e-06,30.882486820220947,ok,True,churn,roc_auc,0.0712995534709637,0.0550847457627118,45.0,0.4719660898506438,RT (pretrain_rel-amazon_user-churn.pt),bs=16 sl=128 d=256 blocks=12 heads=8 full=True qk_norm=False random_sampling=True steps=0 eval_batches=200 ckpt=pretrain_rel-amazon_user-churn.pt
churn,tabarena-churn,fold-1,1,binary_classification,1,0,42,nan,nan,0.49389723910030914,2666,667,1667,1.6689300537109375e-06,29.850839614868164,ok,True,churn,roc_auc,0.0996280898743322,0.0850241030925392,45.0,0.4088731360077699,RT (pretrain_rel-amazon_user-churn.pt),bs=16 sl=128 d=256 blocks=12 heads=8 full=True qk_norm=False random_sampling=True steps=0 eval_batches=200 ckpt=pretrain_rel-amazon_user-churn.pt
churn,tabarena-churn,fold-2,2,binary_classification,1,0,42,nan,nan,0.503971333838857,2667,667,1666,1.430511474609375e-06,29.31194519996643,ok,True,churn,roc_auc,0.0802801195414604,0.0551466761824047,45.0,0.44882465765645224,RT (pretrain_rel-amazon_user-churn.pt),bs=16 sl=128 d=256 blocks=12 heads=8 full=True qk_norm=False random_sampling=True steps=0 eval_batches=200 ckpt=pretrain_rel-amazon_user-churn.pt
churn,tabarena-churn,fold-3,3,binary_classification,1,0,42,nan,nan,0.4981952291274325,2666,667,1667,1.6689300537109375e-06,28.753974676132202,ok,True,churn,roc_auc,0.0862233355837449,0.0648059316111762,45.0,0.4333892975162563,RT (pretrain_rel-amazon_user-churn.pt),bs=16 sl=128 d=256 blocks=12 heads=8 full=True qk_norm=False random_sampling=True steps=0 eval_batches=200 ckpt=pretrain_rel-amazon_user-churn.pt
churn,tabarena-churn,fold-4,4,binary_classification,1,0,42,nan,nan,0.5133070390505632,2666,667,1667,1.430511474609375e-06,31.011898517608643,ok,True,churn,roc_auc,0.0701773087446258,0.0524138625353847,45.0,0.46089317651517847,RT (pretrain_rel-amazon_user-churn.pt),bs=16 sl=128 d=256 blocks=12 heads=8 full=True qk_norm=False random_sampling=True steps=0 eval_batches=200 ckpt=pretrain_rel-amazon_user-churn.pt
churn,tabarena-churn,fold-5,5,binary_classification,1,0,42,nan,nan,0.48369240376466394,2667,667,1666,3.337860107421875e-06,30.9175386428833,ok,True,churn,roc_auc,0.0973073434735417,0.074138007939694,45.0,0.40955439582496994,RT (pretrain_rel-amazon_user-churn.pt),bs=16 sl=128 d=256 blocks=12 heads=8 full=True qk_norm=False random_sampling=True steps=0 eval_batches=200 ckpt=pretrain_rel-amazon_user-churn.pt
churn,tabarena-churn,fold-6,6,binary_classification,1,0,42,nan,nan,0.4915772424167051,2666,667,1667,1.430511474609375e-06,30.789763927459717,ok,True,churn,roc_auc,0.0769463099172085,0.066991199706262,45.0,0.4245860427104431,RT (pretrain_rel-amazon_user-churn.pt),bs=16 sl=128 d=256 blocks=12 heads=8 full=True qk_norm=False random_sampling=True steps=0 eval_batches=200 ckpt=pretrain_rel-amazon_user-churn.pt
churn,tabarena-churn,fold-7,7,binary_classification,1,0,42,nan,nan,0.5169151002617585,2666,667,1667,1.430511474609375e-06,28.928900957107544,ok,True,churn,roc_auc,0.0921128995961104,0.0718784422414099,45.0,0.44503665802034853,RT (pretrain_rel-amazon_user-churn.pt),bs=16 sl=128 d=256 blocks=12 heads=8 full=True qk_norm=False random_sampling=True steps=0 eval_batches=200 ckpt=pretrain_rel-amazon_user-churn.pt
churn,tabarena-churn,fold-8,8,binary_classification,1,0,42,nan,nan,0.4993443061688747,2667,667,1666,1.6689300537109375e-06,30.992312908172607,ok,True,churn,roc_auc,0.0782907355368214,0.0550455714646802,45.0,0.4442987347041945,RT (pretrain_rel-amazon_user-churn.pt),bs=16 sl=128 d=256 blocks=12 heads=8 full=True qk_norm=False random_sampling=True steps=0 eval_batches=200 ckpt=pretrain_rel-amazon_user-churn.pt
coil2000-insurance-policies,tabarena-coil2000-insurance-policies,fold-0,0,binary_classification,1,0,42,nan,nan,0.4749103474915568,5238,1310,3274,2.6226043701171875e-06,54.43093919754028,ok,True,coil2000_insurance_policies,roc_auc,0.2520457024841565,0.2409806713801517,45.0,0.2339296761114051,RT (pretrain_rel-amazon_user-churn.pt),bs=16 sl=128 d=256 blocks=12 heads=8 full=True qk_norm=False random_sampling=True steps=0 eval_batches=200 ckpt=pretrain_rel-amazon_user-churn.pt
coil2000-insurance-policies,tabarena-coil2000-insurance-policies,fold-1,1,binary_classification,1,0,42,nan,nan,0.4771905922720494,5238,1310,3274,2.6226043701171875e-06,58.851009368896484,ok,True,coil2000_insurance_policies,roc_auc,0.2427936143103405,0.2117878765166846,45.0,0.2654027157553648,RT (pretrain_rel-amazon_user-churn.pt),bs=16 sl=128 d=256 blocks=12 heads=8 full=True qk_norm=False random_sampling=True steps=0 eval_batches=200 ckpt=pretrain_rel-amazon_user-churn.pt
coil2000-insurance-policies,tabarena-coil2000-insurance-policies,fold-2,2,binary_classification,1,0,42,nan,nan,0.470840778756649,5238,1310,3274,2.6226043701171875e-06,55.227004528045654,ok,True,coil2000_insurance_policies,roc_auc,0.2561819562132845,0.226311479757595,45.0,0.24452929899905398,RT (pretrain_rel-amazon_user-churn.pt),bs=16 sl=128 d=256 blocks=12 heads=8 full=True qk_norm=False random_sampling=True steps=0 eval_batches=200 ckpt=pretrain_rel-amazon_user-churn.pt
coil2000-insurance-policies,tabarena-coil2000-insurance-policies,fold-3,3,binary_classification,1,0,42,nan,nan,0.47446926236995823,5238,1310,3274,1.1920928955078125e-06,57.640976428985596,ok,True,coil2000_insurance_policies,roc_auc,0.2619098774993547,0.2439753166612536,45.0,0.23049394570870463,RT (pretrain_rel-amazon_user-churn.pt),bs=16 sl=128 d=256 blocks=12 heads=8 full=True qk_norm=False random_sampling=True steps=0 eval_batches=200 ckpt=pretrain_rel-amazon_user-churn.pt
coil2000-insurance-policies,tabarena-coil2000-insurance-policies,fold-4,4,binary_classification,1,0,42,nan,nan,0.4530057297566289,5238,1310,3274,2.86102294921875e-06,59.831143856048584,ok,True,coil2000_insurance_policies,roc_auc,0.2234141954180928,0.2017429901483165,45.0,0.25126273960831236,RT (pretrain_rel-amazon_user-churn.pt),bs=16 sl=128 d=256 blocks=12 heads=8 full=True qk_norm=False random_sampling=True steps=0 eval_batches=200 ckpt=pretrain_rel-amazon_user-churn.pt
coil2000-insurance-policies,tabarena-coil2000-insurance-policies,fold-5,5,binary_classification,1,0,42,nan,nan,0.48761895362367025,5238,1310,3274,3.5762786865234375e-06,55.0391058921814,ok,True,coil2000_insurance_policies,roc_auc,0.2513733076076434,0.2273615586585511,45.0,0.2602573949651191,RT (pretrain_rel-amazon_user-churn.pt),bs=16 sl=128 d=256 blocks=12 heads=8 full=True qk_norm=False random_sampling=True steps=0 eval_batches=200 ckpt=pretrain_rel-amazon_user-churn.pt
coil2000-insurance-policies,tabarena-coil2000-insurance-policies,fold-6,6,binary_classification,1,0,42,nan,nan,0.4923788842895398,5238,1310,3274,4.5299530029296875e-06,58.7699990272522,ok,True,coil2000_insurance_policies,roc_auc,0.2296783004805089,0.2176930571863992,45.0,0.2746858271031406,RT (pretrain_rel-amazon_user-churn.pt),bs=16 sl=128 d=256 blocks=12 heads=8 full=True qk_norm=False random_sampling=True steps=0 eval_batches=200 ckpt=pretrain_rel-amazon_user-churn.pt
coil2000-insurance-policies,tabarena-coil2000-insurance-policies,fold-7,7,binary_classification,1,0,42,nan,nan,0.45778197693133516,5238,1310,3274,1.6689300537109375e-06,54.95245838165283,ok,True,coil2000_insurance_policies,roc_auc,0.2645439328453294,0.2349097692390969,45.0,0.22287220769223826,RT (pretrain_rel-amazon_user-churn.pt),bs=16 sl=128 d=256 blocks=12 heads=8 full=True qk_norm=False random_sampling=True steps=0 eval_batches=200 ckpt=pretrain_rel-amazon_user-churn.pt
coil2000-insurance-policies,tabarena-coil2000-insurance-policies,fold-8,8,binary_classification,1,0,42,nan,nan,0.4536583000886525,5238,1310,3274,2.384185791015625e-06,58.46684646606445,ok,True,coil2000_insurance_policies,roc_auc,0.2545144276034,0.2225023537680179,45.0,0.23115594632063458,RT (pretrain_rel-amazon_user-churn.pt),bs=16 sl=128 d=256 blocks=12 heads=8 full=True qk_norm=False random_sampling=True steps=0 eval_batches=200 ckpt=pretrain_rel-amazon_user-churn.pt
concrete-compressive-strength,tabarena-concrete-compressive-strength,fold-0,0,regression,1,0,42,nan,nan,17.52596664428711,548,138,344,2.6226043701171875e-06,6.559440851211548,ok,True,concrete_compressive_strength,rmse,4.609973311169731,3.914744220620437,45.0,13.611222423666673,RT (pretrain_rel-amazon_user-churn.pt),bs=16 sl=128 d=256 blocks=12 heads=8 full=True qk_norm=False random_sampling=True steps=0 eval_batches=200 ckpt=pretrain_rel-amazon_user-churn.pt
concrete-compressive-strength,tabarena-concrete-compressive-strength,fold-1,1,regression,1,0,42,nan,nan,16.906023025512695,549,138,343,1.9073486328125e-06,6.465147972106934,ok,True,concrete_compressive_strength,rmse,4.095591852217447,3.79217436672961,45.0,13.113848658783086,RT (pretrain_rel-amazon_user-churn.pt),bs=16 sl=128 d=256 blocks=12 heads=8 full=True qk_norm=False random_sampling=True steps=0 eval_batches=200 ckpt=pretrain_rel-amazon_user-churn.pt
concrete-compressive-strength,tabarena-concrete-compressive-strength,fold-2,2,regression,1,0,42,nan,nan,17.282798767089844,549,138,343,1.430511474609375e-06,7.049655199050903,ok,True,concrete_compressive_strength,rmse,4.314838960334888,3.8529382255379434,45.0,13.4298605415519,RT (pretrain_rel-amazon_user-churn.pt),bs=16 sl=128 d=256 blocks=12 heads=8 full=True qk_norm=False random_sampling=True steps=0 eval_batches=200 ckpt=pretrain_rel-amazon_user-churn.pt
concrete-compressive-strength,tabarena-concrete-compressive-strength,fold-3,3,regression,1,0,42,nan,nan,17.531747817993164,548,138,344,2.86102294921875e-06,7.41931414604187,ok,True,concrete_compressive_strength,rmse,4.101246870785971,3.791052308991999,45.0,13.740695509001165,RT (pretrain_rel-amazon_user-churn.pt),bs=16 sl=128 d=256 blocks=12 heads=8 full=True qk_norm=False random_sampling=True steps=0 eval_batches=200 ckpt=pretrain_rel-amazon_user-churn.pt
concrete-compressive-strength,tabarena-concrete-compressive-strength,fold-4,4,regression,1,0,42,nan,nan,17.272781372070312,549,138,343,4.0531158447265625e-06,6.766113042831421,ok,True,concrete_compressive_strength,rmse,4.709128910333633,4.03767945621805,45.0,13.235101915852262,RT (pretrain_rel-amazon_user-churn.pt),bs=16 sl=128 d=256 blocks=12 heads=8 full=True qk_norm=False random_sampling=True steps=0 eval_batches=200 ckpt=pretrain_rel-amazon_user-churn.pt
concrete-compressive-strength,tabarena-concrete-compressive-strength,fold-5,5,regression,1,0,42,nan,nan,16.452890396118164,549,138,343,1.430511474609375e-06,7.33690881729126,ok,True,concrete_compressive_strength,rmse,4.939242164212933,4.183263526263326,45.0,12.269626869854838,RT (pretrain_rel-amazon_user-churn.pt),bs=16 sl=128 d=256 blocks=12 heads=8 full=True qk_norm=False random_sampling=True steps=0 eval_batches=200 ckpt=pretrain_rel-amazon_user-churn.pt
concrete-compressive-strength,tabarena-concrete-compressive-strength,fold-6,6,regression,1,0,42,nan,nan,16.836584091186523,548,138,344,4.0531158447265625e-06,7.1658360958099365,ok,True,concrete_compressive_strength,rmse,4.563038192604608,4.131734820441877,45.0,12.704849270744646,RT (pretrain_rel-amazon_user-churn.pt),bs=16 sl=128 d=256 blocks=12 heads=8 full=True qk_norm=False random_sampling=True steps=0 eval_batches=200 ckpt=pretrain_rel-amazon_user-churn.pt
concrete-compressive-strength,tabarena-concrete-compressive-strength,fold-7,7,regression,1,0,42,nan,nan,16.298809051513672,549,138,343,2.6226043701171875e-06,6.8397955894470215,ok,True,concrete_compressive_strength,rmse,4.104999547251212,3.262319329415383,45.0,13.036489722098288,RT (pretrain_rel-amazon_user-churn.pt),bs=16 sl=128 d=256 blocks=12 heads=8 full=True qk_norm=False random_sampling=True steps=0 eval_batches=200 ckpt=pretrain_rel-amazon_user-churn.pt
concrete-compressive-strength,tabarena-concrete-compressive-strength,fold-8,8,regression,1,0,42,nan,nan,18.63982582092285,549,138,343,1.430511474609375e-06,6.732388973236084,ok,True,concrete_compressive_strength,rmse,5.053112777644362,4.152365178984297,45.0,14.487460641938554,RT (pretrain_rel-amazon_user-churn.pt),bs=16 sl=128 d=256 blocks=12 heads=8 full=True qk_norm=False random_sampling=True steps=0 eval_batches=200 ckpt=pretrain_rel-amazon_user-churn.pt
concrete-compressive-strength,tabarena-concrete-compressive-strength,fold-9,9,regression,1,0,42,nan,nan,17.3566837310791,548,138,344,1.6689300537109375e-06,6.428239107131958,ok,True,concrete_compressive_strength,rmse,4.726019680849876,4.135476061798498,45.0,13.221207669280604,RT (pretrain_rel-amazon_user-churn.pt),bs=16 sl=128 d=256 blocks=12 heads=8 full=True qk_norm=False random_sampling=True steps=0 eval_batches=200 ckpt=pretrain_rel-amazon_user-churn.pt
concrete-compressive-strength,tabarena-concrete-compressive-strength,fold-10,10,regression,1,0,42,nan,nan,16.956958770751953,549,138,343,1.430511474609375e-06,7.529027223587036,ok,True,concrete_compressive_strength,rmse,3.828762467454686,3.4796887181700407,45.0,13.477270052581913,RT (pretrain_rel-amazon_user-churn.pt),bs=16 sl=128 d=256 blocks=12 heads=8 full=True qk_norm=False random_sampling=True steps=0 eval_batches=200 ckpt=pretrain_rel-amazon_user-churn.pt
concrete-compressive-strength,tabarena-concrete-compressive-strength,fold-11,11,regression,1,0,42,nan,nan,17.024322509765625,549,138,343,3.5762786865234375e-06,7.02329683303833,ok,True,concrete_compressive_strength,rmse,4.93330224301168,4.519660815815444,45.0,12.504661693950181,RT (pretrain_rel-amazon_user-churn.pt),bs=16 sl=128 d=256 blocks=12 heads=8 full=True qk_norm=False random_sampling=True steps=0 eval_batches=200 ckpt=pretrain_rel-amazon_user-churn.pt
concrete-compressive-strength,tabarena-concrete-compressive-strength,fold-12,12,regression,1,0,42,nan,nan,16.784751892089844,548,138,344,1.430511474609375e-06,6.73964786529541,ok,True,concrete_compressive_strength,rmse,4.99477937847029,4.591680750036984,45.0,12.19307114205286,RT (pretrain_rel-amazon_user-churn.pt),bs=16 sl=128 d=256 blocks=12 heads=8 full=True qk_norm=False random_sampling=True steps=0 eval_batches=200 ckpt=pretrain_rel-amazon_user-churn.pt
concrete-compressive-strength,tabarena-concrete-compressive-strength,fold-13,13,regression,1,0,42,nan,nan,17.54656219482422,549,138,343,1.6689300537109375e-06,6.762652158737183,ok,True,concrete_compressive_strength,rmse,4.209969269800465,3.6575419978836328,45.0,13.889020196940585,RT (pretrain_rel-amazon_user-churn.pt),bs=16 sl=128 d=256 blocks=12 heads=8 full=True qk_norm=False random_sampling=True steps=0 eval_batches=200 ckpt=pretrain_rel-amazon_user-churn.pt
concrete-compressive-strength,tabarena-concrete-compressive-strength,fold-14,14,regression,1,0,42,nan,nan,16.510986328125,549,138,343,2.6226043701171875e-06,6.967657804489136,ok,True,concrete_compressive_strength,rmse,4.074742784314835,3.634830464629737,45.0,12.876155863495264,RT (pretrain_rel-amazon_user-churn.pt),bs=16 sl=128 d=256 blocks=12 heads=8 full=True qk_norm=False random_sampling=True steps=0 eval_batches=200 ckpt=pretrain_rel-amazon_user-churn.pt
concrete-compressive-strength,tabarena-concrete-compressive-strength,fold-15,15,regression,1,0,42,nan,nan,17.69948387145996,548,138,344,1.1920928955078125e-06,6.131967782974243,ok,True,concrete_compressive_strength,rmse,3.94194617646994,3.5119058766396782,45.0,14.187577994820282,RT (pretrain_rel-amazon_user-churn.pt),bs=16 sl=128 d=256 blocks=12 heads=8 full=True qk_norm=False random_sampling=True steps=0 eval_batches=200 ckpt=pretrain_rel-amazon_user-churn.pt
concrete-compressive-strength,tabarena-concrete-compressive-strength,fold-16,16,regression,1,0,42,nan,nan,17.042089462280273,549,138,343,1.430511474609375e-06,8.221807479858398,ok,True,concrete_compressive_strength,rmse,4.496490039895541,4.02294171581984,45.0,13.019147746460433,RT (pretrain_rel-amazon_user-churn.pt),bs=16 sl=128 d=256 blocks=12 heads=8 full=True qk_norm=False random_sampling=True steps=0 eval_batches=200 ckpt=pretrain_rel-amazon_user-churn.pt
concrete-compressive-strength,tabarena-concrete-compressive-strength,fold-17,17,regression,1,0,42,nan,nan,17.334692001342773,549,138,343,1.1920928955078125e-06,6.95839786529541,ok,True,concrete_compressive_strength,rmse,5.128943298252113,4.651331474684734,45.0,12.683360526658038,RT (pretrain_rel-amazon_user-churn.pt),bs=16 sl=128 d=256 blocks=12 heads=8 full=True qk_norm=False random_sampling=True steps=0 eval_batches=200 ckpt=pretrain_rel-amazon_user-churn.pt
concrete-compressive-strength,tabarena-concrete-compressive-strength,fold-18,18,regression,1,0,42,nan,nan,17.761140823364258,548,138,344,1.430511474609375e-06,6.695470333099365,ok,True,concrete_compressive_strength,rmse,4.471472715059903,4.191752103124165,45.0,13.569388720240092,RT (pretrain_rel-amazon_user-churn.pt),bs=16 sl=128 d=256 blocks=12 heads=8 full=True qk_norm=False random_sampling=True steps=0 eval_batches=200 ckpt=pretrain_rel-amazon_user-churn.pt
concrete-compressive-strength,tabarena-concrete-compressive-strength,fold-19,19,regression,1,0,42,nan,nan,16.71467399597168,549,138,343,1.6689300537109375e-06,6.367713451385498,ok,True,concrete_compressive_strength,rmse,4.433131147432473,3.8920212861380863,45.0,12.822652709833594,RT (pretrain_rel-amazon_user-churn.pt),bs=16 sl=128 d=256 blocks=12 heads=8 full=True qk_norm=False random_sampling=True steps=0 eval_batches=200 ckpt=pretrain_rel-amazon_user-churn.pt
concrete-compressive-strength,tabarena-concrete-compressive-strength,fold-20,20,regression,1,0,42,nan,nan,17.06559944152832,549,138,343,1.430511474609375e-06,6.649507284164429,ok,True,concrete_compressive_strength,rmse,4.887172630597362,4.446104138080729,45.0,12.619495303447591,RT (pretrain_rel-amazon_user-churn.pt),bs=16 sl=128 d=256 blocks=12 heads=8 full=True qk_norm=False random_sampling=True steps=0 eval_batches=200 ckpt=pretrain_rel-amazon_user-churn.pt
concrete-compressive-strength,tabarena-concrete-compressive-strength,fold-21,21,regression,1,0,42,nan,nan,18.393665313720703,548,138,344,1.430511474609375e-06,4.678161859512329,ok,True,concrete_compressive_strength,rmse,4.547477194838068,4.0285009670500855,45.0,14.365164346670618,RT (pretrain_rel-amazon_user-churn.pt),bs=16 sl=128 d=256 blocks=12 heads=8 full=True qk_norm=False random_sampling=True steps=0 eval_batches=200 ckpt=pretrain_rel-amazon_user-churn.pt
concrete-compressive-strength,tabarena-concrete-compressive-strength,fold-22,22,regression,1,0,42,nan,nan,16.73126983642578,549,138,343,1.430511474609375e-06,6.7512195110321045,ok,True,concrete_compressive_strength,rmse,4.71247794026212,4.150773060379446,45.0,12.580496776046335,RT (pretrain_rel-amazon_user-churn.pt),bs=16 sl=128 d=256 blocks=12 heads=8 full=True qk_norm=False random_sampling=True steps=0 eval_batches=200 ckpt=pretrain_rel-amazon_user-churn.pt
concrete-compressive-strength,tabarena-concrete-compressive-strength,fold-23,23,regression,1,0,42,nan,nan,16.5031795501709,549,138,343,1.1920928955078125e-06,7.737372159957886,ok,True,concrete_compressive_strength,rmse,4.36238499271912,4.050891528311244,45.0,12.452288021859655,RT (pretrain_rel-amazon_user-churn.pt),bs=16 sl=128 d=256 blocks=12 heads=8 full=True qk_norm=False random_sampling=True steps=0 eval_batches=200 ckpt=pretrain_rel-amazon_user-churn.pt
concrete-compressive-strength,tabarena-concrete-compressive-strength,fold-24,24,regression,1,0,42,nan,nan,17.02480697631836,548,138,344,1.9073486328125e-06,4.693558931350708,ok,True,concrete_compressive_strength,rmse,4.645693698876255,4.136710158675941,45.0,12.888096817642419,RT (pretrain_rel-amazon_user-churn.pt),bs=16 sl=128 d=256 blocks=12 heads=8 full=True qk_norm=False random_sampling=True steps=0 eval_batches=200 ckpt=pretrain_rel-amazon_user-churn.pt
concrete-compressive-strength,tabarena-concrete-compressive-strength,fold-25,25,regression,1,0,42,nan,nan,18.224084854125977,549,138,343,1.6689300537109375e-06,4.696733474731445,ok,True,concrete_compressive_strength,rmse,4.226828929807606,3.946970435798181,45.0,14.277114418327795,RT (pretrain_rel-amazon_user-churn.pt),bs=16 sl=128 d=256 blocks=12 heads=8 full=True qk_norm=False random_sampling=True steps=0 eval_batches=200 ckpt=pretrain_rel-amazon_user-churn.pt
concrete-compressive-strength,tabarena-concrete-compressive-strength,fold-26,26,regression,1,0,42,nan,nan,16.813941955566406,549,138,343,2.384185791015625e-06,5.261218309402466,ok,True,concrete_compressive_strength,rmse,3.7930522554755113,3.496669953187038,45.0,13.317272002379369,RT (pretrain_rel-amazon_user-churn.pt),bs=16 sl=128 d=256 blocks=12 heads=8 full=True qk_norm=False random_sampling=True steps=0 eval_batches=200 ckpt=pretrain_rel-amazon_user-churn.pt
concrete-compressive-strength,tabarena-concrete-compressive-strength,fold-27,27,regression,1,0,42,nan,nan,17.125450134277344,548,138,344,2.1457672119140625e-06,7.406005620956421,ok,True,concrete_compressive_strength,rmse,5.015703444514498,4.483114877649446,45.0,12.642335256627899,RT (pretrain_rel-amazon_user-churn.pt),bs=16 sl=128 d=256 blocks=12 heads=8 full=True qk_norm=False random_sampling=True steps=0 eval_batches=200 ckpt=pretrain_rel-amazon_user-churn.pt
concrete-compressive-strength,tabarena-concrete-compressive-strength,fold-28,28,regression,1,0,42,nan,nan,18.017545700073242,549,138,343,1.430511474609375e-06,10.244248390197754,ok,True,concrete_compressive_strength,rmse,4.633852240839197,3.9037137199223895,45.0,14.113831980150852,RT (pretrain_rel-amazon_user-churn.pt),bs=16 sl=128 d=256 blocks=12 heads=8 full=True qk_norm=False random_sampling=True steps=0 eval_batches=200 ckpt=pretrain_rel-amazon_user-churn.pt
concrete-compressive-strength,tabarena-concrete-compressive-strength,fold-29,29,regression,1,0,42,nan,nan,16.247398376464844,549,138,343,1.6689300537109375e-06,7.8896567821502686,ok,True,concrete_compressive_strength,rmse,3.958657908835548,3.451051183623718,45.0,12.796347192841125,RT (pretrain_rel-amazon_user-churn.pt),bs=16 sl=128 d=256 blocks=12 heads=8 full=True qk_norm=False random_sampling=True steps=0 eval_batches=200 ckpt=pretrain_rel-amazon_user-churn.pt
credit-card-clients-default,tabarena-credit-card-clients-default,fold-0,0,binary_classification,1,0,42,nan,nan,0.46756136311256413,10000,4000,10000,2.86102294921875e-06,59.889883279800415,ok,True,credit_card_clients_default,roc_auc,0.211100056794382,0.2071689149904662,45.0,0.26039244812209794,RT (pretrain_rel-amazon_user-churn.pt),bs=16 sl=128 d=256 blocks=12 heads=8 full=True qk_norm=False random_sampling=True steps=0 eval_batches=200 ckpt=pretrain_rel-amazon_user-churn.pt
credit-card-clients-default,tabarena-credit-card-clients-default,fold-1,1,binary_classification,1,0,42,nan,nan,0.48657315131753043,10000,4000,10000,1.9073486328125e-06,64.35933876037598,ok,True,credit_card_clients_default,roc_auc,0.2206708157215022,0.2163141223898035,45.0,0.2702590289277269,RT (pretrain_rel-amazon_user-churn.pt),bs=16 sl=128 d=256 blocks=12 heads=8 full=True qk_norm=False random_sampling=True steps=0 eval_batches=200 ckpt=pretrain_rel-amazon_user-churn.pt
credit-card-clients-default,tabarena-credit-card-clients-default,fold-2,2,binary_classification,1,0,42,nan,nan,0.48104769698935557,10000,4000,10000,2.86102294921875e-06,43.16951560974121,ok,True,credit_card_clients_default,roc_auc,0.2162297783207996,0.2096409566440139,45.0,0.2714067403453417,RT (pretrain_rel-amazon_user-churn.pt),bs=16 sl=128 d=256 blocks=12 heads=8 full=True qk_norm=False random_sampling=True steps=0 eval_batches=200 ckpt=pretrain_rel-amazon_user-churn.pt
credit-card-clients-default,tabarena-credit-card-clients-default,fold-3,3,binary_classification,1,0,42,nan,nan,0.47935782006626926,10000,4000,10000,2.6226043701171875e-06,60.59148836135864,ok,True,credit_card_clients_default,roc_auc,0.2156870564535229,0.209265878046719,45.0,0.2700919420195502,RT (pretrain_rel-amazon_user-churn.pt),bs=16 sl=128 d=256 blocks=12 heads=8 full=True qk_norm=False random_sampling=True steps=0 eval_batches=200 ckpt=pretrain_rel-amazon_user-churn.pt
credit-card-clients-default,tabarena-credit-card-clients-default,fold-4,4,binary_classification,1,0,42,nan,nan,0.4801790249007055,10000,4000,10000,1.9073486328125e-06,42.03578329086304,ok,True,credit_card_clients_default,roc_auc,0.2164893119288634,0.2123120456565532,45.0,0.2678669792441523,RT (pretrain_rel-amazon_user-churn.pt),bs=16 sl=128 d=256 blocks=12 heads=8 full=True qk_norm=False random_sampling=True steps=0 eval_batches=200 ckpt=pretrain_rel-amazon_user-churn.pt
credit-card-clients-default,tabarena-credit-card-clients-default,fold-5,5,binary_classification,1,0,42,nan,nan,0.495295204040193,10000,4000,10000,1.6689300537109375e-06,59.72677659988403,ok,True,credit_card_clients_default,roc_auc,0.2175603306798329,0.2126544431039174,45.0,0.2826407609362756,RT (pretrain_rel-amazon_user-churn.pt),bs=16 sl=128 d=256 blocks=12 heads=8 full=True qk_norm=False random_sampling=True steps=0 eval_batches=200 ckpt=pretrain_rel-amazon_user-churn.pt
credit-card-clients-default,tabarena-credit-card-clients-default,fold-6,6,binary_classification,1,0,42,nan,nan,0.4853219465587755,10000,4000,10000,2.1457672119140625e-06,42.085963010787964,ok,True,credit_card_clients_default,roc_auc,0.2216574904034676,0.2160469554403259,45.0,0.26927499111844955,RT (pretrain_rel-amazon_user-churn.pt),bs=16 sl=128 d=256 blocks=12 heads=8 full=True qk_norm=False random_sampling=True steps=0 eval_batches=200 ckpt=pretrain_rel-amazon_user-churn.pt
credit-card-clients-default,tabarena-credit-card-clients-default,fold-7,7,binary_classification,1,0,42,nan,nan,0.4862948102887641,10000,4000,10000,1.430511474609375e-06,63.40798020362854,ok,True,credit_card_clients_default,roc_auc,0.209908587979281,0.2061889158542237,45.0,0.28010589443454037,RT (pretrain_rel-amazon_user-churn.pt),bs=16 sl=128 d=256 blocks=12 heads=8 full=True qk_norm=False random_sampling=True steps=0 eval_batches=200 ckpt=pretrain_rel-amazon_user-churn.pt
credit-card-clients-default,tabarena-credit-card-clients-default,fold-8,8,binary_classification,1,0,42,nan,nan,0.49116643103367896,10000,4000,10000,2.384185791015625e-06,59.810712575912476,ok,True,credit_card_clients_default,roc_auc,0.2156587579444798,0.2130694588791026,45.0,0.27809697215457635,RT (pretrain_rel-amazon_user-churn.pt),bs=16 sl=128 d=256 blocks=12 heads=8 full=True qk_norm=False random_sampling=True steps=0 eval_batches=200 ckpt=pretrain_rel-amazon_user-churn.pt
credit-g,tabarena-credit-g,fold-0,0,binary_classification,1,0,42,nan,nan,0.5130982905982905,532,134,334,2.6226043701171875e-06,7.043442964553833,ok,True,credit-g,roc_auc,0.2302991452991452,0.2070940170940171,45.0,0.3060042735042734,RT (pretrain_rel-amazon_user-churn.pt),bs=16 sl=128 d=256 blocks=12 heads=8 full=True qk_norm=False random_sampling=True steps=0 eval_batches=200 ckpt=pretrain_rel-amazon_user-churn.pt
credit-g,tabarena-credit-g,fold-1,1,binary_classification,1,0,42,nan,nan,0.548862660944206,533,134,333,4.0531158447265625e-06,6.668494939804077,ok,True,credit-g,roc_auc,0.2458798283261802,0.1821030042918454,45.0,0.3667596566523606,RT (pretrain_rel-amazon_user-churn.pt),bs=16 sl=128 d=256 blocks=12 heads=8 full=True qk_norm=False random_sampling=True steps=0 eval_batches=200 ckpt=pretrain_rel-amazon_user-churn.pt
credit-g,tabarena-credit-g,fold-2,2,binary_classification,1,0,42,nan,nan,0.4920171673819742,533,134,333,3.0994415283203125e-06,6.3607611656188965,ok,True,credit-g,roc_auc,0.2323605150214591,0.2053648068669528,45.0,0.2866523605150214,RT (pretrain_rel-amazon_user-churn.pt),bs=16 sl=128 d=256 blocks=12 heads=8 full=True qk_norm=False random_sampling=True steps=0 eval_batches=200 ckpt=pretrain_rel-amazon_user-churn.pt
credit-g,tabarena-credit-g,fold-3,3,binary_classification,1,0,42,nan,nan,0.554465811965812,532,134,334,1.430511474609375e-06,6.000078439712524,ok,True,credit-g,roc_auc,0.226923076923077,0.1755555555555555,45.0,0.37891025641025655,RT (pretrain_rel-amazon_user-churn.pt),bs=16 sl=128 d=256 blocks=12 heads=8 full=True qk_norm=False random_sampling=True steps=0 eval_batches=200 ckpt=pretrain_rel-amazon_user-churn.pt
credit-g,tabarena-credit-g,fold-4,4,binary_classification,1,0,42,nan,nan,0.5594635193133047,533,134,333,1.430511474609375e-06,6.347416877746582,ok,True,credit-g,roc_auc,0.234077253218884,0.1993991416309013,45.0,0.3600643776824034,RT (pretrain_rel-amazon_user-churn.pt),bs=16 sl=128 d=256 blocks=12 heads=8 full=True qk_norm=False random_sampling=True steps=0 eval_batches=200 ckpt=pretrain_rel-amazon_user-churn.pt
credit-g,tabarena-credit-g,fold-5,5,binary_classification,1,0,42,nan,nan,0.5140128755364808,533,134,333,1.6689300537109375e-06,8.563796758651733,ok,True,credit-g,roc_auc,0.2436051502145924,0.2273390557939913,45.0,0.2866738197424895,RT (pretrain_rel-amazon_user-churn.pt),bs=16 sl=128 d=256 blocks=12 heads=8 full=True qk_norm=False random_sampling=True steps=0 eval_batches=200 ckpt=pretrain_rel-amazon_user-churn.pt
credit-g,tabarena-credit-g,fold-6,6,binary_classification,1,0,42,nan,nan,0.5238888888888888,532,134,334,3.814697265625e-06,7.45527458190918,ok,True,credit-g,roc_auc,0.2011111111111111,0.1748290598290597,45.0,0.34905982905982913,RT (pretrain_rel-amazon_user-churn.pt),bs=16 sl=128 d=256 blocks=12 heads=8 full=True qk_norm=False random_sampling=True steps=0 eval_batches=200 ckpt=pretrain_rel-amazon_user-churn.pt
credit-g,tabarena-credit-g,fold-7,7,binary_classification,1,0,42,nan,nan,0.5641416309012877,533,134,333,2.6226043701171875e-06,6.975879430770874,ok,True,credit-g,roc_auc,0.2427467811158798,0.2094849785407725,45.0,0.35465665236051513,RT (pretrain_rel-amazon_user-churn.pt),bs=16 sl=128 d=256 blocks=12 heads=8 full=True qk_norm=False random_sampling=True steps=0 eval_batches=200 ckpt=pretrain_rel-amazon_user-churn.pt
credit-g,tabarena-credit-g,fold-8,8,binary_classification,1,0,42,nan,nan,0.5192489270386267,533,134,333,2.1457672119140625e-06,6.587932586669922,ok,True,credit-g,roc_auc,0.2155364806866954,0.1909442060085837,45.0,0.328304721030043,RT (pretrain_rel-amazon_user-churn.pt),bs=16 sl=128 d=256 blocks=12 heads=8 full=True qk_norm=False random_sampling=True steps=0 eval_batches=200 ckpt=pretrain_rel-amazon_user-churn.pt
credit-g,tabarena-credit-g,fold-9,9,binary_classification,1,0,42,nan,nan,0.5227777777777778,532,134,334,1.430511474609375e-06,7.091244697570801,ok,True,credit-g,roc_auc,0.198974358974359,0.1623076923076923,45.0,0.3604700854700855,RT (pretrain_rel-amazon_user-churn.pt),bs=16 sl=128 d=256 blocks=12 heads=8 full=True qk_norm=False random_sampling=True steps=0 eval_batches=200 ckpt=pretrain_rel-amazon_user-churn.pt
credit-g,tabarena-credit-g,fold-10,10,binary_classification,1,0,42,nan,nan,0.5208583690987124,533,134,333,2.1457672119140625e-06,6.520062446594238,ok,True,credit-g,roc_auc,0.2164377682403433,0.1954506437768239,45.0,0.32540772532188855,RT (pretrain_rel-amazon_user-churn.pt),bs=16 sl=128 d=256 blocks=12 heads=8 full=True qk_norm=False random_sampling=True steps=0 eval_batches=200 ckpt=pretrain_rel-amazon_user-churn.pt
credit-g,tabarena-credit-g,fold-11,11,binary_classification,1,0,42,nan,nan,0.5104721030042919,533,134,333,1.430511474609375e-06,7.662590742111206,ok,True,credit-g,roc_auc,0.2297424892703863,0.2103004291845494,45.0,0.3001716738197425,RT (pretrain_rel-amazon_user-churn.pt),bs=16 sl=128 d=256 blocks=12 heads=8 full=True qk_norm=False random_sampling=True steps=0 eval_batches=200 ckpt=pretrain_rel-amazon_user-churn.pt
credit-g,tabarena-credit-g,fold-12,12,binary_classification,1,0,42,nan,nan,0.5022649572649572,532,134,334,1.6689300537109375e-06,6.263328313827515,ok,True,credit-g,roc_auc,0.2064529914529914,0.1903418803418801,45.0,0.31192307692307714,RT (pretrain_rel-amazon_user-churn.pt),bs=16 sl=128 d=256 blocks=12 heads=8 full=True qk_norm=False random_sampling=True steps=0 eval_batches=200 ckpt=pretrain_rel-amazon_user-churn.pt
credit-g,tabarena-credit-g,fold-13,13,binary_classification,1,0,42,nan,nan,0.5609442060085836,533,134,333,1.430511474609375e-06,6.54793119430542,ok,True,credit-g,roc_auc,0.2316738197424892,0.1973390557939915,45.0,0.36360515021459217,RT (pretrain_rel-amazon_user-churn.pt),bs=16 sl=128 d=256 blocks=12 heads=8 full=True qk_norm=False random_sampling=True steps=0 eval_batches=200 ckpt=pretrain_rel-amazon_user-churn.pt
credit-g,tabarena-credit-g,fold-14,14,binary_classification,1,0,42,nan,nan,0.5203648068669529,533,134,333,5.9604644775390625e-06,6.837993621826172,ok,True,credit-g,roc_auc,0.2388412017167381,0.2023605150214592,45.0,0.31800429184549367,RT (pretrain_rel-amazon_user-churn.pt),bs=16 sl=128 d=256 blocks=12 heads=8 full=True qk_norm=False random_sampling=True steps=0 eval_batches=200 ckpt=pretrain_rel-amazon_user-churn.pt
credit-g,tabarena-credit-g,fold-15,15,binary_classification,1,0,42,nan,nan,0.5129273504273504,532,134,334,2.6226043701171875e-06,6.739182949066162,ok,True,credit-g,roc_auc,0.2076068376068376,0.1582051282051282,45.0,0.35472222222222216,RT (pretrain_rel-amazon_user-churn.pt),bs=16 sl=128 d=256 blocks=12 heads=8 full=True qk_norm=False random_sampling=True steps=0 eval_batches=200 ckpt=pretrain_rel-amazon_user-churn.pt
credit-g,tabarena-credit-g,fold-16,16,binary_classification,1,0,42,nan,nan,0.5341630901287553,533,134,333,1.430511474609375e-06,6.034882545471191,ok,True,credit-g,roc_auc,0.2385407725321888,0.2258369098712446,45.0,0.3083261802575107,RT (pretrain_rel-amazon_user-churn.pt),bs=16 sl=128 d=256 blocks=12 heads=8 full=True qk_norm=False random_sampling=True steps=0 eval_batches=200 ckpt=pretrain_rel-amazon_user-churn.pt
credit-g,tabarena-credit-g,fold-17,17,binary_classification,1,0,42,nan,nan,0.5215236051502146,533,134,333,2.6226043701171875e-06,5.883542060852051,ok,True,credit-g,roc_auc,0.2303433476394849,0.1841630901287554,45.0,0.33736051502145914,RT (pretrain_rel-amazon_user-churn.pt),bs=16 sl=128 d=256 blocks=12 heads=8 full=True qk_norm=False random_sampling=True steps=0 eval_batches=200 ckpt=pretrain_rel-amazon_user-churn.pt
credit-g,tabarena-credit-g,fold-18,18,binary_classification,1,0,42,nan,nan,0.5523076923076923,532,134,334,1.430511474609375e-06,6.076051473617554,ok,True,credit-g,roc_auc,0.2645726495726496,0.2229487179487179,45.0,0.3293589743589744,RT (pretrain_rel-amazon_user-churn.pt),bs=16 sl=128 d=256 blocks=12 heads=8 full=True qk_norm=False random_sampling=True steps=0 eval_batches=200 ckpt=pretrain_rel-amazon_user-churn.pt
credit-g,tabarena-credit-g,fold-19,19,binary_classification,1,0,42,nan,nan,0.5237339055793993,533,134,333,1.9073486328125e-06,7.483741521835327,ok,True,credit-g,roc_auc,0.239656652360515,0.1841630901287553,45.0,0.33957081545064394,RT (pretrain_rel-amazon_user-churn.pt),bs=16 sl=128 d=256 blocks=12 heads=8 full=True qk_norm=False random_sampling=True steps=0 eval_batches=200 ckpt=pretrain_rel-amazon_user-churn.pt
credit-g,tabarena-credit-g,fold-20,20,binary_classification,1,0,42,nan,nan,0.503519313304721,533,134,333,1.6689300537109375e-06,7.035323619842529,ok,True,credit-g,roc_auc,0.2117596566523605,0.1862231759656653,45.0,0.3172961373390557,RT (pretrain_rel-amazon_user-churn.pt),bs=16 sl=128 d=256 blocks=12 heads=8 full=True qk_norm=False random_sampling=True steps=0 eval_batches=200 ckpt=pretrain_rel-amazon_user-churn.pt
credit-g,tabarena-credit-g,fold-21,21,binary_classification,1,0,42,nan,nan,0.5054487179487179,532,134,334,1.430511474609375e-06,7.052961587905884,ok,True,credit-g,roc_auc,0.2242735042735043,0.1873076923076923,45.0,0.31814102564102564,RT (pretrain_rel-amazon_user-churn.pt),bs=16 sl=128 d=256 blocks=12 heads=8 full=True qk_norm=False random_sampling=True steps=0 eval_batches=200 ckpt=pretrain_rel-amazon_user-churn.pt
credit-g,tabarena-credit-g,fold-22,22,binary_classification,1,0,42,nan,nan,0.5129828326180257,533,134,333,2.6226043701171875e-06,6.267131567001343,ok,True,credit-g,roc_auc,0.2640343347639485,0.1986266094420601,45.0,0.31435622317596557,RT (pretrain_rel-amazon_user-churn.pt),bs=16 sl=128 d=256 blocks=12 heads=8 full=True qk_norm=False random_sampling=True steps=0 eval_batches=200 ckpt=pretrain_rel-amazon_user-churn.pt
credit-g,tabarena-credit-g,fold-23,23,binary_classification,1,0,42,nan,nan,0.49090128755364815,533,134,333,2.384185791015625e-06,6.539222955703735,ok,True,credit-g,roc_auc,0.2186695278969957,0.1817167381974248,45.0,0.30918454935622336,RT (pretrain_rel-amazon_user-churn.pt),bs=16 sl=128 d=256 blocks=12 heads=8 full=True qk_norm=False random_sampling=True steps=0 eval_batches=200 ckpt=pretrain_rel-amazon_user-churn.pt
credit-g,tabarena-credit-g,fold-24,24,binary_classification,1,0,42,nan,nan,0.45350427350427347,532,134,334,4.291534423828125e-06,7.940719127655029,ok,True,credit-g,roc_auc,0.2744444444444445,0.2165811965811965,45.0,0.23692307692307696,RT (pretrain_rel-amazon_user-churn.pt),bs=16 sl=128 d=256 blocks=12 heads=8 full=True qk_norm=False random_sampling=True steps=0 eval_batches=200 ckpt=pretrain_rel-amazon_user-churn.pt
credit-g,tabarena-credit-g,fold-25,25,binary_classification,1,0,42,nan,nan,0.5245708154506438,533,134,333,1.1920928955078125e-06,6.595432996749878,ok,True,credit-g,roc_auc,0.1972103004291847,0.173175965665236,45.0,0.3513948497854078,RT (pretrain_rel-amazon_user-churn.pt),bs=16 sl=128 d=256 blocks=12 heads=8 full=True qk_norm=False random_sampling=True steps=0 eval_batches=200 ckpt=pretrain_rel-amazon_user-churn.pt
credit-g,tabarena-credit-g,fold-26,26,binary_classification,1,0,42,nan,nan,0.48527896995708153,533,134,333,3.0994415283203125e-06,7.126139879226685,ok,True,credit-g,roc_auc,0.2225321888412018,0.2048068669527897,45.0,0.2804721030042918,RT (pretrain_rel-amazon_user-churn.pt),bs=16 sl=128 d=256 blocks=12 heads=8 full=True qk_norm=False random_sampling=True steps=0 eval_batches=200 ckpt=pretrain_rel-amazon_user-churn.pt
credit-g,tabarena-credit-g,fold-27,27,binary_classification,1,0,42,nan,nan,0.5087179487179487,532,134,334,1.6689300537109375e-06,6.31937837600708,ok,True,credit-g,roc_auc,0.2277777777777778,0.2001282051282051,45.0,0.30858974358974367,RT (pretrain_rel-amazon_user-churn.pt),bs=16 sl=128 d=256 blocks=12 heads=8 full=True qk_norm=False random_sampling=True steps=0 eval_batches=200 ckpt=pretrain_rel-amazon_user-churn.pt
credit-g,tabarena-credit-g,fold-28,28,binary_classification,1,0,42,nan,nan,0.5238412017167382,533,134,333,3.337860107421875e-06,6.579307794570923,ok,True,credit-g,roc_auc,0.2346781115879828,0.1849356223175965,45.0,0.3389055793991417,RT (pretrain_rel-amazon_user-churn.pt),bs=16 sl=128 d=256 blocks=12 heads=8 full=True qk_norm=False random_sampling=True steps=0 eval_batches=200 ckpt=pretrain_rel-amazon_user-churn.pt
credit-g,tabarena-credit-g,fold-29,29,binary_classification,1,0,42,nan,nan,0.44609442060085835,533,134,333,2.384185791015625e-06,6.542495489120483,ok,True,credit-g,roc_auc,0.2067811158798282,0.1931759656652361,45.0,0.25291845493562226,RT (pretrain_rel-amazon_user-churn.pt),bs=16 sl=128 d=256 blocks=12 heads=8 full=True qk_norm=False random_sampling=True steps=0 eval_batches=200 ckpt=pretrain_rel-amazon_user-churn.pt
customer-satisfaction-in-airline,tabarena-customer-satisfaction-in-airline,fold-0,0,binary_classification,1,0,42,nan,nan,0.44963028126686155,10000,17318,43294,2.86102294921875e-06,59.62410354614258,ok,True,customer_satisfaction_in_airline,roc_auc,0.005735930711694,0.0043975257762043,45.0,0.4452327554906573,RT (pretrain_rel-amazon_user-churn.pt),bs=16 sl=128 d=256 blocks=12 heads=8 full=True qk_norm=False random_sampling=True steps=0 eval_batches=200 ckpt=pretrain_rel-amazon_user-churn.pt
customer-satisfaction-in-airline,tabarena-customer-satisfaction-in-airline,fold-1,1,binary_classification,1,0,42,nan,nan,0.4534495428920544,10000,17318,43293,3.0994415283203125e-06,53.24830913543701,ok,True,customer_satisfaction_in_airline,roc_auc,0.0053696884935203,0.0042864768166372,45.0,0.4491630660754172,RT (pretrain_rel-amazon_user-churn.pt),bs=16 sl=128 d=256 blocks=12 heads=8 full=True qk_norm=False random_sampling=True steps=0 eval_batches=200 ckpt=pretrain_rel-amazon_user-churn.pt
customer-satisfaction-in-airline,tabarena-customer-satisfaction-in-airline,fold-2,2,binary_classification,1,0,42,nan,nan,0.4660093552812504,10000,17318,43293,1.430511474609375e-06,63.10168766975403,ok,True,customer_satisfaction_in_airline,roc_auc,0.0058168519107001,0.0046332560840987,45.0,0.4613760991971517,RT (pretrain_rel-amazon_user-churn.pt),bs=16 sl=128 d=256 blocks=12 heads=8 full=True qk_norm=False random_sampling=True steps=0 eval_batches=200 ckpt=pretrain_rel-amazon_user-churn.pt
customer-satisfaction-in-airline,tabarena-customer-satisfaction-in-airline,fold-3,3,binary_classification,1,0,42,nan,nan,0.44932330276443055,10000,17318,43294,2.6226043701171875e-06,58.78202152252197,ok,True,customer_satisfaction_in_airline,roc_auc,0.005995178131076,0.0046807754329269,45.0,0.44464252733150367,RT (pretrain_rel-amazon_user-churn.pt),bs=16 sl=128 d=256 blocks=12 heads=8 full=True qk_norm=False random_sampling=True steps=0 eval_batches=200 ckpt=pretrain_rel-amazon_user-churn.pt
customer-satisfaction-in-airline,tabarena-customer-satisfaction-in-airline,fold-4,4,binary_classification,1,0,42,nan,nan,0.4525778077180663,10000,17318,43293,1.1920928955078125e-06,52.11080980300903,ok,True,customer_satisfaction_in_airline,roc_auc,0.0055736291024439,0.0044161772701019,45.0,0.4481616304479644,RT (pretrain_rel-amazon_user-churn.pt),bs=16 sl=128 d=256 blocks=12 heads=8 full=True qk_norm=False random_sampling=True steps=0 eval_batches=200 ckpt=pretrain_rel-amazon_user-churn.pt
customer-satisfaction-in-airline,tabarena-customer-satisfaction-in-airline,fold-5,5,binary_classification,1,0,42,nan,nan,0.4753556682788722,10000,17318,43293,1.1920928955078125e-06,59.21690082550049,ok,True,customer_satisfaction_in_airline,roc_auc,0.0054713596421648,0.0042385962919032,45.0,0.471117071986969,RT (pretrain_rel-amazon_user-churn.pt),bs=16 sl=128 d=256 blocks=12 heads=8 full=True qk_norm=False random_sampling=True steps=0 eval_batches=200 ckpt=pretrain_rel-amazon_user-churn.pt
customer-satisfaction-in-airline,tabarena-customer-satisfaction-in-airline,fold-6,6,binary_classification,1,0,42,nan,nan,0.4675313681670785,10000,17318,43294,1.430511474609375e-06,58.08021354675293,ok,True,customer_satisfaction_in_airline,roc_auc,0.0056414237190486,0.004474264459388,45.0,0.46305710370769054,RT (pretrain_rel-amazon_user-churn.pt),bs=16 sl=128 d=256 blocks=12 heads=8 full=True qk_norm=False random_sampling=True steps=0 eval_batches=200 ckpt=pretrain_rel-amazon_user-churn.pt
customer-satisfaction-in-airline,tabarena-customer-satisfaction-in-airline,fold-7,7,binary_classification,1,0,42,nan,nan,0.4692780392309541,10000,17318,43293,1.1920928955078125e-06,51.722498655319214,ok,True,customer_satisfaction_in_airline,roc_auc,0.0054648905010573,0.0042641941054172,45.0,0.46501384512553695,RT (pretrain_rel-amazon_user-churn.pt),bs=16 sl=128 d=256 blocks=12 heads=8 full=True qk_norm=False random_sampling=True steps=0 eval_batches=200 ckpt=pretrain_rel-amazon_user-churn.pt
customer-satisfaction-in-airline,tabarena-customer-satisfaction-in-airline,fold-8,8,binary_classification,1,0,42,nan,nan,0.4754846447249419,10000,17318,43293,1.9073486328125e-06,59.69817304611206,ok,True,customer_satisfaction_in_airline,roc_auc,0.0056997991341516,0.0045256910148469,45.0,0.470958953710095,RT (pretrain_rel-amazon_user-churn.pt),bs=16 sl=128 d=256 blocks=12 heads=8 full=True qk_norm=False random_sampling=True steps=0 eval_batches=200 ckpt=pretrain_rel-amazon_user-churn.pt
diabetes,tabarena-diabetes,fold-0,0,binary_classification,1,0,42,nan,nan,0.5707161981258366,409,103,256,2.1457672119140625e-06,4.893024921417236,ok,True,diabetes,roc_auc,0.1825970548862114,0.1514056224899598,45.0,0.4193105756358768,RT (pretrain_rel-amazon_user-churn.pt),bs=16 sl=128 d=256 blocks=12 heads=8 full=True qk_norm=False random_sampling=True steps=0 eval_batches=200 ckpt=pretrain_rel-amazon_user-churn.pt
diabetes,tabarena-diabetes,fold-1,1,binary_classification,1,0,42,nan,nan,0.5095202852721523,409,103,256,1.9073486328125e-06,4.885563850402832,ok,True,diabetes,roc_auc,0.1743927874587902,0.15750521429052,45.0,0.3520150709816323,RT (pretrain_rel-amazon_user-churn.pt),bs=16 sl=128 d=256 blocks=12 heads=8 full=True qk_norm=False random_sampling=True steps=0 eval_batches=200 ckpt=pretrain_rel-amazon_user-churn.pt
diabetes,tabarena-diabetes,fold-2,2,binary_classification,1,0,42,nan,nan,0.5836977729933392,409,103,256,1.430511474609375e-06,5.475967884063721,ok,True,diabetes,roc_auc,0.1510462221624168,0.1445872300343134,45.0,0.43911054295902585,RT (pretrain_rel-amazon_user-churn.pt),bs=16 sl=128 d=256 blocks=12 heads=8 full=True qk_norm=False random_sampling=True steps=0 eval_batches=200 ckpt=pretrain_rel-amazon_user-churn.pt
diabetes,tabarena-diabetes,fold-3,3,binary_classification,1,0,42,nan,nan,0.6036466393056583,409,103,256,1.9073486328125e-06,5.080202341079712,ok,True,diabetes,roc_auc,0.1690775751867053,0.1532665007064523,45.0,0.450380138599206,RT (pretrain_rel-amazon_user-churn.pt),bs=16 sl=128 d=256 blocks=12 heads=8 full=True qk_norm=False random_sampling=True steps=0 eval_batches=200 ckpt=pretrain_rel-amazon_user-churn.pt
diabetes,tabarena-diabetes,fold-4,4,binary_classification,1,0,42,nan,nan,0.5186705241202987,409,103,256,2.6226043701171875e-06,5.476843357086182,ok,True,diabetes,roc_auc,0.1394065800982304,0.1348314606741573,45.0,0.3838390634461414,RT (pretrain_rel-amazon_user-churn.pt),bs=16 sl=128 d=256 blocks=12 heads=8 full=True qk_norm=False random_sampling=True steps=0 eval_batches=200 ckpt=pretrain_rel-amazon_user-churn.pt
diabetes,tabarena-diabetes,fold-5,5,binary_classification,1,0,42,nan,nan,0.5099062918340027,409,103,256,1.430511474609375e-06,5.483088493347168,ok,True,diabetes,roc_auc,0.1901606425702811,0.1702141900937082,45.0,0.3396921017402945,RT (pretrain_rel-amazon_user-churn.pt),bs=16 sl=128 d=256 blocks=12 heads=8 full=True qk_norm=False random_sampling=True steps=0 eval_batches=200 ckpt=pretrain_rel-amazon_user-churn.pt
diabetes,tabarena-diabetes,fold-6,6,binary_classification,1,0,42,nan,nan,0.5172576195922761,409,103,256,1.6689300537109375e-06,5.143186330795288,ok,True,diabetes,roc_auc,0.1533337818744533,0.1297180919060755,45.0,0.3875395276862006,RT (pretrain_rel-amazon_user-churn.pt),bs=16 sl=128 d=256 blocks=12 heads=8 full=True qk_norm=False random_sampling=True steps=0 eval_batches=200 ckpt=pretrain_rel-amazon_user-churn.pt
diabetes,tabarena-diabetes,fold-7,7,binary_classification,1,0,42,nan,nan,0.518805086456301,409,103,256,1.6689300537109375e-06,5.487337589263916,ok,True,diabetes,roc_auc,0.1597254928345555,0.1371190203861939,45.0,0.3816860660701071,RT (pretrain_rel-amazon_user-churn.pt),bs=16 sl=128 d=256 blocks=12 heads=8 full=True qk_norm=False random_sampling=True steps=0 eval_batches=200 ckpt=pretrain_rel-amazon_user-churn.pt
diabetes,tabarena-diabetes,fold-8,8,binary_classification,1,0,42,nan,nan,0.5826305220883534,409,103,256,2.384185791015625e-06,5.293919086456299,ok,True,diabetes,roc_auc,0.2194779116465863,0.2052878179384203,45.0,0.3773427041499331,RT (pretrain_rel-amazon_user-churn.pt),bs=16 sl=128 d=256 blocks=12 heads=8 full=True qk_norm=False random_sampling=True steps=0 eval_batches=200 ckpt=pretrain_rel-amazon_user-churn.pt
diabetes,tabarena-diabetes,fold-9,9,binary_classification,1,0,42,nan,nan,0.5542622619928681,409,103,256,1.430511474609375e-06,4.899294137954712,ok,True,diabetes,roc_auc,0.1896656125950346,0.1746619121307946,45.0,0.37960034986207347,RT (pretrain_rel-amazon_user-churn.pt),bs=16 sl=128 d=256 blocks=12 heads=8 full=True qk_norm=False random_sampling=True steps=0 eval_batches=200 ckpt=pretrain_rel-amazon_user-churn.pt
diabetes,tabarena-diabetes,fold-10,10,binary_classification,1,0,42,nan,nan,0.4787727914956603,409,103,256,1.9073486328125e-06,5.151572227478027,ok,True,diabetes,roc_auc,0.1330821503061292,0.1141088609298257,45.0,0.3646639305658346,RT (pretrain_rel-amazon_user-churn.pt),bs=16 sl=128 d=256 blocks=12 heads=8 full=True qk_norm=False random_sampling=True steps=0 eval_batches=200 ckpt=pretrain_rel-amazon_user-churn.pt
diabetes,tabarena-diabetes,fold-11,11,binary_classification,1,0,42,nan,nan,0.5487617135207496,409,103,256,1.430511474609375e-06,5.443915128707886,ok,True,diabetes,roc_auc,0.1721552878179384,0.1692101740294511,45.0,0.37955153949129855,RT (pretrain_rel-amazon_user-churn.pt),bs=16 sl=128 d=256 blocks=12 heads=8 full=True qk_norm=False random_sampling=True steps=0 eval_batches=200 ckpt=pretrain_rel-amazon_user-churn.pt
diabetes,tabarena-diabetes,fold-12,12,binary_classification,1,0,42,nan,nan,0.5532194038888515,409,103,256,2.1457672119140625e-06,6.731268405914307,ok,True,diabetes,roc_auc,0.1941061696831056,0.1760748166588172,45.0,0.3771445872300343,RT (pretrain_rel-amazon_user-churn.pt),bs=16 sl=128 d=256 blocks=12 heads=8 full=True qk_norm=False random_sampling=True steps=0 eval_batches=200 ckpt=pretrain_rel-amazon_user-churn.pt
diabetes,tabarena-diabetes,fold-13,13,binary_classification,1,0,42,nan,nan,0.5495525802327929,409,103,256,2.6226043701171875e-06,5.019124269485474,ok,True,diabetes,roc_auc,0.1782950952028525,0.1581107448025297,45.0,0.3914418354302631,RT (pretrain_rel-amazon_user-churn.pt),bs=16 sl=128 d=256 blocks=12 heads=8 full=True qk_norm=False random_sampling=True steps=0 eval_batches=200 ckpt=pretrain_rel-amazon_user-churn.pt
diabetes,tabarena-diabetes,fold-14,14,binary_classification,1,0,42,nan,nan,0.49862784471218213,409,103,256,1.9073486328125e-06,4.939370632171631,ok,True,diabetes,roc_auc,0.1339357429718874,0.1220214190093706,45.0,0.37660642570281155,RT (pretrain_rel-amazon_user-churn.pt),bs=16 sl=128 d=256 blocks=12 heads=8 full=True qk_norm=False random_sampling=True steps=0 eval_batches=200 ckpt=pretrain_rel-amazon_user-churn.pt
diabetes,tabarena-diabetes,fold-15,15,binary_classification,1,0,42,nan,nan,0.5340442710085447,409,103,256,1.9073486328125e-06,4.207911729812622,ok,True,diabetes,roc_auc,0.1307945905940927,0.1112830518737805,45.0,0.42276121913476417,RT (pretrain_rel-amazon_user-churn.pt),bs=16 sl=128 d=256 blocks=12 heads=8 full=True qk_norm=False random_sampling=True steps=0 eval_batches=200 ckpt=pretrain_rel-amazon_user-churn.pt
diabetes,tabarena-diabetes,fold-16,16,binary_classification,1,0,42,nan,nan,0.484188925519747,409,103,256,2.384185791015625e-06,4.460845947265625,ok,True,diabetes,roc_auc,0.2201439816995223,0.1929623898270873,45.0,0.2912265356926597,RT (pretrain_rel-amazon_user-churn.pt),bs=16 sl=128 d=256 blocks=12 heads=8 full=True qk_norm=False random_sampling=True steps=0 eval_batches=200 ckpt=pretrain_rel-amazon_user-churn.pt
diabetes,tabarena-diabetes,fold-17,17,binary_classification,1,0,42,nan,nan,0.49032797858099064,409,103,256,2.6226043701171875e-06,5.208218812942505,ok,True,diabetes,roc_auc,0.1684738955823292,0.1572958500669343,45.0,0.33303212851405634,RT (pretrain_rel-amazon_user-churn.pt),bs=16 sl=128 d=256 blocks=12 heads=8 full=True qk_norm=False random_sampling=True steps=0 eval_batches=200 ckpt=pretrain_rel-amazon_user-churn.pt
diabetes,tabarena-diabetes,fold-18,18,binary_classification,1,0,42,nan,nan,0.5349525667765592,409,103,256,1.430511474609375e-06,4.859310865402222,ok,True,diabetes,roc_auc,0.1470766332503532,0.1202314472179236,45.0,0.4147211195586356,RT (pretrain_rel-amazon_user-churn.pt),bs=16 sl=128 d=256 blocks=12 heads=8 full=True qk_norm=False random_sampling=True steps=0 eval_batches=200 ckpt=pretrain_rel-amazon_user-churn.pt
diabetes,tabarena-diabetes,fold-19,19,binary_classification,1,0,42,nan,nan,0.5249949539123999,409,103,256,3.0994415283203125e-06,4.474950313568115,ok,True,diabetes,roc_auc,0.2214223238915427,0.1883872704030141,45.0,0.33660768350938586,RT (pretrain_rel-amazon_user-churn.pt),bs=16 sl=128 d=256 blocks=12 heads=8 full=True qk_norm=False random_sampling=True steps=0 eval_batches=200 ckpt=pretrain_rel-amazon_user-churn.pt
diabetes,tabarena-diabetes,fold-20,20,binary_classification,1,0,42,nan,nan,0.5168674698795181,409,103,256,1.430511474609375e-06,4.771078824996948,ok,True,diabetes,roc_auc,0.1534136546184739,0.1396921017402945,45.0,0.37717536813922364,RT (pretrain_rel-amazon_user-churn.pt),bs=16 sl=128 d=256 blocks=12 heads=8 full=True qk_norm=False random_sampling=True steps=0 eval_batches=200 ckpt=pretrain_rel-amazon_user-churn.pt
diabetes,tabarena-diabetes,fold-21,21,binary_classification,1,0,42,nan,nan,0.4875866245038014,409,103,256,1.1920928955078125e-06,4.626587629318237,ok,True,diabetes,roc_auc,0.1850232120029603,0.1795734373948732,45.0,0.3080131871089282,RT (pretrain_rel-amazon_user-churn.pt),bs=16 sl=128 d=256 blocks=12 heads=8 full=True qk_norm=False random_sampling=True steps=0 eval_batches=200 ckpt=pretrain_rel-amazon_user-churn.pt
diabetes,tabarena-diabetes,fold-22,22,binary_classification,1,0,42,nan,nan,0.5063580703761017,409,103,256,1.1920928955078125e-06,4.875915765762329,ok,True,diabetes,roc_auc,0.1628877077306062,0.1371190203861939,45.0,0.3692390499899078,RT (pretrain_rel-amazon_user-churn.pt),bs=16 sl=128 d=256 blocks=12 heads=8 full=True qk_norm=False random_sampling=True steps=0 eval_batches=200 ckpt=pretrain_rel-amazon_user-churn.pt
diabetes,tabarena-diabetes,fold-23,23,binary_classification,1,0,42,nan,nan,0.43507362784471215,409,103,256,1.6689300537109375e-06,5.295215129852295,ok,True,diabetes,roc_auc,0.1720214190093707,0.1383534136546185,45.0,0.29672021419009365,RT (pretrain_rel-amazon_user-churn.pt),bs=16 sl=128 d=256 blocks=12 heads=8 full=True qk_norm=False random_sampling=True steps=0 eval_batches=200 ckpt=pretrain_rel-amazon_user-churn.pt
diabetes,tabarena-diabetes,fold-24,24,binary_classification,1,0,42,nan,nan,0.5852452398573639,409,103,256,2.1457672119140625e-06,5.896013975143433,ok,True,diabetes,roc_auc,0.1998250689631973,0.1610038350265761,45.0,0.42424140483078776,RT (pretrain_rel-amazon_user-churn.pt),bs=16 sl=128 d=256 blocks=12 heads=8 full=True qk_norm=False random_sampling=True steps=0 eval_batches=200 ckpt=pretrain_rel-amazon_user-churn.pt
diabetes,tabarena-diabetes,fold-25,25,binary_classification,1,0,42,nan,nan,0.5292000269124671,409,103,256,2.6226043701171875e-06,5.366573095321655,ok,True,diabetes,roc_auc,0.1643006122586287,0.1400793917782412,45.0,0.38912063513422596,RT (pretrain_rel-amazon_user-churn.pt),bs=16 sl=128 d=256 blocks=12 heads=8 full=True qk_norm=False random_sampling=True steps=0 eval_batches=200 ckpt=pretrain_rel-amazon_user-churn.pt
diabetes,tabarena-diabetes,fold-26,26,binary_classification,1,0,42,nan,nan,0.5653949129852744,409,103,256,1.6689300537109375e-06,5.456420660018921,ok,True,diabetes,roc_auc,0.1664658634538152,0.1524765729585007,45.0,0.41291834002677374,RT (pretrain_rel-amazon_user-churn.pt),bs=16 sl=128 d=256 blocks=12 heads=8 full=True qk_norm=False random_sampling=True steps=0 eval_batches=200 ckpt=pretrain_rel-amazon_user-churn.pt
diabetes,tabarena-diabetes,fold-27,27,binary_classification,1,0,42,nan,nan,0.5544511378848729,409,103,256,1.6689300537109375e-06,4.704313516616821,ok,True,diabetes,roc_auc,0.1728246318607764,0.1467871485943774,45.0,0.4076639892904955,RT (pretrain_rel-amazon_user-churn.pt),bs=16 sl=128 d=256 blocks=12 heads=8 full=True qk_norm=False random_sampling=True steps=0 eval_batches=200 ckpt=pretrain_rel-amazon_user-churn.pt
diabetes,tabarena-diabetes,fold-28,28,binary_classification,1,0,42,nan,nan,0.4976451591199623,409,103,256,1.430511474609375e-06,5.134175062179565,ok,True,diabetes,roc_auc,0.1806499360828903,0.1597927740025566,45.0,0.33785238511740573,RT (pretrain_rel-amazon_user-churn.pt),bs=16 sl=128 d=256 blocks=12 heads=8 full=True qk_norm=False random_sampling=True steps=0 eval_batches=200 ckpt=pretrain_rel-amazon_user-churn.pt
diabetes,tabarena-diabetes,fold-29,29,binary_classification,1,0,42,nan,nan,0.5317903518805087,409,103,256,2.86102294921875e-06,6.139144420623779,ok,True,diabetes,roc_auc,0.1480858507703694,0.1369844580501917,45.0,0.39480589383031706,RT (pretrain_rel-amazon_user-churn.pt),bs=16 sl=128 d=256 blocks=12 heads=8 full=True qk_norm=False random_sampling=True steps=0 eval_batches=200 ckpt=pretrain_rel-amazon_user-churn.pt
diabetes130us,tabarena-diabetes130us,fold-0,0,binary_classification,1,0,42,nan,nan,0.5104170778356305,38142,9536,23840,2.384185791015625e-06,65.37745475769043,ok,True,Diabetes130US,roc_auc,0.342632035679012,0.3147409160675252,45.0,0.19567616176810532,RT (pretrain_rel-amazon_user-churn.pt),bs=16 sl=128 d=256 blocks=12 heads=8 full=True qk_norm=False random_sampling=True steps=0 eval_batches=200 ckpt=pretrain_rel-amazon_user-churn.pt
diabetes130us,tabarena-diabetes130us,fold-1,1,binary_classification,1,0,42,nan,nan,0.5059662695229901,38143,9536,23839,1.430511474609375e-06,55.77462434768677,ok,True,Diabetes130US,roc_auc,0.3600080464152217,0.3344243567002231,45.0,0.17154191282276698,RT (pretrain_rel-amazon_user-churn.pt),bs=16 sl=128 d=256 blocks=12 heads=8 full=True qk_norm=False random_sampling=True steps=0 eval_batches=200 ckpt=pretrain_rel-amazon_user-churn.pt
diabetes130us,tabarena-diabetes130us,fold-2,2,binary_classification,1,0,42,nan,nan,0.504678712223956,38143,9536,23839,1.430511474609375e-06,61.683258056640625,ok,True,Diabetes130US,roc_auc,0.3561806187051135,0.330002138881833,45.0,0.174676573342123,RT (pretrain_rel-amazon_user-churn.pt),bs=16 sl=128 d=256 blocks=12 heads=8 full=True qk_norm=False random_sampling=True steps=0 eval_batches=200 ckpt=pretrain_rel-amazon_user-churn.pt
diabetes130us,tabarena-diabetes130us,fold-3,3,binary_classification,1,0,42,nan,nan,0.49387881549846835,38142,9536,23840,2.6226043701171875e-06,60.75004553794861,ok,True,Diabetes130US,roc_auc,0.3368401767534845,0.3113146533675668,45.0,0.18256416213090154,RT (pretrain_rel-amazon_user-churn.pt),bs=16 sl=128 d=256 blocks=12 heads=8 full=True qk_norm=False random_sampling=True steps=0 eval_batches=200 ckpt=pretrain_rel-amazon_user-churn.pt
diabetes130us,tabarena-diabetes130us,fold-4,4,binary_classification,1,0,42,nan,nan,0.5347913901973079,38143,9536,23839,2.86102294921875e-06,63.899768590927124,ok,True,Diabetes130US,roc_auc,0.3557721525250797,0.3328211820531821,45.0,0.2019702081441258,RT (pretrain_rel-amazon_user-churn.pt),bs=16 sl=128 d=256 blocks=12 heads=8 full=True qk_norm=False random_sampling=True steps=0 eval_batches=200 ckpt=pretrain_rel-amazon_user-churn.pt
diabetes130us,tabarena-diabetes130us,fold-5,5,binary_classification,1,0,42,nan,nan,0.5082053675158833,38143,9536,23839,1.430511474609375e-06,56.75237846374512,ok,True,Diabetes130US,roc_auc,0.3561655241977121,0.3315500329316769,45.0,0.1766553345842064,RT (pretrain_rel-amazon_user-churn.pt),bs=16 sl=128 d=256 blocks=12 heads=8 full=True qk_norm=False random_sampling=True steps=0 eval_batches=200 ckpt=pretrain_rel-amazon_user-churn.pt
diabetes130us,tabarena-diabetes130us,fold-6,6,binary_classification,1,0,42,nan,nan,0.5192038333506772,38142,9536,23840,1.1920928955078125e-06,62.19099307060242,ok,True,Diabetes130US,roc_auc,0.3513335586699695,0.3243171677315715,45.0,0.19488666561910573,RT (pretrain_rel-amazon_user-churn.pt),bs=16 sl=128 d=256 blocks=12 heads=8 full=True qk_norm=False random_sampling=True steps=0 eval_batches=200 ckpt=pretrain_rel-amazon_user-churn.pt
diabetes130us,tabarena-diabetes130us,fold-7,7,binary_classification,1,0,42,nan,nan,0.5181497576791643,38143,9536,23839,1.6689300537109375e-06,54.23573136329651,ok,True,Diabetes130US,roc_auc,0.3505834254198903,0.3247906574377008,45.0,0.19335910024146347,RT (pretrain_rel-amazon_user-churn.pt),bs=16 sl=128 d=256 blocks=12 heads=8 full=True qk_norm=False random_sampling=True steps=0 eval_batches=200 ckpt=pretrain_rel-amazon_user-churn.pt
diabetes130us,tabarena-diabetes130us,fold-8,8,binary_classification,1,0,42,nan,nan,0.5005523310924125,38143,9536,23839,1.1920928955078125e-06,60.338552951812744,ok,True,Diabetes130US,roc_auc,0.3563411663851437,0.33249073754109,45.0,0.1680615935513225,RT (pretrain_rel-amazon_user-churn.pt),bs=16 sl=128 d=256 blocks=12 heads=8 full=True qk_norm=False random_sampling=True steps=0 eval_batches=200 ckpt=pretrain_rel-amazon_user-churn.pt
diamonds,tabarena-diamonds,fold-0,0,regression,1,0,42,nan,nan,3905.99072265625,10000,7192,17980,3.0994415283203125e-06,58.685046911239624,ok,True,diamonds,rmse,535.0955907690841,511.9583768160685,45.0,3394.0323458401817,RT (pretrain_rel-amazon_user-churn.pt),bs=16 sl=128 d=256 blocks=12 heads=8 full=True qk_norm=False random_sampling=True steps=0 eval_batches=200 ckpt=pretrain_rel-amazon_user-churn.pt
diamonds,tabarena-diamonds,fold-1,1,regression,1,0,42,nan,nan,4015.763427734375,10000,7192,17980,1.430511474609375e-06,57.646055936813354,ok,True,diamonds,rmse,538.1605330535481,507.5897406228831,45.0,3508.1736871114917,RT (pretrain_rel-amazon_user-churn.pt),bs=16 sl=128 d=256 blocks=12 heads=8 full=True qk_norm=False random_sampling=True steps=0 eval_batches=200 ckpt=pretrain_rel-amazon_user-churn.pt
diamonds,tabarena-diamonds,fold-2,2,regression,1,0,42,nan,nan,3891.9375,10000,7192,17980,2.86102294921875e-06,56.6123411655426,ok,True,diamonds,rmse,527.5911216351767,510.2040428692208,45.0,3381.7334571307792,RT (pretrain_rel-amazon_user-churn.pt),bs=16 sl=128 d=256 blocks=12 heads=8 full=True qk_norm=False random_sampling=True steps=0 eval_batches=200 ckpt=pretrain_rel-amazon_user-churn.pt
diamonds,tabarena-diamonds,fold-3,3,regression,1,0,42,nan,nan,4077.6044921875,10000,7192,17980,1.430511474609375e-06,61.15162181854248,ok,True,diamonds,rmse,546.9566991387418,526.6830053759813,45.0,3550.9214868115187,RT (pretrain_rel-amazon_user-churn.pt),bs=16 sl=128 d=256 blocks=12 heads=8 full=True qk_norm=False random_sampling=True steps=0 eval_batches=200 ckpt=pretrain_rel-amazon_user-churn.pt
diamonds,tabarena-diamonds,fold-4,4,regression,1,0,42,nan,nan,3915.7451171875,10000,7192,17980,2.6226043701171875e-06,60.75798940658569,ok,True,diamonds,rmse,524.8936655006306,501.12249674494063,45.0,3414.6226204425593,RT (pretrain_rel-amazon_user-churn.pt),bs=16 sl=128 d=256 blocks=12 heads=8 full=True qk_norm=False random_sampling=True steps=0 eval_batches=200 ckpt=pretrain_rel-amazon_user-churn.pt
diamonds,tabarena-diamonds,fold-5,5,regression,1,0,42,nan,nan,3935.5546875,10000,7192,17980,1.9073486328125e-06,53.69328022003174,ok,True,diamonds,rmse,521.2610766844654,501.6126644496342,45.0,3433.9420230503656,RT (pretrain_rel-amazon_user-churn.pt),bs=16 sl=128 d=256 blocks=12 heads=8 full=True qk_norm=False random_sampling=True steps=0 eval_batches=200 ckpt=pretrain_rel-amazon_user-churn.pt
diamonds,tabarena-diamonds,fold-6,6,regression,1,0,42,nan,nan,3879.87890625,10000,7192,17980,2.6226043701171875e-06,59.89022469520569,ok,True,diamonds,rmse,523.4964799222045,503.0673908343303,45.0,3376.81151541567,RT (pretrain_rel-amazon_user-churn.pt),bs=16 sl=128 d=256 blocks=12 heads=8 full=True qk_norm=False random_sampling=True steps=0 eval_batches=200 ckpt=pretrain_rel-amazon_user-churn.pt
diamonds,tabarena-diamonds,fold-7,7,regression,1,0,42,nan,nan,3920.3935546875,10000,7192,17980,3.0994415283203125e-06,58.87842631340027,ok,True,diamonds,rmse,528.469472342341,505.12936246941774,45.0,3415.2641922180824,RT (pretrain_rel-amazon_user-churn.pt),bs=16 sl=128 d=256 blocks=12 heads=8 full=True qk_norm=False random_sampling=True steps=0 eval_batches=200 ckpt=pretrain_rel-amazon_user-churn.pt
diamonds,tabarena-diamonds,fold-8,8,regression,1,0,42,nan,nan,4111.826171875,10000,7192,17980,2.384185791015625e-06,59.041240215301514,ok,True,diamonds,rmse,543.2172198445177,521.5925719522025,45.0,3590.2335999227976,RT (pretrain_rel-amazon_user-churn.pt),bs=16 sl=128 d=256 blocks=12 heads=8 full=True qk_norm=False random_sampling=True steps=0 eval_batches=200 ckpt=pretrain_rel-amazon_user-churn.pt
e-commereshippingdata,tabarena-e-commereshippingdata,fold-0,0,binary_classification,1,0,42,nan,nan,0.4845687401818005,5865,1467,3667,2.1457672119140625e-06,62.52750563621521,ok,True,E-CommereShippingData,roc_auc,0.2590721657130355,0.2529171348297245,45.0,0.23165160535207602,RT (pretrain_rel-amazon_user-churn.pt),bs=16 sl=128 d=256 blocks=12 heads=8 full=True qk_norm=False random_sampling=True steps=0 eval_batches=200 ckpt=pretrain_rel-amazon_user-churn.pt
e-commereshippingdata,tabarena-e-commereshippingdata,fold-1,1,binary_classification,1,0,42,nan,nan,0.49294673510316467,5866,1467,3666,1.9073486328125e-06,55.90678024291992,ok,True,E-CommereShippingData,roc_auc,0.265604088483622,0.2503580855595658,45.0,0.24258864954359888,RT (pretrain_rel-amazon_user-churn.pt),bs=16 sl=128 d=256 blocks=12 heads=8 full=True qk_norm=False random_sampling=True steps=0 eval_batches=200 ckpt=pretrain_rel-amazon_user-churn.pt
e-commereshippingdata,tabarena-e-commereshippingdata,fold-2,2,binary_classification,1,0,42,nan,nan,0.5060935572627298,5866,1467,3666,1.1920928955078125e-06,57.412792444229126,ok,True,E-CommereShippingData,roc_auc,0.2515614889507827,0.2490307066806036,45.0,0.2570628505821262,RT (pretrain_rel-amazon_user-churn.pt),bs=16 sl=128 d=256 blocks=12 heads=8 full=True qk_norm=False random_sampling=True steps=0 eval_batches=200 ckpt=pretrain_rel-amazon_user-churn.pt
e-commereshippingdata,tabarena-e-commereshippingdata,fold-3,3,binary_classification,1,0,42,nan,nan,0.5064706993316477,5865,1467,3667,2.384185791015625e-06,64.08291959762573,ok,True,E-CommereShippingData,roc_auc,0.2569200062298135,0.244046758210313,45.0,0.2624239411213347,RT (pretrain_rel-amazon_user-churn.pt),bs=16 sl=128 d=256 blocks=12 heads=8 full=True qk_norm=False random_sampling=True steps=0 eval_batches=200 ckpt=pretrain_rel-amazon_user-churn.pt
e-commereshippingdata,tabarena-e-commereshippingdata,fold-4,4,binary_classification,1,0,42,nan,nan,0.49018066555627315,5866,1467,3666,2.86102294921875e-06,59.677850008010864,ok,True,E-CommereShippingData,roc_auc,0.2563524625649068,0.2441256033030455,45.0,0.24605506225322765,RT (pretrain_rel-amazon_user-churn.pt),bs=16 sl=128 d=256 blocks=12 heads=8 full=True qk_norm=False random_sampling=True steps=0 eval_batches=200 ckpt=pretrain_rel-amazon_user-churn.pt
e-commereshippingdata,tabarena-e-commereshippingdata,fold-5,5,binary_classification,1,0,42,nan,nan,0.5165612707546876,5866,1467,3666,1.430511474609375e-06,63.134692430496216,ok,True,E-CommereShippingData,roc_auc,0.2645440371882163,0.2602689752248597,45.0,0.2562922955298279,RT (pretrain_rel-amazon_user-churn.pt),bs=16 sl=128 d=256 blocks=12 heads=8 full=True qk_norm=False random_sampling=True steps=0 eval_batches=200 ckpt=pretrain_rel-amazon_user-churn.pt
e-commereshippingdata,tabarena-e-commereshippingdata,fold-6,6,binary_classification,1,0,42,nan,nan,0.5238395245625628,5865,1467,3667,2.384185791015625e-06,57.49414372444153,ok,True,E-CommereShippingData,roc_auc,0.2607785659810163,0.2482110917871529,45.0,0.2756284327754099,RT (pretrain_rel-amazon_user-churn.pt),bs=16 sl=128 d=256 blocks=12 heads=8 full=True qk_norm=False random_sampling=True steps=0 eval_batches=200 ckpt=pretrain_rel-amazon_user-churn.pt
e-commereshippingdata,tabarena-e-commereshippingdata,fold-7,7,binary_classification,1,0,42,nan,nan,0.5082348789816753,5866,1467,3666,1.6689300537109375e-06,59.89650273323059,ok,True,E-CommereShippingData,roc_auc,0.2597876719614678,0.254733037629288,45.0,0.2535018413523873,RT (pretrain_rel-amazon_user-churn.pt),bs=16 sl=128 d=256 blocks=12 heads=8 full=True qk_norm=False random_sampling=True steps=0 eval_batches=200 ckpt=pretrain_rel-amazon_user-churn.pt
e-commereshippingdata,tabarena-e-commereshippingdata,fold-8,8,binary_classification,1,0,42,nan,nan,0.4984185556141276,5866,1467,3666,1.6689300537109375e-06,61.01542568206787,ok,True,E-CommereShippingData,roc_auc,0.271293305175057,0.2521122571665565,45.0,0.24630629844757113,RT (pretrain_rel-amazon_user-churn.pt),bs=16 sl=128 d=256 blocks=12 heads=8 full=True qk_norm=False random_sampling=True steps=0 eval_batches=200 ckpt=pretrain_rel-amazon_user-churn.pt
fitness-club,tabarena-fitness-club,fold-0,0,binary_classification,1,0,42,nan,nan,0.48014027525710823,800,200,500,2.1457672119140625e-06,10.27992057800293,ok,True,Fitness_Club,roc_auc,0.2068965517241379,0.1899198427102237,45.0,0.29022043254688457,RT (pretrain_rel-amazon_user-churn.pt),bs=16 sl=128 d=256 blocks=12 heads=8 full=True qk_norm=False random_sampling=True steps=0 eval_batches=200 ckpt=pretrain_rel-amazon_user-churn.pt
fitness-club,tabarena-fitness-club,fold-1,1,binary_classification,1,0,42,nan,nan,0.48908897702043685,800,200,500,2.6226043701171875e-06,9.936813831329346,ok,True,Fitness_Club,roc_auc,0.2010474582060379,0.176530863963263,45.0,0.31255811305717385,RT (pretrain_rel-amazon_user-churn.pt),bs=16 sl=128 d=256 blocks=12 heads=8 full=True qk_norm=False random_sampling=True steps=0 eval_batches=200 ckpt=pretrain_rel-amazon_user-churn.pt
fitness-club,tabarena-fitness-club,fold-2,2,binary_classification,1,0,42,nan,nan,0.5294977134290972,800,200,500,2.1457672119140625e-06,9.746936559677124,ok,True,Fitness_Club,roc_auc,0.1862369304920397,0.1652213514487941,45.0,0.3642763619803031,RT (pretrain_rel-amazon_user-churn.pt),bs=16 sl=128 d=256 blocks=12 heads=8 full=True qk_norm=False random_sampling=True steps=0 eval_batches=200 ckpt=pretrain_rel-amazon_user-churn.pt
fitness-club,tabarena-fitness-club,fold-3,3,binary_classification,1,0,42,nan,nan,0.4568682517694833,800,200,500,1.1920928955078125e-06,9.389939069747925,ok,True,Fitness_Club,roc_auc,0.1709709861667204,0.157593123209169,45.0,0.29927512856031435,RT (pretrain_rel-amazon_user-churn.pt),bs=16 sl=128 d=256 blocks=12 heads=8 full=True qk_norm=False random_sampling=True steps=0 eval_batches=200 ckpt=pretrain_rel-amazon_user-churn.pt
fitness-club,tabarena-fitness-club,fold-4,4,binary_classification,1,0,42,nan,nan,0.46889884058521036,800,200,500,3.0994415283203125e-06,9.750825881958008,ok,True,Fitness_Club,roc_auc,0.2098901307425189,0.1827359152925103,45.0,0.28616292529270004,RT (pretrain_rel-amazon_user-churn.pt),bs=16 sl=128 d=256 blocks=12 heads=8 full=True qk_norm=False random_sampling=True steps=0 eval_batches=200 ckpt=pretrain_rel-amazon_user-churn.pt
fitness-club,tabarena-fitness-club,fold-5,5,binary_classification,1,0,42,nan,nan,0.48446007259528134,800,200,500,2.384185791015625e-06,9.300495147705078,ok,True,Fitness_Club,roc_auc,0.2135133091349061,0.1863846037507561,45.0,0.29807546884452524,RT (pretrain_rel-amazon_user-churn.pt),bs=16 sl=128 d=256 blocks=12 heads=8 full=True qk_norm=False random_sampling=True steps=0 eval_batches=200 ckpt=pretrain_rel-amazon_user-churn.pt
fitness-club,tabarena-fitness-club,fold-6,6,binary_classification,1,0,42,nan,nan,0.455217366553445,800,200,500,1.430511474609375e-06,9.568870544433594,ok,True,Fitness_Club,roc_auc,0.20032638190478,0.1638171502305545,45.0,0.29140021632289054,RT (pretrain_rel-amazon_user-churn.pt),bs=16 sl=128 d=256 blocks=12 heads=8 full=True qk_norm=False random_sampling=True steps=0 eval_batches=200 ckpt=pretrain_rel-amazon_user-churn.pt
fitness-club,tabarena-fitness-club,fold-7,7,binary_classification,1,0,42,nan,nan,0.49244767452892846,800,200,500,1.430511474609375e-06,9.331772089004517,ok,True,Fitness_Club,roc_auc,0.1994155486821381,0.163532514848479,45.0,0.3289151596804495,RT (pretrain_rel-amazon_user-churn.pt),bs=16 sl=128 d=256 blocks=12 heads=8 full=True qk_norm=False random_sampling=True steps=0 eval_batches=200 ckpt=pretrain_rel-amazon_user-churn.pt
fitness-club,tabarena-fitness-club,fold-8,8,binary_classification,1,0,42,nan,nan,0.49468768905021177,800,200,500,1.6689300537109375e-06,9.47749924659729,ok,True,Fitness_Club,roc_auc,0.2150635208711434,0.1941734724742891,45.0,0.3005142165759227,RT (pretrain_rel-amazon_user-churn.pt),bs=16 sl=128 d=256 blocks=12 heads=8 full=True qk_norm=False random_sampling=True steps=0 eval_batches=200 ckpt=pretrain_rel-amazon_user-churn.pt
fitness-club,tabarena-fitness-club,fold-9,9,binary_classification,1,0,42,nan,nan,0.49324465359874003,800,200,500,2.6226043701171875e-06,10.174251079559326,ok,True,Fitness_Club,roc_auc,0.1828307937532022,0.1578777585912446,45.0,0.33536689500749545,RT (pretrain_rel-amazon_user-churn.pt),bs=16 sl=128 d=256 blocks=12 heads=8 full=True qk_norm=False random_sampling=True steps=0 eval_batches=200 ckpt=pretrain_rel-amazon_user-churn.pt
fitness-club,tabarena-fitness-club,fold-10,10,binary_classification,1,0,42,nan,nan,0.48699216303914683,800,200,500,1.430511474609375e-06,12.157683610916138,ok,True,Fitness_Club,roc_auc,0.2278221598132792,0.178523311637792,45.0,0.3084688514013548,RT (pretrain_rel-amazon_user-churn.pt),bs=16 sl=128 d=256 blocks=12 heads=8 full=True qk_norm=False random_sampling=True steps=0 eval_batches=200 ckpt=pretrain_rel-amazon_user-churn.pt
fitness-club,tabarena-fitness-club,fold-11,11,binary_classification,1,0,42,nan,nan,0.48428992740471877,800,200,500,3.0994415283203125e-06,10.07541799545288,ok,True,Fitness_Club,roc_auc,0.2168784029038112,0.1948540532365397,45.0,0.28943587416817906,RT (pretrain_rel-amazon_user-churn.pt),bs=16 sl=128 d=256 blocks=12 heads=8 full=True qk_norm=False random_sampling=True steps=0 eval_batches=200 ckpt=pretrain_rel-amazon_user-churn.pt
fitness-club,tabarena-fitness-club,fold-12,12,binary_classification,1,0,42,nan,nan,0.5372682593597602,800,200,500,1.430511474609375e-06,9.86510682106018,ok,True,Fitness_Club,roc_auc,0.1984098369988045,0.1849181198884228,45.0,0.3523501394713374,RT (pretrain_rel-amazon_user-churn.pt),bs=16 sl=128 d=256 blocks=12 heads=8 full=True qk_norm=False random_sampling=True steps=0 eval_batches=200 ckpt=pretrain_rel-amazon_user-churn.pt
fitness-club,tabarena-fitness-club,fold-13,13,binary_classification,1,0,42,nan,nan,0.5320214804835006,800,200,500,3.0994415283203125e-06,10.024523496627808,ok,True,Fitness_Club,roc_auc,0.2032296628019507,0.1710468889352737,45.0,0.3609745915482269,RT (pretrain_rel-amazon_user-churn.pt),bs=16 sl=128 d=256 blocks=12 heads=8 full=True qk_norm=False random_sampling=True steps=0 eval_batches=200 ckpt=pretrain_rel-amazon_user-churn.pt
fitness-club,tabarena-fitness-club,fold-14,14,binary_classification,1,0,42,nan,nan,0.45364488808227466,800,200,500,1.6689300537109375e-06,9.52609395980835,ok,True,Fitness_Club,roc_auc,0.2157913641863279,0.1715536146400484,45.0,0.2820912734422263,RT (pretrain_rel-amazon_user-churn.pt),bs=16 sl=128 d=256 blocks=12 heads=8 full=True qk_norm=False random_sampling=True steps=0 eval_batches=200 ckpt=pretrain_rel-amazon_user-churn.pt
fitness-club,tabarena-fitness-club,fold-15,15,binary_classification,1,0,42,nan,nan,0.5200573065902578,800,200,500,2.384185791015625e-06,9.800422430038452,ok,True,Fitness_Club,roc_auc,0.1936374504260043,0.1651264729881022,45.0,0.3549308336021556,RT (pretrain_rel-amazon_user-churn.pt),bs=16 sl=128 d=256 blocks=12 heads=8 full=True qk_norm=False random_sampling=True steps=0 eval_batches=200 ckpt=pretrain_rel-amazon_user-churn.pt
fitness-club,tabarena-fitness-club,fold-16,16,binary_classification,1,0,42,nan,nan,0.5059109281011025,800,200,500,1.430511474609375e-06,10.284066200256348,ok,True,Fitness_Club,roc_auc,0.2369494677318355,0.1978215905425151,45.0,0.30808933755858736,RT (pretrain_rel-amazon_user-churn.pt),bs=16 sl=128 d=256 blocks=12 heads=8 full=True qk_norm=False random_sampling=True steps=0 eval_batches=200 ckpt=pretrain_rel-amazon_user-churn.pt
fitness-club,tabarena-fitness-club,fold-17,17,binary_classification,1,0,42,nan,nan,0.4914832879612826,800,200,500,1.1920928955078125e-06,10.538397550582886,ok,True,Fitness_Club,roc_auc,0.2049115245009074,0.1689541742286751,45.0,0.3225291137326075,RT (pretrain_rel-amazon_user-churn.pt),bs=16 sl=128 d=256 blocks=12 heads=8 full=True qk_norm=False random_sampling=True steps=0 eval_batches=200 ckpt=pretrain_rel-amazon_user-churn.pt
fitness-club,tabarena-fitness-club,fold-18,18,binary_classification,1,0,42,nan,nan,0.4780546120419742,800,200,500,1.430511474609375e-06,10.357628107070923,ok,True,Fitness_Club,roc_auc,0.1939885007305641,0.1624698760887304,45.0,0.31558473595324377,RT (pretrain_rel-amazon_user-churn.pt),bs=16 sl=128 d=256 blocks=12 heads=8 full=True qk_norm=False random_sampling=True steps=0 eval_batches=200 ckpt=pretrain_rel-amazon_user-churn.pt
fitness-club,tabarena-fitness-club,fold-19,19,binary_classification,1,0,42,nan,nan,0.5216322890377427,800,200,500,1.430511474609375e-06,10.65262746810913,ok,True,Fitness_Club,roc_auc,0.2234387749293156,0.1966450976299361,45.0,0.32498719140780663,RT (pretrain_rel-amazon_user-churn.pt),bs=16 sl=128 d=256 blocks=12 heads=8 full=True qk_norm=False random_sampling=True steps=0 eval_batches=200 ckpt=pretrain_rel-amazon_user-churn.pt
fitness-club,tabarena-fitness-club,fold-20,20,binary_classification,1,0,42,nan,nan,0.46385359951603145,800,200,500,1.6689300537109375e-06,10.5121431350708,ok,True,Fitness_Club,roc_auc,0.1902412280701753,0.1691999395039322,45.0,0.29465366001209925,RT (pretrain_rel-amazon_user-churn.pt),bs=16 sl=128 d=256 blocks=12 heads=8 full=True qk_norm=False random_sampling=True steps=0 eval_batches=200 ckpt=pretrain_rel-amazon_user-churn.pt
fitness-club,tabarena-fitness-club,fold-21,21,binary_classification,1,0,42,nan,nan,0.4808725023245224,800,200,500,1.6689300537109375e-06,9.79859209060669,ok,True,Fitness_Club,roc_auc,0.1963035351714452,0.176170325812634,45.0,0.30470217651188836,RT (pretrain_rel-amazon_user-churn.pt),bs=16 sl=128 d=256 blocks=12 heads=8 full=True qk_norm=False random_sampling=True steps=0 eval_batches=200 ckpt=pretrain_rel-amazon_user-churn.pt
fitness-club,tabarena-fitness-club,fold-22,22,binary_classification,1,0,42,nan,nan,0.454505778098256,800,200,500,1.1920928955078125e-06,9.924987316131592,ok,True,Fitness_Club,roc_auc,0.2385244501793202,0.2036281523368565,45.0,0.2508776257613995,RT (pretrain_rel-amazon_user-churn.pt),bs=16 sl=128 d=256 blocks=12 heads=8 full=True qk_norm=False random_sampling=True steps=0 eval_batches=200 ckpt=pretrain_rel-amazon_user-churn.pt
fitness-club,tabarena-fitness-club,fold-23,23,binary_classification,1,0,42,nan,nan,0.48501777071990326,800,200,500,1.6689300537109375e-06,10.515532732009888,ok,True,Fitness_Club,roc_auc,0.1912053841500303,0.1562121899576528,45.0,0.32880558076225047,RT (pretrain_rel-amazon_user-churn.pt),bs=16 sl=128 d=256 blocks=12 heads=8 full=True qk_norm=False random_sampling=True steps=0 eval_batches=200 ckpt=pretrain_rel-amazon_user-churn.pt
fitness-club,tabarena-fitness-club,fold-24,24,binary_classification,1,0,42,nan,nan,0.48739035087719307,800,200,500,1.430511474609375e-06,10.13909363746643,ok,True,Fitness_Club,roc_auc,0.2103561705989111,0.1761758923169993,45.0,0.3112144585601938,RT (pretrain_rel-amazon_user-churn.pt),bs=16 sl=128 d=256 blocks=12 heads=8 full=True qk_norm=False random_sampling=True steps=0 eval_batches=200 ckpt=pretrain_rel-amazon_user-churn.pt
fitness-club,tabarena-fitness-club,fold-25,25,binary_classification,1,0,42,nan,nan,0.4854741076680773,800,200,500,1.6689300537109375e-06,12.195888996124268,ok,True,Fitness_Club,roc_auc,0.1940454278069792,0.1715782083151482,45.0,0.3138958993529291,RT (pretrain_rel-amazon_user-churn.pt),bs=16 sl=128 d=256 blocks=12 heads=8 full=True qk_norm=False random_sampling=True steps=0 eval_batches=200 ckpt=pretrain_rel-amazon_user-churn.pt
fitness-club,tabarena-fitness-club,fold-26,26,binary_classification,1,0,42,nan,nan,0.47157441317672066,800,200,500,2.384185791015625e-06,9.787209749221802,ok,True,Fitness_Club,roc_auc,0.2204216398793147,0.1825935976014725,45.0,0.28898081557524813,RT (pretrain_rel-amazon_user-churn.pt),bs=16 sl=128 d=256 blocks=12 heads=8 full=True qk_norm=False random_sampling=True steps=0 eval_batches=200 ckpt=pretrain_rel-amazon_user-churn.pt
fitness-club,tabarena-fitness-club,fold-27,27,binary_classification,1,0,42,nan,nan,0.5227900030248034,800,200,500,2.384185791015625e-06,10.503451108932495,ok,True,Fitness_Club,roc_auc,0.2113203266787658,0.1846453418027828,45.0,0.3381446612220206,RT (pretrain_rel-amazon_user-churn.pt),bs=16 sl=128 d=256 blocks=12 heads=8 full=True qk_norm=False random_sampling=True steps=0 eval_batches=200 ckpt=pretrain_rel-amazon_user-churn.pt
fitness-club,tabarena-fitness-club,fold-28,28,binary_classification,1,0,42,nan,nan,0.5112146340537771,800,200,500,1.6689300537109375e-06,10.160652160644531,ok,True,Fitness_Club,roc_auc,0.1953832141027345,0.1727547012277273,45.0,0.3384599328260498,RT (pretrain_rel-amazon_user-churn.pt),bs=16 sl=128 d=256 blocks=12 heads=8 full=True qk_norm=False random_sampling=True steps=0 eval_batches=200 ckpt=pretrain_rel-amazon_user-churn.pt
fitness-club,tabarena-fitness-club,fold-29,29,binary_classification,1,0,42,nan,nan,0.4938993149775138,800,200,500,2.384185791015625e-06,9.579175472259521,ok,True,Fitness_Club,roc_auc,0.2076415112241219,0.1783335547164083,45.0,0.3155657602611055,RT (pretrain_rel-amazon_user-churn.pt),bs=16 sl=128 d=256 blocks=12 heads=8 full=True qk_norm=False random_sampling=True steps=0 eval_batches=200 ckpt=pretrain_rel-amazon_user-churn.pt
food-delivery-time,tabarena-food-delivery-time,fold-0,0,regression,1,0,42,nan,nan,9.268997192382812,24240,6060,15151,2.6226043701171875e-06,60.89373302459717,ok,True,Food_Delivery_Time,rmse,7.661070346832275,7.394508361816406,45.0,1.8744888305664062,RT (pretrain_rel-amazon_user-churn.pt),bs=16 sl=128 d=256 blocks=12 heads=8 full=True qk_norm=False random_sampling=True steps=0 eval_batches=200 ckpt=pretrain_rel-amazon_user-churn.pt
food-delivery-time,tabarena-food-delivery-time,fold-1,1,regression,1,0,42,nan,nan,9.401598930358887,24240,6061,15150,1.6689300537109375e-06,59.848119497299194,ok,True,Food_Delivery_Time,rmse,7.617416858673096,7.369067192077637,45.0,2.03253173828125,RT (pretrain_rel-amazon_user-churn.pt),bs=16 sl=128 d=256 blocks=12 heads=8 full=True qk_norm=False random_sampling=True steps=0 eval_batches=200 ckpt=pretrain_rel-amazon_user-churn.pt
food-delivery-time,tabarena-food-delivery-time,fold-2,2,regression,1,0,42,nan,nan,9.285725593566895,24240,6061,15150,2.384185791015625e-06,59.437538623809814,ok,True,Food_Delivery_Time,rmse,7.559142589569092,7.329506026038339,45.0,1.9562195675285556,RT (pretrain_rel-amazon_user-churn.pt),bs=16 sl=128 d=256 blocks=12 heads=8 full=True qk_norm=False random_sampling=True steps=0 eval_batches=200 ckpt=pretrain_rel-amazon_user-churn.pt
food-delivery-time,tabarena-food-delivery-time,fold-3,3,regression,1,0,42,nan,nan,9.328113555908203,24240,6060,15151,1.6689300537109375e-06,59.776307106018066,ok,True,Food_Delivery_Time,rmse,7.673795223236084,7.404635429382324,45.0,1.923478126525879,RT (pretrain_rel-amazon_user-churn.pt),bs=16 sl=128 d=256 blocks=12 heads=8 full=True qk_norm=False random_sampling=True steps=0 eval_batches=200 ckpt=pretrain_rel-amazon_user-churn.pt
food-delivery-time,tabarena-food-delivery-time,fold-4,4,regression,1,0,42,nan,nan,9.355360984802246,24240,6061,15150,2.1457672119140625e-06,61.93834662437439,ok,True,Food_Delivery_Time,rmse,7.608145713806152,7.342092990875244,45.0,2.013267993927002,RT (pretrain_rel-amazon_user-churn.pt),bs=16 sl=128 d=256 blocks=12 heads=8 full=True qk_norm=False random_sampling=True steps=0 eval_batches=200 ckpt=pretrain_rel-amazon_user-churn.pt
food-delivery-time,tabarena-food-delivery-time,fold-5,5,regression,1,0,42,nan,nan,9.370879173278809,24240,6061,15150,3.337860107421875e-06,62.446186780929565,ok,True,Food_Delivery_Time,rmse,7.623459339141846,7.344154550745107,45.0,2.0267246225337017,RT (pretrain_rel-amazon_user-churn.pt),bs=16 sl=128 d=256 blocks=12 heads=8 full=True qk_norm=False random_sampling=True steps=0 eval_batches=200 ckpt=pretrain_rel-amazon_user-churn.pt
food-delivery-time,tabarena-food-delivery-time,fold-6,6,regression,1,0,42,nan,nan,9.333223342895508,24240,6060,15151,1.6689300537109375e-06,60.61161231994629,ok,True,Food_Delivery_Time,rmse,7.651459217071533,7.429119187402935,45.0,1.9041041554925728,RT (pretrain_rel-amazon_user-churn.pt),bs=16 sl=128 d=256 blocks=12 heads=8 full=True qk_norm=False random_sampling=True steps=0 eval_batches=200 ckpt=pretrain_rel-amazon_user-churn.pt
food-delivery-time,tabarena-food-delivery-time,fold-7,7,regression,1,0,42,nan,nan,9.354248046875,24240,6061,15150,1.430511474609375e-06,64.09595847129822,ok,True,Food_Delivery_Time,rmse,7.505482196807861,7.257156848907471,45.0,2.0970911979675293,RT (pretrain_rel-amazon_user-churn.pt),bs=16 sl=128 d=256 blocks=12 heads=8 full=True qk_norm=False random_sampling=True steps=0 eval_batches=200 ckpt=pretrain_rel-amazon_user-churn.pt
food-delivery-time,tabarena-food-delivery-time,fold-8,8,regression,1,0,42,nan,nan,9.339591026306152,24240,6061,15150,1.9073486328125e-06,59.75507831573486,ok,True,Food_Delivery_Time,rmse,7.640511035919189,7.375529766082764,45.0,1.9640612602233887,RT (pretrain_rel-amazon_user-churn.pt),bs=16 sl=128 d=256 blocks=12 heads=8 full=True qk_norm=False random_sampling=True steps=0 eval_batches=200 ckpt=pretrain_rel-amazon_user-churn.pt
givemesomecredit,tabarena-givemesomecredit,fold-0,0,binary_classification,1,0,42,nan,nan,0.4564976969819512,50000,20000,50000,2.86102294921875e-06,60.52654314041138,ok,True,GiveMeSomeCredit,roc_auc,0.1307666294219964,0.1292955816698351,45.0,0.32720211531211607,RT (pretrain_rel-amazon_user-churn.pt),bs=16 sl=128 d=256 blocks=12 heads=8 full=True qk_norm=False random_sampling=True steps=0 eval_batches=200 ckpt=pretrain_rel-amazon_user-churn.pt
givemesomecredit,tabarena-givemesomecredit,fold-1,1,binary_classification,1,0,42,nan,nan,0.43817618126368063,50000,20000,50000,1.6689300537109375e-06,62.57973885536194,ok,True,GiveMeSomeCredit,roc_auc,0.135937623732584,0.134503137015007,45.0,0.30367304424867364,RT (pretrain_rel-amazon_user-churn.pt),bs=16 sl=128 d=256 blocks=12 heads=8 full=True qk_norm=False random_sampling=True steps=0 eval_batches=200 ckpt=pretrain_rel-amazon_user-churn.pt
givemesomecredit,tabarena-givemesomecredit,fold-2,2,binary_classification,1,0,42,nan,nan,0.47438878498374026,50000,20000,50000,3.5762786865234375e-06,47.40527558326721,ok,True,GiveMeSomeCredit,roc_auc,0.137331541233395,0.1345064301374872,45.0,0.33988235484625307,RT (pretrain_rel-amazon_user-churn.pt),bs=16 sl=128 d=256 blocks=12 heads=8 full=True qk_norm=False random_sampling=True steps=0 eval_batches=200 ckpt=pretrain_rel-amazon_user-churn.pt
givemesomecredit,tabarena-givemesomecredit,fold-3,3,binary_classification,1,0,42,nan,nan,0.4795745964931629,50000,20000,50000,1.9073486328125e-06,58.021167039871216,ok,True,GiveMeSomeCredit,roc_auc,0.1342512564336455,0.1324052288089716,45.0,0.3471693676841913,RT (pretrain_rel-amazon_user-churn.pt),bs=16 sl=128 d=256 blocks=12 heads=8 full=True qk_norm=False random_sampling=True steps=0 eval_batches=200 ckpt=pretrain_rel-amazon_user-churn.pt
givemesomecredit,tabarena-givemesomecredit,fold-4,4,binary_classification,1,0,42,nan,nan,0.4661723640897679,50000,20000,50000,1.6689300537109375e-06,42.6206419467926,ok,True,GiveMeSomeCredit,roc_auc,0.1319660410644614,0.1302036209135428,45.0,0.33596874317622516,RT (pretrain_rel-amazon_user-churn.pt),bs=16 sl=128 d=256 blocks=12 heads=8 full=True qk_norm=False random_sampling=True steps=0 eval_batches=200 ckpt=pretrain_rel-amazon_user-churn.pt
givemesomecredit,tabarena-givemesomecredit,fold-5,5,binary_classification,1,0,42,nan,nan,0.48255925274072164,50000,20000,50000,1.6689300537109375e-06,60.44069266319275,ok,True,GiveMeSomeCredit,roc_auc,0.1376968020657543,0.1356248508475246,45.0,0.346934401893197,RT (pretrain_rel-amazon_user-churn.pt),bs=16 sl=128 d=256 blocks=12 heads=8 full=True qk_norm=False random_sampling=True steps=0 eval_batches=200 ckpt=pretrain_rel-amazon_user-churn.pt
givemesomecredit,tabarena-givemesomecredit,fold-6,6,binary_classification,1,0,42,nan,nan,0.48959697567087745,50000,20000,50000,2.384185791015625e-06,58.063544273376465,ok,True,GiveMeSomeCredit,roc_auc,0.1341978033160762,0.1330788855914483,45.0,0.35651809007942914,RT (pretrain_rel-amazon_user-churn.pt),bs=16 sl=128 d=256 blocks=12 heads=8 full=True qk_norm=False random_sampling=True steps=0 eval_batches=200 ckpt=pretrain_rel-amazon_user-churn.pt
givemesomecredit,tabarena-givemesomecredit,fold-7,7,binary_classification,1,0,42,nan,nan,0.46698650050012325,50000,20000,50000,2.1457672119140625e-06,53.193816900253296,ok,True,GiveMeSomeCredit,roc_auc,0.1344527076700753,0.1321801806024042,45.0,0.33480631989771903,RT (pretrain_rel-amazon_user-churn.pt),bs=16 sl=128 d=256 blocks=12 heads=8 full=True qk_norm=False random_sampling=True steps=0 eval_batches=200 ckpt=pretrain_rel-amazon_user-churn.pt
givemesomecredit,tabarena-givemesomecredit,fold-8,8,binary_classification,1,0,42,nan,nan,0.4588145009719089,50000,20000,50000,1.430511474609375e-06,55.50713229179382,ok,True,GiveMeSomeCredit,roc_auc,0.1344876237466927,0.1329698886884841,45.0,0.32584461228342476,RT (pretrain_rel-amazon_user-churn.pt),bs=16 sl=128 d=256 blocks=12 heads=8 full=True qk_norm=False random_sampling=True steps=0 eval_batches=200 ckpt=pretrain_rel-amazon_user-churn.pt
hazelnut-spread-contaminant-detection,tabarena-hazelnut-spread-contaminant-detection,fold-0,0,binary_classification,1,0,42,nan,nan,0.54563125,1280,320,800,3.337860107421875e-06,15.050734519958496,ok,True,hazelnut-spread-contaminant-detection,roc_auc,0.0331312499999999,0.01004375,45.0,0.5355875,RT (pretrain_rel-amazon_user-churn.pt),bs=16 sl=128 d=256 blocks=12 heads=8 full=True qk_norm=False random_sampling=True steps=0 eval_batches=200 ckpt=pretrain_rel-amazon_user-churn.pt
hazelnut-spread-contaminant-detection,tabarena-hazelnut-spread-contaminant-detection,fold-1,1,binary_classification,1,0,42,nan,nan,0.568134375,1280,320,800,1.6689300537109375e-06,13.908143520355225,ok,True,hazelnut-spread-contaminant-detection,roc_auc,0.02900625,0.011375,45.0,0.556759375,RT (pretrain_rel-amazon_user-churn.pt),bs=16 sl=128 d=256 blocks=12 heads=8 full=True qk_norm=False random_sampling=True steps=0 eval_batches=200 ckpt=pretrain_rel-amazon_user-churn.pt
hazelnut-spread-contaminant-detection,tabarena-hazelnut-spread-contaminant-detection,fold-2,2,binary_classification,1,0,42,nan,nan,0.53421875,1280,320,800,1.430511474609375e-06,16.16933012008667,ok,True,hazelnut-spread-contaminant-detection,roc_auc,0.0263687499999999,0.0044312499999999,45.0,0.5297875000000001,RT (pretrain_rel-amazon_user-churn.pt),bs=16 sl=128 d=256 blocks=12 heads=8 full=True qk_norm=False random_sampling=True steps=0 eval_batches=200 ckpt=pretrain_rel-amazon_user-churn.pt
hazelnut-spread-contaminant-detection,tabarena-hazelnut-spread-contaminant-detection,fold-3,3,binary_classification,1,0,42,nan,nan,0.546025,1280,320,800,1.1920928955078125e-06,13.507831811904907,ok,True,hazelnut-spread-contaminant-detection,roc_auc,0.02924375,0.00864375,45.0,0.53738125,RT (pretrain_rel-amazon_user-churn.pt),bs=16 sl=128 d=256 blocks=12 heads=8 full=True qk_norm=False random_sampling=True steps=0 eval_batches=200 ckpt=pretrain_rel-amazon_user-churn.pt
hazelnut-spread-contaminant-detection,tabarena-hazelnut-spread-contaminant-detection,fold-4,4,binary_classification,1,0,42,nan,nan,0.555271875,1280,320,800,1.6689300537109375e-06,13.953740119934082,ok,True,hazelnut-spread-contaminant-detection,roc_auc,0.0196749999999999,0.0049999999999998,45.0,0.5502718750000002,RT (pretrain_rel-amazon_user-churn.pt),bs=16 sl=128 d=256 blocks=12 heads=8 full=True qk_norm=False random_sampling=True steps=0 eval_batches=200 ckpt=pretrain_rel-amazon_user-churn.pt
hazelnut-spread-contaminant-detection,tabarena-hazelnut-spread-contaminant-detection,fold-5,5,binary_classification,1,0,42,nan,nan,0.54813125,1280,320,800,1.430511474609375e-06,13.966318607330322,ok,True,hazelnut-spread-contaminant-detection,roc_auc,0.030725,0.00635,45.0,0.54178125,RT (pretrain_rel-amazon_user-churn.pt),bs=16 sl=128 d=256 blocks=12 heads=8 full=True qk_norm=False random_sampling=True steps=0 eval_batches=200 ckpt=pretrain_rel-amazon_user-churn.pt
hazelnut-spread-contaminant-detection,tabarena-hazelnut-spread-contaminant-detection,fold-6,6,binary_classification,1,0,42,nan,nan,0.5532875,1280,320,800,4.0531158447265625e-06,13.657455205917358,ok,True,hazelnut-spread-contaminant-detection,roc_auc,0.0293874999999999,0.00598125,45.0,0.54730625,RT (pretrain_rel-amazon_user-churn.pt),bs=16 sl=128 d=256 blocks=12 heads=8 full=True qk_norm=False random_sampling=True steps=0 eval_batches=200 ckpt=pretrain_rel-amazon_user-churn.pt
hazelnut-spread-contaminant-detection,tabarena-hazelnut-spread-contaminant-detection,fold-7,7,binary_classification,1,0,42,nan,nan,0.556353125,1280,320,800,1.6689300537109375e-06,13.795417070388794,ok,True,hazelnut-spread-contaminant-detection,roc_auc,0.0347124999999999,0.0083937499999999,45.0,0.5479593750000001,RT (pretrain_rel-amazon_user-churn.pt),bs=16 sl=128 d=256 blocks=12 heads=8 full=True qk_norm=False random_sampling=True steps=0 eval_batches=200 ckpt=pretrain_rel-amazon_user-churn.pt
hazelnut-spread-contaminant-detection,tabarena-hazelnut-spread-contaminant-detection,fold-8,8,binary_classification,1,0,42,nan,nan,0.5586093750000001,1280,320,800,3.814697265625e-06,13.395639181137085,ok,True,hazelnut-spread-contaminant-detection,roc_auc,0.02223125,0.0056374999999999,45.0,0.5529718750000002,RT (pretrain_rel-amazon_user-churn.pt),bs=16 sl=128 d=256 blocks=12 heads=8 full=True qk_norm=False random_sampling=True steps=0 eval_batches=200 ckpt=pretrain_rel-amazon_user-churn.pt
hazelnut-spread-contaminant-detection,tabarena-hazelnut-spread-contaminant-detection,fold-9,9,binary_classification,1,0,42,nan,nan,0.56541875,1280,320,800,1.1920928955078125e-06,13.240568399429321,ok,True,hazelnut-spread-contaminant-detection,roc_auc,0.02261875,0.00475,45.0,0.5606687499999999,RT (pretrain_rel-amazon_user-churn.pt),bs=16 sl=128 d=256 blocks=12 heads=8 full=True qk_norm=False random_sampling=True steps=0 eval_batches=200 ckpt=pretrain_rel-amazon_user-churn.pt
hazelnut-spread-contaminant-detection,tabarena-hazelnut-spread-contaminant-detection,fold-10,10,binary_classification,1,0,42,nan,nan,0.5468906250000001,1280,320,800,1.9073486328125e-06,13.94882845878601,ok,True,hazelnut-spread-contaminant-detection,roc_auc,0.0248625,0.00675625,45.0,0.540134375,RT (pretrain_rel-amazon_user-churn.pt),bs=16 sl=128 d=256 blocks=12 heads=8 full=True qk_norm=False random_sampling=True steps=0 eval_batches=200 ckpt=pretrain_rel-amazon_user-churn.pt
hazelnut-spread-contaminant-detection,tabarena-hazelnut-spread-contaminant-detection,fold-11,11,binary_classification,1,0,42,nan,nan,0.5464718749999999,1280,320,800,2.86102294921875e-06,13.729677438735962,ok,True,hazelnut-spread-contaminant-detection,roc_auc,0.0334249999999999,0.0108187499999998,45.0,0.5356531250000002,RT (pretrain_rel-amazon_user-churn.pt),bs=16 sl=128 d=256 blocks=12 heads=8 full=True qk_norm=False random_sampling=True steps=0 eval_batches=200 ckpt=pretrain_rel-amazon_user-churn.pt
hazelnut-spread-contaminant-detection,tabarena-hazelnut-spread-contaminant-detection,fold-12,12,binary_classification,1,0,42,nan,nan,0.56435625,1280,320,800,2.1457672119140625e-06,12.929618835449219,ok,True,hazelnut-spread-contaminant-detection,roc_auc,0.0244999999999999,0.0083437499999998,45.0,0.5560125000000002,RT (pretrain_rel-amazon_user-churn.pt),bs=16 sl=128 d=256 blocks=12 heads=8 full=True qk_norm=False random_sampling=True steps=0 eval_batches=200 ckpt=pretrain_rel-amazon_user-churn.pt
hazelnut-spread-contaminant-detection,tabarena-hazelnut-spread-contaminant-detection,fold-13,13,binary_classification,1,0,42,nan,nan,0.5606625000000001,1280,320,800,2.86102294921875e-06,13.675937175750732,ok,True,hazelnut-spread-contaminant-detection,roc_auc,0.0296374999999999,0.00931875,45.0,0.55134375,RT (pretrain_rel-amazon_user-churn.pt),bs=16 sl=128 d=256 blocks=12 heads=8 full=True qk_norm=False random_sampling=True steps=0 eval_batches=200 ckpt=pretrain_rel-amazon_user-churn.pt
hazelnut-spread-contaminant-detection,tabarena-hazelnut-spread-contaminant-detection,fold-14,14,binary_classification,1,0,42,nan,nan,0.5450124999999999,1280,320,800,1.6689300537109375e-06,17.2918541431427,ok,True,hazelnut-spread-contaminant-detection,roc_auc,0.0278,0.00351875,45.0,0.5414937499999999,RT (pretrain_rel-amazon_user-churn.pt),bs=16 sl=128 d=256 blocks=12 heads=8 full=True qk_norm=False random_sampling=True steps=0 eval_batches=200 ckpt=pretrain_rel-amazon_user-churn.pt
hazelnut-spread-contaminant-detection,tabarena-hazelnut-spread-contaminant-detection,fold-15,15,binary_classification,1,0,42,nan,nan,0.567684375,1280,320,800,2.1457672119140625e-06,13.744334697723389,ok,True,hazelnut-spread-contaminant-detection,roc_auc,0.0177374999999999,0.0045187499999999,45.0,0.5631656250000001,RT (pretrain_rel-amazon_user-churn.pt),bs=16 sl=128 d=256 blocks=12 heads=8 full=True qk_norm=False random_sampling=True steps=0 eval_batches=200 ckpt=pretrain_rel-amazon_user-churn.pt
hazelnut-spread-contaminant-detection,tabarena-hazelnut-spread-contaminant-detection,fold-16,16,binary_classification,1,0,42,nan,nan,0.528490625,1280,320,800,1.9073486328125e-06,12.746863603591919,ok,True,hazelnut-spread-contaminant-detection,roc_auc,0.0267875,0.00805,45.0,0.520440625,RT (pretrain_rel-amazon_user-churn.pt),bs=16 sl=128 d=256 blocks=12 heads=8 full=True qk_norm=False random_sampling=True steps=0 eval_batches=200 ckpt=pretrain_rel-amazon_user-churn.pt
hazelnut-spread-contaminant-detection,tabarena-hazelnut-spread-contaminant-detection,fold-17,17,binary_classification,1,0,42,nan,nan,0.573890625,1280,320,800,1.430511474609375e-06,15.020974159240723,ok,True,hazelnut-spread-contaminant-detection,roc_auc,0.0300312499999999,0.00968125,45.0,0.564209375,RT (pretrain_rel-amazon_user-churn.pt),bs=16 sl=128 d=256 blocks=12 heads=8 full=True qk_norm=False random_sampling=True steps=0 eval_batches=200 ckpt=pretrain_rel-amazon_user-churn.pt
hazelnut-spread-contaminant-detection,tabarena-hazelnut-spread-contaminant-detection,fold-18,18,binary_classification,1,0,42,nan,nan,0.5695687500000001,1280,320,800,9.5367431640625e-07,14.581256866455078,ok,True,hazelnut-spread-contaminant-detection,roc_auc,0.0266812499999999,0.0045312499999999,45.0,0.5650375000000002,RT (pretrain_rel-amazon_user-churn.pt),bs=16 sl=128 d=256 blocks=12 heads=8 full=True qk_norm=False random_sampling=True steps=0 eval_batches=200 ckpt=pretrain_rel-amazon_user-churn.pt
hazelnut-spread-contaminant-detection,tabarena-hazelnut-spread-contaminant-detection,fold-19,19,binary_classification,1,0,42,nan,nan,0.5386437500000001,1280,320,800,1.6689300537109375e-06,14.761614799499512,ok,True,hazelnut-spread-contaminant-detection,roc_auc,0.033275,0.0080062499999999,45.0,0.5306375000000002,RT (pretrain_rel-amazon_user-churn.pt),bs=16 sl=128 d=256 blocks=12 heads=8 full=True qk_norm=False random_sampling=True steps=0 eval_batches=200 ckpt=pretrain_rel-amazon_user-churn.pt
hazelnut-spread-contaminant-detection,tabarena-hazelnut-spread-contaminant-detection,fold-20,20,binary_classification,1,0,42,nan,nan,0.5623281250000001,1280,320,800,1.430511474609375e-06,14.543741226196289,ok,True,hazelnut-spread-contaminant-detection,roc_auc,0.0257812499999999,0.0058,45.0,0.556528125,RT (pretrain_rel-amazon_user-churn.pt),bs=16 sl=128 d=256 blocks=12 heads=8 full=True qk_norm=False random_sampling=True steps=0 eval_batches=200 ckpt=pretrain_rel-amazon_user-churn.pt
hazelnut-spread-contaminant-detection,tabarena-hazelnut-spread-contaminant-detection,fold-21,21,binary_classification,1,0,42,nan,nan,0.532615625,1280,320,800,2.384185791015625e-06,14.423218250274658,ok,True,hazelnut-spread-contaminant-detection,roc_auc,0.02369375,0.0052875000000001,45.0,0.5273281249999999,RT (pretrain_rel-amazon_user-churn.pt),bs=16 sl=128 d=256 blocks=12 heads=8 full=True qk_norm=False random_sampling=True steps=0 eval_batches=200 ckpt=pretrain_rel-amazon_user-churn.pt
hazelnut-spread-contaminant-detection,tabarena-hazelnut-spread-contaminant-detection,fold-22,22,binary_classification,1,0,42,nan,nan,0.546309375,1280,320,800,1.9073486328125e-06,14.884676933288574,ok,True,hazelnut-spread-contaminant-detection,roc_auc,0.0289187499999999,0.0074749999999998,45.0,0.5388343750000002,RT (pretrain_rel-amazon_user-churn.pt),bs=16 sl=128 d=256 blocks=12 heads=8 full=True qk_norm=False random_sampling=True steps=0 eval_batches=200 ckpt=pretrain_rel-amazon_user-churn.pt
hazelnut-spread-contaminant-detection,tabarena-hazelnut-spread-contaminant-detection,fold-23,23,binary_classification,1,0,42,nan,nan,0.545509375,1280,320,800,1.6689300537109375e-06,14.2569420337677,ok,True,hazelnut-spread-contaminant-detection,roc_auc,0.0236249999999998,0.0075999999999999,45.0,0.537909375,RT (pretrain_rel-amazon_user-churn.pt),bs=16 sl=128 d=256 blocks=12 heads=8 full=True qk_norm=False random_sampling=True steps=0 eval_batches=200 ckpt=pretrain_rel-amazon_user-churn.pt
hazelnut-spread-contaminant-detection,tabarena-hazelnut-spread-contaminant-detection,fold-24,24,binary_classification,1,0,42,nan,nan,0.5985281250000001,1280,320,800,1.6689300537109375e-06,14.167111158370972,ok,True,hazelnut-spread-contaminant-detection,roc_auc,0.0282875,0.0102499999999999,45.0,0.5882781250000002,RT (pretrain_rel-amazon_user-churn.pt),bs=16 sl=128 d=256 blocks=12 heads=8 full=True qk_norm=False random_sampling=True steps=0 eval_batches=200 ckpt=pretrain_rel-amazon_user-churn.pt
hazelnut-spread-contaminant-detection,tabarena-hazelnut-spread-contaminant-detection,fold-25,25,binary_classification,1,0,42,nan,nan,0.6017187500000001,1280,320,800,3.5762786865234375e-06,17.19369649887085,ok,True,hazelnut-spread-contaminant-detection,roc_auc,0.0339875,0.0042562499999999,45.0,0.5974625000000002,RT (pretrain_rel-amazon_user-churn.pt),bs=16 sl=128 d=256 blocks=12 heads=8 full=True qk_norm=False random_sampling=True steps=0 eval_batches=200 ckpt=pretrain_rel-amazon_user-churn.pt
hazelnut-spread-contaminant-detection,tabarena-hazelnut-spread-contaminant-detection,fold-26,26,binary_classification,1,0,42,nan,nan,0.5792375000000001,1280,320,800,1.6689300537109375e-06,13.853940725326538,ok,True,hazelnut-spread-contaminant-detection,roc_auc,0.0209749999999999,0.0085937499999998,45.0,0.5706437500000002,RT (pretrain_rel-amazon_user-churn.pt),bs=16 sl=128 d=256 blocks=12 heads=8 full=True qk_norm=False random_sampling=True steps=0 eval_batches=200 ckpt=pretrain_rel-amazon_user-churn.pt
hazelnut-spread-contaminant-detection,tabarena-hazelnut-spread-contaminant-detection,fold-27,27,binary_classification,1,0,42,nan,nan,0.5287125,1280,320,800,3.337860107421875e-06,13.726842880249023,ok,True,hazelnut-spread-contaminant-detection,roc_auc,0.0246312499999999,0.0071124999999999,45.0,0.5216000000000002,RT (pretrain_rel-amazon_user-churn.pt),bs=16 sl=128 d=256 blocks=12 heads=8 full=True qk_norm=False random_sampling=True steps=0 eval_batches=200 ckpt=pretrain_rel-amazon_user-churn.pt
hazelnut-spread-contaminant-detection,tabarena-hazelnut-spread-contaminant-detection,fold-28,28,binary_classification,1,0,42,nan,nan,0.6001375,1280,320,800,1.430511474609375e-06,14.018380880355835,ok,True,hazelnut-spread-contaminant-detection,roc_auc,0.02255625,0.0069187499999998,45.0,0.5932187500000002,RT (pretrain_rel-amazon_user-churn.pt),bs=16 sl=128 d=256 blocks=12 heads=8 full=True qk_norm=False random_sampling=True steps=0 eval_batches=200 ckpt=pretrain_rel-amazon_user-churn.pt
hazelnut-spread-contaminant-detection,tabarena-hazelnut-spread-contaminant-detection,fold-29,29,binary_classification,1,0,42,nan,nan,0.5537218749999999,1280,320,800,1.430511474609375e-06,14.11189341545105,ok,True,hazelnut-spread-contaminant-detection,roc_auc,0.0351249999999999,0.0076062499999999,45.0,0.546115625,RT (pretrain_rel-amazon_user-churn.pt),bs=16 sl=128 d=256 blocks=12 heads=8 full=True qk_norm=False random_sampling=True steps=0 eval_batches=200 ckpt=pretrain_rel-amazon_user-churn.pt
healthcare-insurance-expenses,tabarena-healthcare-insurance-expenses,fold-0,0,regression,1,0,42,nan,nan,11968.41015625,713,179,446,2.6226043701171875e-06,8.134265899658203,ok,True,healthcare_insurance_expenses,rmse,4235.509729780342,4051.243121262965,45.0,7917.167034987035,RT (pretrain_rel-amazon_user-churn.pt),bs=16 sl=128 d=256 blocks=12 heads=8 full=True qk_norm=False random_sampling=True steps=0 eval_batches=200 ckpt=pretrain_rel-amazon_user-churn.pt
healthcare-insurance-expenses,tabarena-healthcare-insurance-expenses,fold-1,1,regression,1,0,42,nan,nan,13355.2802734375,713,179,446,1.430511474609375e-06,8.205371618270874,ok,True,healthcare_insurance_expenses,rmse,5195.334947490173,5085.522878734649,45.0,8269.75739470285,RT (pretrain_rel-amazon_user-churn.pt),bs=16 sl=128 d=256 blocks=12 heads=8 full=True qk_norm=False random_sampling=True steps=0 eval_batches=200 ckpt=pretrain_rel-amazon_user-churn.pt
healthcare-insurance-expenses,tabarena-healthcare-insurance-expenses,fold-2,2,regression,1,0,42,nan,nan,12654.76953125,713,179,446,1.430511474609375e-06,8.978929042816162,ok,True,healthcare_insurance_expenses,rmse,4430.22835810586,4200.877065650213,45.0,8453.892465599787,RT (pretrain_rel-amazon_user-churn.pt),bs=16 sl=128 d=256 blocks=12 heads=8 full=True qk_norm=False random_sampling=True steps=0 eval_batches=200 ckpt=pretrain_rel-amazon_user-churn.pt
healthcare-insurance-expenses,tabarena-healthcare-insurance-expenses,fold-3,3,regression,1,0,42,nan,nan,13560.935546875,713,179,446,1.6689300537109375e-06,8.762834548950195,ok,True,healthcare_insurance_expenses,rmse,4344.608165689371,4121.156104461971,45.0,9439.77944241303,RT (pretrain_rel-amazon_user-churn.pt),bs=16 sl=128 d=256 blocks=12 heads=8 full=True qk_norm=False random_sampling=True steps=0 eval_batches=200 ckpt=pretrain_rel-amazon_user-churn.pt
healthcare-insurance-expenses,tabarena-healthcare-insurance-expenses,fold-4,4,regression,1,0,42,nan,nan,13112.751953125,713,179,446,1.430511474609375e-06,7.2915544509887695,ok,True,healthcare_insurance_expenses,rmse,5124.386969883266,5025.931661352429,45.0,8086.820291772571,RT (pretrain_rel-amazon_user-churn.pt),bs=16 sl=128 d=256 blocks=12 heads=8 full=True qk_norm=False random_sampling=True steps=0 eval_batches=200 ckpt=pretrain_rel-amazon_user-churn.pt
healthcare-insurance-expenses,tabarena-healthcare-insurance-expenses,fold-5,5,regression,1,0,42,nan,nan,11621.7392578125,713,179,446,1.6689300537109375e-06,8.015743732452393,ok,True,healthcare_insurance_expenses,rmse,4382.457827600403,4219.142441802528,45.0,7402.596816009972,RT (pretrain_rel-amazon_user-churn.pt),bs=16 sl=128 d=256 blocks=12 heads=8 full=True qk_norm=False random_sampling=True steps=0 eval_batches=200 ckpt=pretrain_rel-amazon_user-churn.pt
healthcare-insurance-expenses,tabarena-healthcare-insurance-expenses,fold-6,6,regression,1,0,42,nan,nan,13065.6357421875,713,179,446,1.430511474609375e-06,7.772282600402832,ok,True,healthcare_insurance_expenses,rmse,4684.737615306317,4385.302749575574,45.0,8680.332992611926,RT (pretrain_rel-amazon_user-churn.pt),bs=16 sl=128 d=256 blocks=12 heads=8 full=True qk_norm=False random_sampling=True steps=0 eval_batches=200 ckpt=pretrain_rel-amazon_user-churn.pt
healthcare-insurance-expenses,tabarena-healthcare-insurance-expenses,fold-7,7,regression,1,0,42,nan,nan,12579.369140625,713,179,446,1.430511474609375e-06,7.929071426391602,ok,True,healthcare_insurance_expenses,rmse,4456.206781984524,4399.092786963155,45.0,8180.276353661845,RT (pretrain_rel-amazon_user-churn.pt),bs=16 sl=128 d=256 blocks=12 heads=8 full=True qk_norm=False random_sampling=True steps=0 eval_batches=200 ckpt=pretrain_rel-amazon_user-churn.pt
healthcare-insurance-expenses,tabarena-healthcare-insurance-expenses,fold-8,8,regression,1,0,42,nan,nan,12316.794921875,713,179,446,3.5762786865234375e-06,8.178675889968872,ok,True,healthcare_insurance_expenses,rmse,4712.556825229962,4546.641443766882,45.0,7770.153478108118,RT (pretrain_rel-amazon_user-churn.pt),bs=16 sl=128 d=256 blocks=12 heads=8 full=True qk_norm=False random_sampling=True steps=0 eval_batches=200 ckpt=pretrain_rel-amazon_user-churn.pt
healthcare-insurance-expenses,tabarena-healthcare-insurance-expenses,fold-9,9,regression,1,0,42,nan,nan,13083.8173828125,713,179,446,2.1457672119140625e-06,7.8974010944366455,ok,True,healthcare_insurance_expenses,rmse,4309.718143936859,4185.883431185328,45.0,8897.933951627172,RT (pretrain_rel-amazon_user-churn.pt),bs=16 sl=128 d=256 blocks=12 heads=8 full=True qk_norm=False random_sampling=True steps=0 eval_batches=200 ckpt=pretrain_rel-amazon_user-churn.pt
healthcare-insurance-expenses,tabarena-healthcare-insurance-expenses,fold-10,10,regression,1,0,42,nan,nan,12035.33984375,713,179,446,1.9073486328125e-06,8.419012308120728,ok,True,healthcare_insurance_expenses,rmse,4654.195416815919,4530.010202953888,45.0,7505.329640796112,RT (pretrain_rel-amazon_user-churn.pt),bs=16 sl=128 d=256 blocks=12 heads=8 full=True qk_norm=False random_sampling=True steps=0 eval_batches=200 ckpt=pretrain_rel-amazon_user-churn.pt
healthcare-insurance-expenses,tabarena-healthcare-insurance-expenses,fold-11,11,regression,1,0,42,nan,nan,12798.19140625,713,179,446,2.86102294921875e-06,7.977301120758057,ok,True,healthcare_insurance_expenses,rmse,4785.297689357815,4605.593912707114,45.0,8192.597493542886,RT (pretrain_rel-amazon_user-churn.pt),bs=16 sl=128 d=256 blocks=12 heads=8 full=True qk_norm=False random_sampling=True steps=0 eval_batches=200 ckpt=pretrain_rel-amazon_user-churn.pt
healthcare-insurance-expenses,tabarena-healthcare-insurance-expenses,fold-12,12,regression,1,0,42,nan,nan,12568.4892578125,713,179,446,1.430511474609375e-06,10.466796636581421,ok,True,healthcare_insurance_expenses,rmse,4620.800050455883,4397.718761642952,45.0,8170.770496169548,RT (pretrain_rel-amazon_user-churn.pt),bs=16 sl=128 d=256 blocks=12 heads=8 full=True qk_norm=False random_sampling=True steps=0 eval_batches=200 ckpt=pretrain_rel-amazon_user-churn.pt
healthcare-insurance-expenses,tabarena-healthcare-insurance-expenses,fold-13,13,regression,1,0,42,nan,nan,12178.0771484375,713,179,446,1.430511474609375e-06,8.201480388641357,ok,True,healthcare_insurance_expenses,rmse,4570.711870677453,4456.565819576823,45.0,7721.511328860677,RT (pretrain_rel-amazon_user-churn.pt),bs=16 sl=128 d=256 blocks=12 heads=8 full=True qk_norm=False random_sampling=True steps=0 eval_batches=200 ckpt=pretrain_rel-amazon_user-churn.pt
healthcare-insurance-expenses,tabarena-healthcare-insurance-expenses,fold-14,14,regression,1,0,42,nan,nan,13238.552734375,713,179,446,2.86102294921875e-06,8.494393825531006,ok,True,healthcare_insurance_expenses,rmse,4654.856596724014,4499.039412851011,45.0,8739.51332152399,RT (pretrain_rel-amazon_user-churn.pt),bs=16 sl=128 d=256 blocks=12 heads=8 full=True qk_norm=False random_sampling=True steps=0 eval_batches=200 ckpt=pretrain_rel-amazon_user-churn.pt
healthcare-insurance-expenses,tabarena-healthcare-insurance-expenses,fold-15,15,regression,1,0,42,nan,nan,12345.4111328125,713,179,446,2.1457672119140625e-06,8.222454071044922,ok,True,healthcare_insurance_expenses,rmse,4285.2926472462905,4217.261590928462,45.0,8128.149541884038,RT (pretrain_rel-amazon_user-churn.pt),bs=16 sl=128 d=256 blocks=12 heads=8 full=True qk_norm=False random_sampling=True steps=0 eval_batches=200 ckpt=pretrain_rel-amazon_user-churn.pt
healthcare-insurance-expenses,tabarena-healthcare-insurance-expenses,fold-16,16,regression,1,0,42,nan,nan,12811.2861328125,713,179,446,1.430511474609375e-06,7.768983840942383,ok,True,healthcare_insurance_expenses,rmse,4854.941285357851,4759.068665229225,45.0,8052.217467583275,RT (pretrain_rel-amazon_user-churn.pt),bs=16 sl=128 d=256 blocks=12 heads=8 full=True qk_norm=False random_sampling=True steps=0 eval_batches=200 ckpt=pretrain_rel-amazon_user-churn.pt
healthcare-insurance-expenses,tabarena-healthcare-insurance-expenses,fold-17,17,regression,1,0,42,nan,nan,12734.275390625,713,179,446,1.6689300537109375e-06,8.079341650009155,ok,True,healthcare_insurance_expenses,rmse,4641.112933172756,4329.8380285136745,45.0,8404.437362111326,RT (pretrain_rel-amazon_user-churn.pt),bs=16 sl=128 d=256 blocks=12 heads=8 full=True qk_norm=False random_sampling=True steps=0 eval_batches=200 ckpt=pretrain_rel-amazon_user-churn.pt
healthcare-insurance-expenses,tabarena-healthcare-insurance-expenses,fold-18,18,regression,1,0,42,nan,nan,12633.8642578125,713,179,446,1.6689300537109375e-06,8.2316415309906,ok,True,healthcare_insurance_expenses,rmse,4170.137055497448,3977.313274733204,45.0,8656.550983079296,RT (pretrain_rel-amazon_user-churn.pt),bs=16 sl=128 d=256 blocks=12 heads=8 full=True qk_norm=False random_sampling=True steps=0 eval_batches=200 ckpt=pretrain_rel-amazon_user-churn.pt
healthcare-insurance-expenses,tabarena-healthcare-insurance-expenses,fold-19,19,regression,1,0,42,nan,nan,12670.9677734375,713,179,446,2.1457672119140625e-06,7.7896599769592285,ok,True,healthcare_insurance_expenses,rmse,4922.095664711411,4810.660566457966,45.0,7860.307206979534,RT (pretrain_rel-amazon_user-churn.pt),bs=16 sl=128 d=256 blocks=12 heads=8 full=True qk_norm=False random_sampling=True steps=0 eval_batches=200 ckpt=pretrain_rel-amazon_user-churn.pt
healthcare-insurance-expenses,tabarena-healthcare-insurance-expenses,fold-20,20,regression,1,0,42,nan,nan,12368.0185546875,713,179,446,2.1457672119140625e-06,7.705947637557983,ok,True,healthcare_insurance_expenses,rmse,4800.633283510969,4589.870985226183,45.0,7778.147569461317,RT (pretrain_rel-amazon_user-churn.pt),bs=16 sl=128 d=256 blocks=12 heads=8 full=True qk_norm=False random_sampling=True steps=0 eval_batches=200 ckpt=pretrain_rel-amazon_user-churn.pt
healthcare-insurance-expenses,tabarena-healthcare-insurance-expenses,fold-21,21,regression,1,0,42,nan,nan,12163.7890625,713,179,446,1.430511474609375e-06,8.02231216430664,ok,True,healthcare_insurance_expenses,rmse,4684.859261180861,4645.681765456135,45.0,7518.107297043865,RT (pretrain_rel-amazon_user-churn.pt),bs=16 sl=128 d=256 blocks=12 heads=8 full=True qk_norm=False random_sampling=True steps=0 eval_batches=200 ckpt=pretrain_rel-amazon_user-churn.pt
healthcare-insurance-expenses,tabarena-healthcare-insurance-expenses,fold-22,22,regression,1,0,42,nan,nan,13268.9072265625,713,179,446,2.6226043701171875e-06,8.827129602432251,ok,True,healthcare_insurance_expenses,rmse,4709.775661396825,4466.121744333891,45.0,8802.78548222861,RT (pretrain_rel-amazon_user-churn.pt),bs=16 sl=128 d=256 blocks=12 heads=8 full=True qk_norm=False random_sampling=True steps=0 eval_batches=200 ckpt=pretrain_rel-amazon_user-churn.pt
healthcare-insurance-expenses,tabarena-healthcare-insurance-expenses,fold-23,23,regression,1,0,42,nan,nan,12297.244140625,713,179,446,2.86102294921875e-06,7.776751518249512,ok,True,healthcare_insurance_expenses,rmse,4386.146980987578,4221.287537025312,45.0,8075.956603599688,RT (pretrain_rel-amazon_user-churn.pt),bs=16 sl=128 d=256 blocks=12 heads=8 full=True qk_norm=False random_sampling=True steps=0 eval_batches=200 ckpt=pretrain_rel-amazon_user-churn.pt
healthcare-insurance-expenses,tabarena-healthcare-insurance-expenses,fold-24,24,regression,1,0,42,nan,nan,13416.712890625,713,179,446,4.291534423828125e-06,8.665576219558716,ok,True,healthcare_insurance_expenses,rmse,4453.11105030629,4332.566257096058,45.0,9084.146633528942,RT (pretrain_rel-amazon_user-churn.pt),bs=16 sl=128 d=256 blocks=12 heads=8 full=True qk_norm=False random_sampling=True steps=0 eval_batches=200 ckpt=pretrain_rel-amazon_user-churn.pt
healthcare-insurance-expenses,tabarena-healthcare-insurance-expenses,fold-25,25,regression,1,0,42,nan,nan,12452.986328125,713,179,446,1.430511474609375e-06,8.218793392181396,ok,True,healthcare_insurance_expenses,rmse,4264.067042542702,4122.150573996433,45.0,8330.835754128566,RT (pretrain_rel-amazon_user-churn.pt),bs=16 sl=128 d=256 blocks=12 heads=8 full=True qk_norm=False random_sampling=True steps=0 eval_batches=200 ckpt=pretrain_rel-amazon_user-churn.pt
healthcare-insurance-expenses,tabarena-healthcare-insurance-expenses,fold-26,26,regression,1,0,42,nan,nan,12322.7646484375,713,179,446,3.0994415283203125e-06,8.66208553314209,ok,True,healthcare_insurance_expenses,rmse,5042.912059532226,4901.940595226392,45.0,7420.824053211108,RT (pretrain_rel-amazon_user-churn.pt),bs=16 sl=128 d=256 blocks=12 heads=8 full=True qk_norm=False random_sampling=True steps=0 eval_batches=200 ckpt=pretrain_rel-amazon_user-churn.pt
healthcare-insurance-expenses,tabarena-healthcare-insurance-expenses,fold-27,27,regression,1,0,42,nan,nan,12166.025390625,713,179,446,1.430511474609375e-06,8.550849199295044,ok,True,healthcare_insurance_expenses,rmse,3960.2461751074734,3846.575069524488,45.0,8319.450321100512,RT (pretrain_rel-amazon_user-churn.pt),bs=16 sl=128 d=256 blocks=12 heads=8 full=True qk_norm=False random_sampling=True steps=0 eval_batches=200 ckpt=pretrain_rel-amazon_user-churn.pt
healthcare-insurance-expenses,tabarena-healthcare-insurance-expenses,fold-28,28,regression,1,0,42,nan,nan,12070.3095703125,713,179,446,1.6689300537109375e-06,8.072621822357178,ok,True,healthcare_insurance_expenses,rmse,4678.879350989474,4424.273015701596,45.0,7646.036554610904,RT (pretrain_rel-amazon_user-churn.pt),bs=16 sl=128 d=256 blocks=12 heads=8 full=True qk_norm=False random_sampling=True steps=0 eval_batches=200 ckpt=pretrain_rel-amazon_user-churn.pt
healthcare-insurance-expenses,tabarena-healthcare-insurance-expenses,fold-29,29,regression,1,0,42,nan,nan,13812.283203125,713,179,446,3.0994415283203125e-06,8.37192964553833,ok,True,healthcare_insurance_expenses,rmse,5295.50639428798,5087.183547206297,45.0,8725.099655918704,RT (pretrain_rel-amazon_user-churn.pt),bs=16 sl=128 d=256 blocks=12 heads=8 full=True qk_norm=False random_sampling=True steps=0 eval_batches=200 ckpt=pretrain_rel-amazon_user-churn.pt
heloc,tabarena-heloc,fold-0,0,binary_classification,1,0,42,nan,nan,0.4936387884331356,5577,1395,3487,2.6226043701171875e-06,58.846901655197144,ok,True,heloc,roc_auc,0.2065828592523253,0.1987966143035129,45.0,0.29484217412962266,RT (pretrain_rel-amazon_user-churn.pt),bs=16 sl=128 d=256 blocks=12 heads=8 full=True qk_norm=False random_sampling=True steps=0 eval_batches=200 ckpt=pretrain_rel-amazon_user-churn.pt
heloc,tabarena-heloc,fold-1,1,binary_classification,1,0,42,nan,nan,0.4978232973382887,5578,1395,3486,1.430511474609375e-06,56.79528307914734,ok,True,heloc,roc_auc,0.1982990977395504,0.1918359593611789,45.0,0.30598733797710975,RT (pretrain_rel-amazon_user-churn.pt),bs=16 sl=128 d=256 blocks=12 heads=8 full=True qk_norm=False random_sampling=True steps=0 eval_batches=200 ckpt=pretrain_rel-amazon_user-churn.pt
heloc,tabarena-heloc,fold-2,2,binary_classification,1,0,42,nan,nan,0.5022289469303014,5578,1395,3486,2.6226043701171875e-06,57.66045928001404,ok,True,heloc,roc_auc,0.2121652507156708,0.2013385024339405,45.0,0.30089044449636093,RT (pretrain_rel-amazon_user-churn.pt),bs=16 sl=128 d=256 blocks=12 heads=8 full=True qk_norm=False random_sampling=True steps=0 eval_batches=200 ckpt=pretrain_rel-amazon_user-churn.pt
heloc,tabarena-heloc,fold-3,3,binary_classification,1,0,42,nan,nan,0.5085832893485924,5577,1395,3487,1.430511474609375e-06,59.829362869262695,ok,True,heloc,roc_auc,0.2109613242186727,0.2033715234974984,45.0,0.305211765851094,RT (pretrain_rel-amazon_user-churn.pt),bs=16 sl=128 d=256 blocks=12 heads=8 full=True qk_norm=False random_sampling=True steps=0 eval_batches=200 ckpt=pretrain_rel-amazon_user-churn.pt
heloc,tabarena-heloc,fold-4,4,binary_classification,1,0,42,nan,nan,0.5026216791280969,5578,1395,3486,2.384185791015625e-06,56.19661259651184,ok,True,heloc,roc_auc,0.2023399608148737,0.1956153024480316,45.0,0.30700637668006525,RT (pretrain_rel-amazon_user-churn.pt),bs=16 sl=128 d=256 blocks=12 heads=8 full=True qk_norm=False random_sampling=True steps=0 eval_batches=200 ckpt=pretrain_rel-amazon_user-churn.pt
heloc,tabarena-heloc,fold-5,5,binary_classification,1,0,42,nan,nan,0.5118610139945745,5578,1395,3486,1.430511474609375e-06,56.07353448867798,ok,True,heloc,roc_auc,0.2042201495983009,0.195726587338232,45.0,0.3161344266563425,RT (pretrain_rel-amazon_user-churn.pt),bs=16 sl=128 d=256 blocks=12 heads=8 full=True qk_norm=False random_sampling=True steps=0 eval_batches=200 ckpt=pretrain_rel-amazon_user-churn.pt
heloc,tabarena-heloc,fold-6,6,binary_classification,1,0,42,nan,nan,0.5014309397803216,5577,1395,3487,1.1920928955078125e-06,55.41106367111206,ok,True,heloc,roc_auc,0.2108047621244981,0.2031576102361945,45.0,0.2982733295441271,RT (pretrain_rel-amazon_user-churn.pt),bs=16 sl=128 d=256 blocks=12 heads=8 full=True qk_norm=False random_sampling=True steps=0 eval_batches=200 ckpt=pretrain_rel-amazon_user-churn.pt
heloc,tabarena-heloc,fold-7,7,binary_classification,1,0,42,nan,nan,0.4941498912627931,5578,1395,3486,1.9073486328125e-06,59.96454739570618,ok,True,heloc,roc_auc,0.2028755326449828,0.1967467968748196,45.0,0.29740309438797347,RT (pretrain_rel-amazon_user-churn.pt),bs=16 sl=128 d=256 blocks=12 heads=8 full=True qk_norm=False random_sampling=True steps=0 eval_batches=200 ckpt=pretrain_rel-amazon_user-churn.pt
heloc,tabarena-heloc,fold-8,8,binary_classification,1,0,42,nan,nan,0.4985566687232522,5578,1395,3486,3.5762786865234375e-06,55.984267473220825,ok,True,heloc,roc_auc,0.2020228421038745,0.1954818740683086,45.0,0.3030747946549436,RT (pretrain_rel-amazon_user-churn.pt),bs=16 sl=128 d=256 blocks=12 heads=8 full=True qk_norm=False random_sampling=True steps=0 eval_batches=200 ckpt=pretrain_rel-amazon_user-churn.pt
houses,tabarena-houses,fold-0,0,regression,1,0,42,nan,nan,0.5896546244621277,11008,2752,6880,2.86102294921875e-06,56.82565093040466,ok,True,houses,rmse,0.2188293887424985,0.2023696680663275,45.0,0.3872849563958002,RT (pretrain_rel-amazon_user-churn.pt),bs=16 sl=128 d=256 blocks=12 heads=8 full=True qk_norm=False random_sampling=True steps=0 eval_batches=200 ckpt=pretrain_rel-amazon_user-churn.pt
houses,tabarena-houses,fold-1,1,regression,1,0,42,nan,nan,0.5733987092971802,11008,2752,6880,1.049041748046875e-05,56.762959241867065,ok,True,houses,rmse,0.2134404605045295,0.1970404186184516,45.0,0.3763582906787286,RT (pretrain_rel-amazon_user-churn.pt),bs=16 sl=128 d=256 blocks=12 heads=8 full=True qk_norm=False random_sampling=True steps=0 eval_batches=200 ckpt=pretrain_rel-amazon_user-churn.pt
hr-analytics-job-change-of-data-scientists,tabarena-hr-analytics-job-change-of-data-scientists,fold-0,0,binary_classification,1,0,42,nan,nan,0.5462121898626509,10217,2555,6386,4.5299530029296875e-06,58.806856632232666,ok,True,HR_Analytics_Job_Change_of_Data_Scientists,roc_auc,0.1879792291662735,0.1839697549072018,45.0,0.36224243495544906,RT (pretrain_rel-amazon_user-churn.pt),bs=16 sl=128 d=256 blocks=12 heads=8 full=True qk_norm=False random_sampling=True steps=0 eval_batches=200 ckpt=pretrain_rel-amazon_user-churn.pt
hr-analytics-job-change-of-data-scientists,tabarena-hr-analytics-job-change-of-data-scientists,fold-1,1,binary_classification,1,0,42,nan,nan,0.5229561364305706,10217,2555,6386,1.430511474609375e-06,58.43602681159973,ok,True,HR_Analytics_Job_Change_of_Data_Scientists,roc_auc,0.2025173321761079,0.1984203322620611,45.0,0.32453580416850947,RT (pretrain_rel-amazon_user-churn.pt),bs=16 sl=128 d=256 blocks=12 heads=8 full=True qk_norm=False random_sampling=True steps=0 eval_batches=200 ckpt=pretrain_rel-amazon_user-churn.pt
hr-analytics-job-change-of-data-scientists,tabarena-hr-analytics-job-change-of-data-scientists,fold-2,2,binary_classification,1,0,42,nan,nan,0.5129430276119296,10217,2555,6386,1.6689300537109375e-06,56.6185781955719,ok,True,HR_Analytics_Job_Change_of_Data_Scientists,roc_auc,0.2037181760542452,0.1980525455031002,45.0,0.31489048210882936,RT (pretrain_rel-amazon_user-churn.pt),bs=16 sl=128 d=256 blocks=12 heads=8 full=True qk_norm=False random_sampling=True steps=0 eval_batches=200 ckpt=pretrain_rel-amazon_user-churn.pt
hr-analytics-job-change-of-data-scientists,tabarena-hr-analytics-job-change-of-data-scientists,fold-3,3,binary_classification,1,0,42,nan,nan,0.554436866570144,10217,2555,6386,1.1920928955078125e-06,61.19670367240906,ok,True,HR_Analytics_Job_Change_of_Data_Scientists,roc_auc,0.1877087251023578,0.1843311258000474,45.0,0.3701057407700966,RT (pretrain_rel-amazon_user-churn.pt),bs=16 sl=128 d=256 blocks=12 heads=8 full=True qk_norm=False random_sampling=True steps=0 eval_batches=200 ckpt=pretrain_rel-amazon_user-churn.pt
hr-analytics-job-change-of-data-scientists,tabarena-hr-analytics-job-change-of-data-scientists,fold-4,4,binary_classification,1,0,42,nan,nan,0.5208317457898346,10217,2555,6386,2.384185791015625e-06,57.86546468734741,ok,True,HR_Analytics_Job_Change_of_Data_Scientists,roc_auc,0.204157324482236,0.1991215202000825,45.0,0.3217102255897521,RT (pretrain_rel-amazon_user-churn.pt),bs=16 sl=128 d=256 blocks=12 heads=8 full=True qk_norm=False random_sampling=True steps=0 eval_batches=200 ckpt=pretrain_rel-amazon_user-churn.pt
hr-analytics-job-change-of-data-scientists,tabarena-hr-analytics-job-change-of-data-scientists,fold-5,5,binary_classification,1,0,42,nan,nan,0.5460857870748902,10217,2555,6386,1.6689300537109375e-06,54.23617172241211,ok,True,HR_Analytics_Job_Change_of_Data_Scientists,roc_auc,0.2022624933384621,0.1971094197451846,45.0,0.3489763673297056,RT (pretrain_rel-amazon_user-churn.pt),bs=16 sl=128 d=256 blocks=12 heads=8 full=True qk_norm=False random_sampling=True steps=0 eval_batches=200 ckpt=pretrain_rel-amazon_user-churn.pt
hr-analytics-job-change-of-data-scientists,tabarena-hr-analytics-job-change-of-data-scientists,fold-6,6,binary_classification,1,0,42,nan,nan,0.5346024413501362,10217,2555,6386,2.384185791015625e-06,61.64192223548889,ok,True,HR_Analytics_Job_Change_of_Data_Scientists,roc_auc,0.2027983183543918,0.1993176667651985,45.0,0.3352847745849378,RT (pretrain_rel-amazon_user-churn.pt),bs=16 sl=128 d=256 blocks=12 heads=8 full=True qk_norm=False random_sampling=True steps=0 eval_batches=200 ckpt=pretrain_rel-amazon_user-churn.pt
hr-analytics-job-change-of-data-scientists,tabarena-hr-analytics-job-change-of-data-scientists,fold-7,7,binary_classification,1,0,42,nan,nan,0.542431691006712,10217,2555,6386,4.0531158447265625e-06,64.25235438346863,ok,True,HR_Analytics_Job_Change_of_Data_Scientists,roc_auc,0.1975444860933788,0.1938617917497374,45.0,0.34856989925697457,RT (pretrain_rel-amazon_user-churn.pt),bs=16 sl=128 d=256 blocks=12 heads=8 full=True qk_norm=False random_sampling=True steps=0 eval_batches=200 ckpt=pretrain_rel-amazon_user-churn.pt
hr-analytics-job-change-of-data-scientists,tabarena-hr-analytics-job-change-of-data-scientists,fold-8,8,binary_classification,1,0,42,nan,nan,0.5366076375087272,10217,2555,6386,3.0994415283203125e-06,64.92157459259033,ok,True,HR_Analytics_Job_Change_of_Data_Scientists,roc_auc,0.1961413439168781,0.1926331413684086,45.0,0.3439744961403186,RT (pretrain_rel-amazon_user-churn.pt),bs=16 sl=128 d=256 blocks=12 heads=8 full=True qk_norm=False random_sampling=True steps=0 eval_batches=200 ckpt=pretrain_rel-amazon_user-churn.pt
in-vehicle-coupon-recommendation,tabarena-in-vehicle-coupon-recommendation,fold-0,0,binary_classification,1,0,42,nan,nan,0.5051888096587801,6764,1692,4228,3.5762786865234375e-06,53.45189619064331,ok,True,in_vehicle_coupon_recommendation,roc_auc,0.1579702232390459,0.1397884921329947,45.0,0.3654003175257854,RT (pretrain_rel-amazon_user-churn.pt),bs=16 sl=128 d=256 blocks=12 heads=8 full=True qk_norm=False random_sampling=True steps=0 eval_batches=200 ckpt=pretrain_rel-amazon_user-churn.pt
in-vehicle-coupon-recommendation,tabarena-in-vehicle-coupon-recommendation,fold-1,1,binary_classification,1,0,42,nan,nan,0.49248708537572927,6764,1692,4228,3.5762786865234375e-06,62.671478033065796,ok,True,in_vehicle_coupon_recommendation,roc_auc,0.1694165398274987,0.1575024370222153,45.0,0.33498464835351394,RT (pretrain_rel-amazon_user-churn.pt),bs=16 sl=128 d=256 blocks=12 heads=8 full=True qk_norm=False random_sampling=True steps=0 eval_batches=200 ckpt=pretrain_rel-amazon_user-churn.pt
in-vehicle-coupon-recommendation,tabarena-in-vehicle-coupon-recommendation,fold-2,2,binary_classification,1,0,42,nan,nan,0.4760335676818588,6764,1692,4228,1.9073486328125e-06,62.06295108795166,ok,True,in_vehicle_coupon_recommendation,roc_auc,0.1735074307800181,0.1548373893363889,45.0,0.3211961783454699,RT (pretrain_rel-amazon_user-churn.pt),bs=16 sl=128 d=256 blocks=12 heads=8 full=True qk_norm=False random_sampling=True steps=0 eval_batches=200 ckpt=pretrain_rel-amazon_user-churn.pt
in-vehicle-coupon-recommendation,tabarena-in-vehicle-coupon-recommendation,fold-3,3,binary_classification,1,0,42,nan,nan,0.4981647124344859,6764,1692,4228,1.6689300537109375e-06,63.614152908325195,ok,True,in_vehicle_coupon_recommendation,roc_auc,0.1601299095805236,0.141694808725224,45.0,0.3564699037092619,RT (pretrain_rel-amazon_user-churn.pt),bs=16 sl=128 d=256 blocks=12 heads=8 full=True qk_norm=False random_sampling=True steps=0 eval_batches=200 ckpt=pretrain_rel-amazon_user-churn.pt
in-vehicle-coupon-recommendation,tabarena-in-vehicle-coupon-recommendation,fold-4,4,binary_classification,1,0,42,nan,nan,0.5038926833303901,6764,1692,4228,1.6689300537109375e-06,62.079912185668945,ok,True,in_vehicle_coupon_recommendation,roc_auc,0.1666893552009759,0.1492790404688203,45.0,0.35461364286156977,RT (pretrain_rel-amazon_user-churn.pt),bs=16 sl=128 d=256 blocks=12 heads=8 full=True qk_norm=False random_sampling=True steps=0 eval_batches=200 ckpt=pretrain_rel-amazon_user-churn.pt
in-vehicle-coupon-recommendation,tabarena-in-vehicle-coupon-recommendation,fold-5,5,binary_classification,1,0,42,nan,nan,0.5157443469185476,6764,1692,4228,1.9073486328125e-06,55.00465512275696,ok,True,in_vehicle_coupon_recommendation,roc_auc,0.1580965573854599,0.145270124672926,45.0,0.37047422224562165,RT (pretrain_rel-amazon_user-churn.pt),bs=16 sl=128 d=256 blocks=12 heads=8 full=True qk_norm=False random_sampling=True steps=0 eval_batches=200 ckpt=pretrain_rel-amazon_user-churn.pt
in-vehicle-coupon-recommendation,tabarena-in-vehicle-coupon-recommendation,fold-6,6,binary_classification,1,0,42,nan,nan,0.5078451730962397,6764,1692,4228,1.430511474609375e-06,63.12926530838013,ok,True,in_vehicle_coupon_recommendation,roc_auc,0.1634379697944946,0.1496029780409843,45.0,0.35824219505525534,RT (pretrain_rel-amazon_user-churn.pt),bs=16 sl=128 d=256 blocks=12 heads=8 full=True qk_norm=False random_sampling=True steps=0 eval_batches=200 ckpt=pretrain_rel-amazon_user-churn.pt
in-vehicle-coupon-recommendation,tabarena-in-vehicle-coupon-recommendation,fold-7,7,binary_classification,1,0,42,nan,nan,0.5011719414971896,6764,1692,4228,1.1920928955078125e-06,59.877060413360596,ok,True,in_vehicle_coupon_recommendation,roc_auc,0.1660517959856116,0.1508186684452653,45.0,0.35035327305192426,RT (pretrain_rel-amazon_user-churn.pt),bs=16 sl=128 d=256 blocks=12 heads=8 full=True qk_norm=False random_sampling=True steps=0 eval_batches=200 ckpt=pretrain_rel-amazon_user-churn.pt
in-vehicle-coupon-recommendation,tabarena-in-vehicle-coupon-recommendation,fold-8,8,binary_classification,1,0,42,nan,nan,0.5090887612938331,6764,1692,4228,1.430511474609375e-06,58.94606804847717,ok,True,in_vehicle_coupon_recommendation,roc_auc,0.1624659814501279,0.1446334775594433,45.0,0.36445528373438973,RT (pretrain_rel-amazon_user-churn.pt),bs=16 sl=128 d=256 blocks=12 heads=8 full=True qk_norm=False random_sampling=True steps=0 eval_batches=200 ckpt=pretrain_rel-amazon_user-churn.pt
is-this-a-good-customer,tabarena-is-this-a-good-customer,fold-0,0,binary_classification,1,0,42,nan,nan,0.45478359230815024,918,230,575,4.5299530029296875e-06,14.415124416351318,ok,True,Is-this-a-good-customer,roc_auc,0.308953979877359,0.2450437578138953,45.0,0.20973983449425493,RT (pretrain_rel-amazon_user-churn.pt),bs=16 sl=128 d=256 blocks=12 heads=8 full=True qk_norm=False random_sampling=True steps=0 eval_batches=200 ckpt=pretrain_rel-amazon_user-churn.pt
is-this-a-good-customer,tabarena-is-this-a-good-customer,fold-1,1,binary_classification,1,0,42,nan,nan,0.5054556445519116,919,230,574,1.1920928955078125e-06,10.914213418960571,ok,True,Is-this-a-good-customer,roc_auc,0.2638355750340033,0.2271422094604805,45.0,0.27831343509143114,RT (pretrain_rel-amazon_user-churn.pt),bs=16 sl=128 d=256 blocks=12 heads=8 full=True qk_norm=False random_sampling=True steps=0 eval_batches=200 ckpt=pretrain_rel-amazon_user-churn.pt
is-this-a-good-customer,tabarena-is-this-a-good-customer,fold-2,2,binary_classification,1,0,42,nan,nan,0.43267341695632455,919,230,574,1.430511474609375e-06,11.362858295440674,ok,True,Is-this-a-good-customer,roc_auc,0.2722079492217016,0.2479069064530753,45.0,0.18476651050324924,RT (pretrain_rel-amazon_user-churn.pt),bs=16 sl=128 d=256 blocks=12 heads=8 full=True qk_norm=False random_sampling=True steps=0 eval_batches=200 ckpt=pretrain_rel-amazon_user-churn.pt
is-this-a-good-customer,tabarena-is-this-a-good-customer,fold-3,3,binary_classification,1,0,42,nan,nan,0.4712746323748288,918,230,575,1.6689300537109375e-06,10.238141775131226,ok,True,Is-this-a-good-customer,roc_auc,0.2765374769304042,0.2456093350002977,45.0,0.22566529737453112,RT (pretrain_rel-amazon_user-churn.pt),bs=16 sl=128 d=256 blocks=12 heads=8 full=True qk_norm=False random_sampling=True steps=0 eval_batches=200 ckpt=pretrain_rel-amazon_user-churn.pt
is-this-a-good-customer,tabarena-is-this-a-good-customer,fold-4,4,binary_classification,1,0,42,nan,nan,0.4687320538008162,919,230,574,3.0994415283203125e-06,10.105627536773682,ok,True,Is-this-a-good-customer,roc_auc,0.2890131479522442,0.2289557201148556,45.0,0.23977633368596057,RT (pretrain_rel-amazon_user-churn.pt),bs=16 sl=128 d=256 blocks=12 heads=8 full=True qk_norm=False random_sampling=True steps=0 eval_batches=200 ckpt=pretrain_rel-amazon_user-churn.pt
is-this-a-good-customer,tabarena-is-this-a-good-customer,fold-5,5,binary_classification,1,0,42,nan,nan,0.4045186640471512,919,230,574,5.0067901611328125e-06,10.021715879440308,ok,True,Is-this-a-good-customer,roc_auc,0.2750793410911289,0.2484509596493879,45.0,0.1560677043977633,RT (pretrain_rel-amazon_user-churn.pt),bs=16 sl=128 d=256 blocks=12 heads=8 full=True qk_norm=False random_sampling=True steps=0 eval_batches=200 ckpt=pretrain_rel-amazon_user-churn.pt
is-this-a-good-customer,tabarena-is-this-a-good-customer,fold-6,6,binary_classification,1,0,42,nan,nan,0.4687146514258499,918,230,575,1.430511474609375e-06,10.486840963363647,ok,True,Is-this-a-good-customer,roc_auc,0.3016610108948026,0.2487348931356789,45.0,0.219979758290171,RT (pretrain_rel-amazon_user-churn.pt),bs=16 sl=128 d=256 blocks=12 heads=8 full=True qk_norm=False random_sampling=True steps=0 eval_batches=200 ckpt=pretrain_rel-amazon_user-churn.pt
is-this-a-good-customer,tabarena-is-this-a-good-customer,fold-7,7,binary_classification,1,0,42,nan,nan,0.5013147952244219,919,230,574,9.5367431640625e-07,9.898451566696167,ok,True,Is-this-a-good-customer,roc_auc,0.2616291370711803,0.2569744597249508,45.0,0.2443403354994711,RT (pretrain_rel-amazon_user-churn.pt),bs=16 sl=128 d=256 blocks=12 heads=8 full=True qk_norm=False random_sampling=True steps=0 eval_batches=200 ckpt=pretrain_rel-amazon_user-churn.pt
is-this-a-good-customer,tabarena-is-this-a-good-customer,fold-8,8,binary_classification,1,0,42,nan,nan,0.47047000151125895,919,230,574,2.6226043701171875e-06,10.656894445419312,ok,True,Is-this-a-good-customer,roc_auc,0.2814266283814417,0.2134804291975216,45.0,0.2569895723137373,RT (pretrain_rel-amazon_user-churn.pt),bs=16 sl=128 d=256 blocks=12 heads=8 full=True qk_norm=False random_sampling=True steps=0 eval_batches=200 ckpt=pretrain_rel-amazon_user-churn.pt
is-this-a-good-customer,tabarena-is-this-a-good-customer,fold-9,9,binary_classification,1,0,42,nan,nan,0.5261058522355182,918,230,575,2.384185791015625e-06,10.040257692337036,ok,True,Is-this-a-good-customer,roc_auc,0.2772518902184915,0.234238256831577,45.0,0.2918675954039412,RT (pretrain_rel-amazon_user-churn.pt),bs=16 sl=128 d=256 blocks=12 heads=8 full=True qk_norm=False random_sampling=True steps=0 eval_batches=200 ckpt=pretrain_rel-amazon_user-churn.pt
is-this-a-good-customer,tabarena-is-this-a-good-customer,fold-10,10,binary_classification,1,0,42,nan,nan,0.5029771799909324,919,230,574,2.6226043701171875e-06,11.639309644699097,ok,True,Is-this-a-good-customer,roc_auc,0.2562490554632008,0.2145685355901465,45.0,0.2884086444007859,RT (pretrain_rel-amazon_user-churn.pt),bs=16 sl=128 d=256 blocks=12 heads=8 full=True qk_norm=False random_sampling=True steps=0 eval_batches=200 ckpt=pretrain_rel-amazon_user-churn.pt
is-this-a-good-customer,tabarena-is-this-a-good-customer,fold-11,11,binary_classification,1,0,42,nan,nan,0.436632915218377,919,230,574,1.6689300537109375e-06,12.098766803741455,ok,True,Is-this-a-good-customer,roc_auc,0.2864137826809732,0.2523197823787214,45.0,0.1843131328396556,RT (pretrain_rel-amazon_user-churn.pt),bs=16 sl=128 d=256 blocks=12 heads=8 full=True qk_norm=False random_sampling=True steps=0 eval_batches=200 ckpt=pretrain_rel-amazon_user-churn.pt
is-this-a-good-customer,tabarena-is-this-a-good-customer,fold-12,12,binary_classification,1,0,42,nan,nan,0.4423260105971304,918,230,575,2.6226043701171875e-06,12.110080003738403,ok,True,Is-this-a-good-customer,roc_auc,0.2600166696433886,0.2346549979162946,45.0,0.2076710126808358,RT (pretrain_rel-amazon_user-churn.pt),bs=16 sl=128 d=256 blocks=12 heads=8 full=True qk_norm=False random_sampling=True steps=0 eval_batches=200 ckpt=pretrain_rel-amazon_user-churn.pt
is-this-a-good-customer,tabarena-is-this-a-good-customer,fold-13,13,binary_classification,1,0,42,nan,nan,0.4880006045035514,919,230,574,1.430511474609375e-06,11.703748226165771,ok,True,Is-this-a-good-customer,roc_auc,0.3106543750944537,0.2409551156113042,45.0,0.24704548889224723,RT (pretrain_rel-amazon_user-churn.pt),bs=16 sl=128 d=256 blocks=12 heads=8 full=True qk_norm=False random_sampling=True steps=0 eval_batches=200 ckpt=pretrain_rel-amazon_user-churn.pt
is-this-a-good-customer,tabarena-is-this-a-good-customer,fold-14,14,binary_classification,1,0,42,nan,nan,0.5365271270968717,919,230,574,2.384185791015625e-06,12.250962972640991,ok,True,Is-this-a-good-customer,roc_auc,0.2536799153695027,0.2175306029922925,45.0,0.3189965241045792,RT (pretrain_rel-amazon_user-churn.pt),bs=16 sl=128 d=256 blocks=12 heads=8 full=True qk_norm=False random_sampling=True steps=0 eval_batches=200 ckpt=pretrain_rel-amazon_user-churn.pt
is-this-a-good-customer,tabarena-is-this-a-good-customer,fold-15,15,binary_classification,1,0,42,nan,nan,0.4886289218312794,918,230,575,1.1920928955078125e-06,11.681949853897095,ok,True,Is-this-a-good-customer,roc_auc,0.2504018574745491,0.204560338155623,45.0,0.28406858367565635,RT (pretrain_rel-amazon_user-churn.pt),bs=16 sl=128 d=256 blocks=12 heads=8 full=True qk_norm=False random_sampling=True steps=0 eval_batches=200 ckpt=pretrain_rel-amazon_user-churn.pt
is-this-a-good-customer,tabarena-is-this-a-good-customer,fold-16,16,binary_classification,1,0,42,nan,nan,0.5175306029922926,919,230,574,2.1457672119140625e-06,11.817405462265015,ok,True,Is-this-a-good-customer,roc_auc,0.2955720114855675,0.2386277769381894,45.0,0.2789028260541032,RT (pretrain_rel-amazon_user-churn.pt),bs=16 sl=128 d=256 blocks=12 heads=8 full=True qk_norm=False random_sampling=True steps=0 eval_batches=200 ckpt=pretrain_rel-amazon_user-churn.pt
is-this-a-good-customer,tabarena-is-this-a-good-customer,fold-17,17,binary_classification,1,0,42,nan,nan,0.5367235907510957,919,230,574,1.6689300537109375e-06,11.960748195648193,ok,True,Is-this-a-good-customer,roc_auc,0.2941212029620674,0.2775275804745353,45.0,0.25919601027656036,RT (pretrain_rel-amazon_user-churn.pt),bs=16 sl=128 d=256 blocks=12 heads=8 full=True qk_norm=False random_sampling=True steps=0 eval_batches=200 ckpt=pretrain_rel-amazon_user-churn.pt
is-this-a-good-customer,tabarena-is-this-a-good-customer,fold-18,18,binary_classification,1,0,42,nan,nan,0.5273858427100077,918,230,575,1.6689300537109375e-06,12.262310981750488,ok,True,Is-this-a-good-customer,roc_auc,0.2782639757099483,0.2575757575757575,45.0,0.26981008513425014,RT (pretrain_rel-amazon_user-churn.pt),bs=16 sl=128 d=256 blocks=12 heads=8 full=True qk_norm=False random_sampling=True steps=0 eval_batches=200 ckpt=pretrain_rel-amazon_user-churn.pt
is-this-a-good-customer,tabarena-is-this-a-good-customer,fold-19,19,binary_classification,1,0,42,nan,nan,0.4988665558410156,919,230,574,2.86102294921875e-06,15.112051725387573,ok,True,Is-this-a-good-customer,roc_auc,0.3020401994861719,0.2474233036119086,45.0,0.251443252229107,RT (pretrain_rel-amazon_user-churn.pt),bs=16 sl=128 d=256 blocks=12 heads=8 full=True qk_norm=False random_sampling=True steps=0 eval_batches=200 ckpt=pretrain_rel-amazon_user-churn.pt
is-this-a-good-customer,tabarena-is-this-a-good-customer,fold-20,20,binary_classification,1,0,42,nan,nan,0.45697445972495077,919,230,574,1.430511474609375e-06,11.791820526123047,ok,True,Is-this-a-good-customer,roc_auc,0.2653468339126492,0.2196463654223969,45.0,0.23732809430255386,RT (pretrain_rel-amazon_user-churn.pt),bs=16 sl=128 d=256 blocks=12 heads=8 full=True qk_norm=False random_sampling=True steps=0 eval_batches=200 ckpt=pretrain_rel-amazon_user-churn.pt
is-this-a-good-customer,tabarena-is-this-a-good-customer,fold-21,21,binary_classification,1,0,42,nan,nan,0.5268053819134368,918,230,575,1.6689300537109375e-06,11.145134449005127,ok,True,Is-this-a-good-customer,roc_auc,0.2917187593022563,0.2347442995773054,45.0,0.2920610823361315,RT (pretrain_rel-amazon_user-churn.pt),bs=16 sl=128 d=256 blocks=12 heads=8 full=True qk_norm=False random_sampling=True steps=0 eval_batches=200 ckpt=pretrain_rel-amazon_user-churn.pt
is-this-a-good-customer,tabarena-is-this-a-good-customer,fold-22,22,binary_classification,1,0,42,nan,nan,0.47462596342753516,919,230,574,1.6689300537109375e-06,11.946592330932617,ok,True,Is-this-a-good-customer,roc_auc,0.2617802629590449,0.217349251926855,45.0,0.25727671150068016,RT (pretrain_rel-amazon_user-churn.pt),bs=16 sl=128 d=256 blocks=12 heads=8 full=True qk_norm=False random_sampling=True steps=0 eval_batches=200 ckpt=pretrain_rel-amazon_user-churn.pt
is-this-a-good-customer,tabarena-is-this-a-good-customer,fold-23,23,binary_classification,1,0,42,nan,nan,0.4925041559619163,919,230,574,3.0994415283203125e-06,10.57369613647461,ok,True,Is-this-a-good-customer,roc_auc,0.2749886655584102,0.2611757594075865,45.0,0.2313283965543298,RT (pretrain_rel-amazon_user-churn.pt),bs=16 sl=128 d=256 blocks=12 heads=8 full=True qk_norm=False random_sampling=True steps=0 eval_batches=200 ckpt=pretrain_rel-amazon_user-churn.pt
is-this-a-good-customer,tabarena-is-this-a-good-customer,fold-24,24,binary_classification,1,0,42,nan,nan,0.5148240757278085,918,230,575,1.430511474609375e-06,11.822416305541992,ok,True,Is-this-a-good-customer,roc_auc,0.259718997440019,0.2349229028993272,45.0,0.2799011728284813,RT (pretrain_rel-amazon_user-churn.pt),bs=16 sl=128 d=256 blocks=12 heads=8 full=True qk_norm=False random_sampling=True steps=0 eval_batches=200 ckpt=pretrain_rel-amazon_user-churn.pt
is-this-a-good-customer,tabarena-is-this-a-good-customer,fold-25,25,binary_classification,1,0,42,nan,nan,0.5972495088408645,919,230,574,3.337860107421875e-06,11.529600143432617,ok,True,Is-this-a-good-customer,roc_auc,0.3059694725706513,0.2625056672207949,45.0,0.3347438416200696,RT (pretrain_rel-amazon_user-churn.pt),bs=16 sl=128 d=256 blocks=12 heads=8 full=True qk_norm=False random_sampling=True steps=0 eval_batches=200 ckpt=pretrain_rel-amazon_user-churn.pt
is-this-a-good-customer,tabarena-is-this-a-good-customer,fold-26,26,binary_classification,1,0,42,nan,nan,0.4942118784947861,919,230,574,1.6689300537109375e-06,10.517726182937622,ok,True,Is-this-a-good-customer,roc_auc,0.2492065890887109,0.2201299682635635,45.0,0.2740819102312226,RT (pretrain_rel-amazon_user-churn.pt),bs=16 sl=128 d=256 blocks=12 heads=8 full=True qk_norm=False random_sampling=True steps=0 eval_batches=200 ckpt=pretrain_rel-amazon_user-churn.pt
is-this-a-good-customer,tabarena-is-this-a-good-customer,fold-27,27,binary_classification,1,0,42,nan,nan,0.5213282133714353,918,230,575,2.1457672119140625e-06,10.999905347824097,ok,True,Is-this-a-good-customer,roc_auc,0.2386140382211109,0.2211704471036494,45.0,0.3001577662677859,RT (pretrain_rel-amazon_user-churn.pt),bs=16 sl=128 d=256 blocks=12 heads=8 full=True qk_norm=False random_sampling=True steps=0 eval_batches=200 ckpt=pretrain_rel-amazon_user-churn.pt
is-this-a-good-customer,tabarena-is-this-a-good-customer,fold-28,28,binary_classification,1,0,42,nan,nan,0.48942118784947863,919,230,574,1.430511474609375e-06,9.896719694137573,ok,True,Is-this-a-good-customer,roc_auc,0.2479673568082212,0.2286534683391266,45.0,0.26076771951035205,RT (pretrain_rel-amazon_user-churn.pt),bs=16 sl=128 d=256 blocks=12 heads=8 full=True qk_norm=False random_sampling=True steps=0 eval_batches=200 ckpt=pretrain_rel-amazon_user-churn.pt
is-this-a-good-customer,tabarena-is-this-a-good-customer,fold-29,29,binary_classification,1,0,42,nan,nan,0.45287894816382046,919,230,574,1.1920928955078125e-06,9.715874671936035,ok,True,Is-this-a-good-customer,roc_auc,0.2823031585310565,0.2382650748073146,45.0,0.21461387335650586,RT (pretrain_rel-amazon_user-churn.pt),bs=16 sl=128 d=256 blocks=12 heads=8 full=True qk_norm=False random_sampling=True steps=0 eval_batches=200 ckpt=pretrain_rel-amazon_user-churn.pt
jm1,tabarena-jm1,fold-0,0,binary_classification,1,0,42,nan,nan,0.4935144897029251,5804,1452,3629,2.1457672119140625e-06,51.97244215011597,ok,True,jm1,roc_auc,0.239637932326692,0.2166638926119622,45.0,0.27685059709096294,RT (pretrain_rel-amazon_user-churn.pt),bs=16 sl=128 d=256 blocks=12 heads=8 full=True qk_norm=False random_sampling=True steps=0 eval_batches=200 ckpt=pretrain_rel-amazon_user-churn.pt
jm1,tabarena-jm1,fold-1,1,binary_classification,1,0,42,nan,nan,0.5147327482090925,5805,1452,3628,1.6689300537109375e-06,66.16314792633057,ok,True,jm1,roc_auc,0.2633638291533029,0.232979982979983,45.0,0.2817527652291095,RT (pretrain_rel-amazon_user-churn.pt),bs=16 sl=128 d=256 blocks=12 heads=8 full=True qk_norm=False random_sampling=True steps=0 eval_batches=200 ckpt=pretrain_rel-amazon_user-churn.pt
jm1,tabarena-jm1,fold-2,2,binary_classification,1,0,42,nan,nan,0.5371641717601875,5805,1452,3628,1.430511474609375e-06,61.31382513046265,ok,True,jm1,roc_auc,0.2540215632320897,0.2193671338408179,45.0,0.3177970379193696,RT (pretrain_rel-amazon_user-churn.pt),bs=16 sl=128 d=256 blocks=12 heads=8 full=True qk_norm=False random_sampling=True steps=0 eval_batches=200 ckpt=pretrain_rel-amazon_user-churn.pt
jm1,tabarena-jm1,fold-3,3,binary_classification,1,0,42,nan,nan,0.5003903502689423,5804,1452,3629,3.0994415283203125e-06,59.65903973579407,ok,True,jm1,roc_auc,0.2511490426591214,0.2172491208193292,45.0,0.28314122944961306,RT (pretrain_rel-amazon_user-churn.pt),bs=16 sl=128 d=256 blocks=12 heads=8 full=True qk_norm=False random_sampling=True steps=0 eval_batches=200 ckpt=pretrain_rel-amazon_user-churn.pt
jm1,tabarena-jm1,fold-4,4,binary_classification,1,0,42,nan,nan,0.4920677483430096,5805,1452,3628,1.1920928955078125e-06,60.64319610595703,ok,True,jm1,roc_auc,0.2480983928352349,0.2249753170805801,45.0,0.2670924312624295,RT (pretrain_rel-amazon_user-churn.pt),bs=16 sl=128 d=256 blocks=12 heads=8 full=True qk_norm=False random_sampling=True steps=0 eval_batches=200 ckpt=pretrain_rel-amazon_user-churn.pt
jm1,tabarena-jm1,fold-5,5,binary_classification,1,0,42,nan,nan,0.5194372866280362,5805,1452,3628,2.86102294921875e-06,59.307995080947876,ok,True,jm1,roc_auc,0.2546907283749389,0.2283824849614324,45.0,0.2910548016666038,RT (pretrain_rel-amazon_user-churn.pt),bs=16 sl=128 d=256 blocks=12 heads=8 full=True qk_norm=False random_sampling=True steps=0 eval_batches=200 ckpt=pretrain_rel-amazon_user-churn.pt
jm1,tabarena-jm1,fold-6,6,binary_classification,1,0,42,nan,nan,0.5011660979088866,5804,1452,3629,1.6689300537109375e-06,58.22926902770996,ok,True,jm1,roc_auc,0.2528996171804509,0.2274622655558767,45.0,0.2737038323530099,RT (pretrain_rel-amazon_user-churn.pt),bs=16 sl=128 d=256 blocks=12 heads=8 full=True qk_norm=False random_sampling=True steps=0 eval_batches=200 ckpt=pretrain_rel-amazon_user-churn.pt
jm1,tabarena-jm1,fold-7,7,binary_classification,1,0,42,nan,nan,0.512096761635682,5805,1452,3628,1.6689300537109375e-06,65.0295033454895,ok,True,jm1,roc_auc,0.2497307760465654,0.2235498419708946,45.0,0.28854691966478735,RT (pretrain_rel-amazon_user-churn.pt),bs=16 sl=128 d=256 blocks=12 heads=8 full=True qk_norm=False random_sampling=True steps=0 eval_batches=200 ckpt=pretrain_rel-amazon_user-churn.pt
jm1,tabarena-jm1,fold-8,8,binary_classification,1,0,42,nan,nan,0.5078472298783347,5805,1452,3628,2.86102294921875e-06,58.61850190162659,ok,True,jm1,roc_auc,0.2514751330540804,0.2235203879940722,45.0,0.28432684188426255,RT (pretrain_rel-amazon_user-churn.pt),bs=16 sl=128 d=256 blocks=12 heads=8 full=True qk_norm=False random_sampling=True steps=0 eval_batches=200 ckpt=pretrain_rel-amazon_user-churn.pt
kddcup09-appetency,tabarena-kddcup09-appetency,fold-0,0,binary_classification,1,0,42,nan,nan,0.5419465893945036,26666,6667,16667,2.384185791015625e-06,58.00854563713074,ok,True,kddcup09_appetency,roc_auc,0.2090433967037509,0.1569235420793148,45.0,0.38502304731518877,RT (pretrain_rel-amazon_user-churn.pt),bs=16 sl=128 d=256 blocks=12 heads=8 full=True qk_norm=False random_sampling=True steps=0 eval_batches=200 ckpt=pretrain_rel-amazon_user-churn.pt
kddcup09-appetency,tabarena-kddcup09-appetency,fold-1,1,binary_classification,1,0,42,nan,nan,0.4797214532778614,26666,6667,16667,1.430511474609375e-06,68.37255787849426,ok,True,kddcup09_appetency,roc_auc,0.2033670033670034,0.1543860515149457,45.0,0.32533540176291575,RT (pretrain_rel-amazon_user-churn.pt),bs=16 sl=128 d=256 blocks=12 heads=8 full=True qk_norm=False random_sampling=True steps=0 eval_batches=200 ckpt=pretrain_rel-amazon_user-churn.pt
kddcup09-appetency,tabarena-kddcup09-appetency,fold-2,2,binary_classification,1,0,42,nan,nan,0.5690590619086693,26667,6667,16666,2.6226043701171875e-06,55.50498962402344,ok,True,kddcup09_appetency,roc_auc,0.1825993907774603,0.1478493536297446,45.0,0.4212097082789247,RT (pretrain_rel-amazon_user-churn.pt),bs=16 sl=128 d=256 blocks=12 heads=8 full=True qk_norm=False random_sampling=True steps=0 eval_batches=200 ckpt=pretrain_rel-amazon_user-churn.pt
kddcup09-appetency,tabarena-kddcup09-appetency,fold-3,3,binary_classification,1,0,42,nan,nan,0.4416357739897151,26666,6667,16667,1.6689300537109375e-06,62.089370250701904,ok,True,kddcup09_appetency,roc_auc,0.2128271104447036,0.1521235568883705,45.0,0.28951221710134456,RT (pretrain_rel-amazon_user-churn.pt),bs=16 sl=128 d=256 blocks=12 heads=8 full=True qk_norm=False random_sampling=True steps=0 eval_batches=200 ckpt=pretrain_rel-amazon_user-churn.pt
kddcup09-appetency,tabarena-kddcup09-appetency,fold-4,4,binary_classification,1,0,42,nan,nan,0.5214818771955385,26666,6667,16667,1.9073486328125e-06,60.781896114349365,ok,True,kddcup09_appetency,roc_auc,0.2012479714678859,0.1425219410558444,45.0,0.37895993613969414,RT (pretrain_rel-amazon_user-churn.pt),bs=16 sl=128 d=256 blocks=12 heads=8 full=True qk_norm=False random_sampling=True steps=0 eval_batches=200 ckpt=pretrain_rel-amazon_user-churn.pt
kddcup09-appetency,tabarena-kddcup09-appetency,fold-5,5,binary_classification,1,0,42,nan,nan,0.5138709803461885,26667,6667,16666,1.430511474609375e-06,66.00885486602783,ok,True,kddcup09_appetency,roc_auc,0.2125131048886394,0.1657850963364098,45.0,0.3480858840097787,RT (pretrain_rel-amazon_user-churn.pt),bs=16 sl=128 d=256 blocks=12 heads=8 full=True qk_norm=False random_sampling=True steps=0 eval_batches=200 ckpt=pretrain_rel-amazon_user-churn.pt
kddcup09-appetency,tabarena-kddcup09-appetency,fold-6,6,binary_classification,1,0,42,nan,nan,0.5226447369131066,26666,6667,16667,1.430511474609375e-06,57.06198000907898,ok,True,kddcup09_appetency,roc_auc,0.200266254481282,0.1545888533060189,45.0,0.36805588360708774,RT (pretrain_rel-amazon_user-churn.pt),bs=16 sl=128 d=256 blocks=12 heads=8 full=True qk_norm=False random_sampling=True steps=0 eval_batches=200 ckpt=pretrain_rel-amazon_user-churn.pt
kddcup09-appetency,tabarena-kddcup09-appetency,fold-7,7,binary_classification,1,0,42,nan,nan,0.5153680950145425,26666,6667,16667,1.6689300537109375e-06,59.38520002365112,ok,True,kddcup09_appetency,roc_auc,0.203532988200062,0.1586481800287542,45.0,0.3567199149857883,RT (pretrain_rel-amazon_user-churn.pt),bs=16 sl=128 d=256 blocks=12 heads=8 full=True qk_norm=False random_sampling=True steps=0 eval_batches=200 ckpt=pretrain_rel-amazon_user-churn.pt
kddcup09-appetency,tabarena-kddcup09-appetency,fold-8,8,binary_classification,1,0,42,nan,nan,0.48761938253205406,26667,6667,16666,1.430511474609375e-06,63.01974964141846,ok,True,kddcup09_appetency,roc_auc,0.1965085274645446,0.1403007313972495,45.0,0.34731865113480453,RT (pretrain_rel-amazon_user-churn.pt),bs=16 sl=128 d=256 blocks=12 heads=8 full=True qk_norm=False random_sampling=True steps=0 eval_batches=200 ckpt=pretrain_rel-amazon_user-churn.pt
marketing-campaign,tabarena-marketing-campaign,fold-0,0,binary_classification,1,0,42,nan,nan,0.4847512606946569,1194,299,747,2.384185791015625e-06,14.090367794036865,ok,True,Marketing_Campaign,roc_auc,0.0763003569607343,0.0573332766728993,45.0,0.4274179840217576,RT (pretrain_rel-amazon_user-churn.pt),bs=16 sl=128 d=256 blocks=12 heads=8 full=True qk_norm=False random_sampling=True steps=0 eval_batches=200 ckpt=pretrain_rel-amazon_user-churn.pt
marketing-campaign,tabarena-marketing-campaign,fold-1,1,binary_classification,1,0,42,nan,nan,0.5423509561304837,1194,299,747,2.1457672119140625e-06,14.279090642929077,ok,True,Marketing_Campaign,roc_auc,0.1200365579302588,0.0908886389201349,45.0,0.4514623172103488,RT (pretrain_rel-amazon_user-churn.pt),bs=16 sl=128 d=256 blocks=12 heads=8 full=True qk_norm=False random_sampling=True steps=0 eval_batches=200 ckpt=pretrain_rel-amazon_user-churn.pt
marketing-campaign,tabarena-marketing-campaign,fold-2,2,binary_classification,1,0,42,nan,nan,0.5380506490742711,1195,299,746,1.430511474609375e-06,12.52371621131897,ok,True,Marketing_Campaign,roc_auc,0.0831808186138893,0.0726111938710364,45.0,0.4654394552032347,RT (pretrain_rel-amazon_user-churn.pt),bs=16 sl=128 d=256 blocks=12 heads=8 full=True qk_norm=False random_sampling=True steps=0 eval_batches=200 ckpt=pretrain_rel-amazon_user-churn.pt
marketing-campaign,tabarena-marketing-campaign,fold-3,3,binary_classification,1,0,42,nan,nan,0.5144554932290781,1194,299,747,1.430511474609375e-06,17.810962438583374,ok,True,Marketing_Campaign,roc_auc,0.1009334806504618,0.075946229248116,45.0,0.4385092639809621,RT (pretrain_rel-amazon_user-churn.pt),bs=16 sl=128 d=256 blocks=12 heads=8 full=True qk_norm=False random_sampling=True steps=0 eval_batches=200 ckpt=pretrain_rel-amazon_user-churn.pt
marketing-campaign,tabarena-marketing-campaign,fold-4,4,binary_classification,1,0,42,nan,nan,0.5203107424071991,1194,299,747,2.86102294921875e-06,14.537821292877197,ok,True,Marketing_Campaign,roc_auc,0.0910573678290214,0.073790776152981,45.0,0.4465199662542181,RT (pretrain_rel-amazon_user-churn.pt),bs=16 sl=128 d=256 blocks=12 heads=8 full=True qk_norm=False random_sampling=True steps=0 eval_batches=200 ckpt=pretrain_rel-amazon_user-churn.pt
marketing-campaign,tabarena-marketing-campaign,fold-5,5,binary_classification,1,0,42,nan,nan,0.6140313541888345,1195,299,746,1.6689300537109375e-06,13.897856712341309,ok,True,Marketing_Campaign,roc_auc,0.0998368447187345,0.0753493651131446,45.0,0.5386819890756899,RT (pretrain_rel-amazon_user-churn.pt),bs=16 sl=128 d=256 blocks=12 heads=8 full=True qk_norm=False random_sampling=True steps=0 eval_batches=200 ckpt=pretrain_rel-amazon_user-churn.pt
marketing-campaign,tabarena-marketing-campaign,fold-6,6,binary_classification,1,0,42,nan,nan,0.513251459006176,1194,299,747,3.0994415283203125e-06,13.829554557800293,ok,True,Marketing_Campaign,roc_auc,0.10721570627231,0.0834324890928664,45.0,0.4298189699133096,RT (pretrain_rel-amazon_user-churn.pt),bs=16 sl=128 d=256 blocks=12 heads=8 full=True qk_norm=False random_sampling=True steps=0 eval_batches=200 ckpt=pretrain_rel-amazon_user-churn.pt
marketing-campaign,tabarena-marketing-campaign,fold-7,7,binary_classification,1,0,42,nan,nan,0.565291057367829,1194,299,747,1.6689300537109375e-06,13.518694400787354,ok,True,Marketing_Campaign,roc_auc,0.0791057367829021,0.0609533183352081,45.0,0.5043377390326209,RT (pretrain_rel-amazon_user-churn.pt),bs=16 sl=128 d=256 blocks=12 heads=8 full=True qk_norm=False random_sampling=True steps=0 eval_batches=200 ckpt=pretrain_rel-amazon_user-churn.pt
marketing-campaign,tabarena-marketing-campaign,fold-8,8,binary_classification,1,0,42,nan,nan,0.5008157764063277,1195,299,746,1.430511474609375e-06,12.333869695663452,ok,True,Marketing_Campaign,roc_auc,0.1109810597999574,0.0832588494005817,45.0,0.417556927005746,RT (pretrain_rel-amazon_user-churn.pt),bs=16 sl=128 d=256 blocks=12 heads=8 full=True qk_norm=False random_sampling=True steps=0 eval_batches=200 ckpt=pretrain_rel-amazon_user-churn.pt
marketing-campaign,tabarena-marketing-campaign,fold-9,9,binary_classification,1,0,42,nan,nan,0.5628718340982493,1194,299,747,1.6689300537109375e-06,11.425156593322754,ok,True,Marketing_Campaign,roc_auc,0.0901892458496231,0.0654852966173721,45.0,0.49738653748087713,RT (pretrain_rel-amazon_user-churn.pt),bs=16 sl=128 d=256 blocks=12 heads=8 full=True qk_norm=False random_sampling=True steps=0 eval_batches=200 ckpt=pretrain_rel-amazon_user-churn.pt
marketing-campaign,tabarena-marketing-campaign,fold-10,10,binary_classification,1,0,42,nan,nan,0.48686023622047236,1194,299,747,1.430511474609375e-06,11.956657409667969,ok,True,Marketing_Campaign,roc_auc,0.118257874015748,0.1023973565804274,45.0,0.384462879640045,RT (pretrain_rel-amazon_user-churn.pt),bs=16 sl=128 d=256 blocks=12 heads=8 full=True qk_norm=False random_sampling=True steps=0 eval_batches=200 ckpt=pretrain_rel-amazon_user-churn.pt
marketing-campaign,tabarena-marketing-campaign,fold-11,11,binary_classification,1,0,42,nan,nan,0.5000993119103355,1195,299,746,2.86102294921875e-06,11.331770658493042,ok,True,Marketing_Campaign,roc_auc,0.1097396609207632,0.0855926792934667,45.0,0.4145066326168688,RT (pretrain_rel-amazon_user-churn.pt),bs=16 sl=128 d=256 blocks=12 heads=8 full=True qk_norm=False random_sampling=True steps=0 eval_batches=200 ckpt=pretrain_rel-amazon_user-churn.pt
marketing-campaign,tabarena-marketing-campaign,fold-12,12,binary_classification,1,0,42,nan,nan,0.5339183523145787,1194,299,747,1.430511474609375e-06,11.748699426651001,ok,True,Marketing_Campaign,roc_auc,0.1146665533457986,0.0827383987761346,45.0,0.45117995353844415,RT (pretrain_rel-amazon_user-churn.pt),bs=16 sl=128 d=256 blocks=12 heads=8 full=True qk_norm=False random_sampling=True steps=0 eval_batches=200 ckpt=pretrain_rel-amazon_user-churn.pt
marketing-campaign,tabarena-marketing-campaign,fold-13,13,binary_classification,1,0,42,nan,nan,0.4936023622047244,1194,299,747,2.86102294921875e-06,11.573126316070557,ok,True,Marketing_Campaign,roc_auc,0.1201771653543307,0.098101799775028,45.0,0.39550056242969645,RT (pretrain_rel-amazon_user-churn.pt),bs=16 sl=128 d=256 blocks=12 heads=8 full=True qk_norm=False random_sampling=True steps=0 eval_batches=200 ckpt=pretrain_rel-amazon_user-churn.pt
marketing-campaign,tabarena-marketing-campaign,fold-14,14,binary_classification,1,0,42,nan,nan,0.5146556004823721,1195,299,746,1.9073486328125e-06,12.092232942581177,ok,True,Marketing_Campaign,roc_auc,0.0808115201815988,0.0632333120522097,45.0,0.4514222884301624,RT (pretrain_rel-amazon_user-churn.pt),bs=16 sl=128 d=256 blocks=12 heads=8 full=True qk_norm=False random_sampling=True steps=0 eval_batches=200 ckpt=pretrain_rel-amazon_user-churn.pt
marketing-campaign,tabarena-marketing-campaign,fold-15,15,binary_classification,1,0,42,nan,nan,0.5257030371203599,1194,299,747,1.9073486328125e-06,12.011411905288696,ok,True,Marketing_Campaign,roc_auc,0.1070655230596174,0.0776082677165354,45.0,0.44809476940382453,RT (pretrain_rel-amazon_user-churn.pt),bs=16 sl=128 d=256 blocks=12 heads=8 full=True qk_norm=False random_sampling=True steps=0 eval_batches=200 ckpt=pretrain_rel-amazon_user-churn.pt
marketing-campaign,tabarena-marketing-campaign,fold-16,16,binary_classification,1,0,42,nan,nan,0.4957008895688142,1194,299,747,1.6689300537109375e-06,11.967357397079468,ok,True,Marketing_Campaign,roc_auc,0.094991217632727,0.0815343645532324,45.0,0.4141665250155818,RT (pretrain_rel-amazon_user-churn.pt),bs=16 sl=128 d=256 blocks=12 heads=8 full=True qk_norm=False random_sampling=True steps=0 eval_batches=200 ckpt=pretrain_rel-amazon_user-churn.pt
marketing-campaign,tabarena-marketing-campaign,fold-17,17,binary_classification,1,0,42,nan,nan,0.5307370362488473,1195,299,746,1.6689300537109375e-06,11.24359393119812,ok,True,Marketing_Campaign,roc_auc,0.1117329928353551,0.0736823437610839,45.0,0.45705469248776337,RT (pretrain_rel-amazon_user-churn.pt),bs=16 sl=128 d=256 blocks=12 heads=8 full=True qk_norm=False random_sampling=True steps=0 eval_batches=200 ckpt=pretrain_rel-amazon_user-churn.pt
marketing-campaign,tabarena-marketing-campaign,fold-18,18,binary_classification,1,0,42,nan,nan,0.48298062213156556,1194,299,747,2.6226043701171875e-06,12.129243612289429,ok,True,Marketing_Campaign,roc_auc,0.0860530341662416,0.0688140971159839,45.0,0.41416652501558165,RT (pretrain_rel-amazon_user-churn.pt),bs=16 sl=128 d=256 blocks=12 heads=8 full=True qk_norm=False random_sampling=True steps=0 eval_batches=200 ckpt=pretrain_rel-amazon_user-churn.pt
marketing-campaign,tabarena-marketing-campaign,fold-19,19,binary_classification,1,0,42,nan,nan,0.5474760967379078,1194,299,747,1.1920928955078125e-06,11.953743696212769,ok,True,Marketing_Campaign,roc_auc,0.1088512373453318,0.0937078177727783,45.0,0.45376827896512945,RT (pretrain_rel-amazon_user-churn.pt),bs=16 sl=128 d=256 blocks=12 heads=8 full=True qk_norm=False random_sampling=True steps=0 eval_batches=200 ckpt=pretrain_rel-amazon_user-churn.pt
marketing-campaign,tabarena-marketing-campaign,fold-20,20,binary_classification,1,0,42,nan,nan,0.521252748811804,1195,299,746,1.430511474609375e-06,16.325239896774292,ok,True,Marketing_Campaign,roc_auc,0.0840675320990282,0.068574874086685,45.0,0.45267787472511894,RT (pretrain_rel-amazon_user-churn.pt),bs=16 sl=128 d=256 blocks=12 heads=8 full=True qk_norm=False random_sampling=True steps=0 eval_batches=200 ckpt=pretrain_rel-amazon_user-churn.pt
marketing-campaign,tabarena-marketing-campaign,fold-21,21,binary_classification,1,0,42,nan,nan,0.48493540710521843,1194,299,747,1.6689300537109375e-06,12.25238037109375,ok,True,Marketing_Campaign,roc_auc,0.0772352541220464,0.0590472548019718,45.0,0.4258881523032466,RT (pretrain_rel-amazon_user-churn.pt),bs=16 sl=128 d=256 blocks=12 heads=8 full=True qk_norm=False random_sampling=True steps=0 eval_batches=200 ckpt=pretrain_rel-amazon_user-churn.pt
marketing-campaign,tabarena-marketing-campaign,fold-22,22,binary_classification,1,0,42,nan,nan,0.4960208098987626,1194,299,747,1.6689300537109375e-06,12.112915515899658,ok,True,Marketing_Campaign,roc_auc,0.0879358830146233,0.0733689538807649,45.0,0.4226518560179977,RT (pretrain_rel-amazon_user-churn.pt),bs=16 sl=128 d=256 blocks=12 heads=8 full=True qk_norm=False random_sampling=True steps=0 eval_batches=200 ckpt=pretrain_rel-amazon_user-churn.pt
marketing-campaign,tabarena-marketing-campaign,fold-23,23,binary_classification,1,0,42,nan,nan,0.5773285096119742,1195,299,746,2.384185791015625e-06,11.697205066680908,ok,True,Marketing_Campaign,roc_auc,0.1089664467617224,0.0810739873731999,45.0,0.4962545222387743,RT (pretrain_rel-amazon_user-churn.pt),bs=16 sl=128 d=256 blocks=12 heads=8 full=True qk_norm=False random_sampling=True steps=0 eval_batches=200 ckpt=pretrain_rel-amazon_user-churn.pt
marketing-campaign,tabarena-marketing-campaign,fold-24,24,binary_classification,1,0,42,nan,nan,0.5525525525525525,1194,299,747,1.9073486328125e-06,12.35845398902893,ok,True,Marketing_Campaign,roc_auc,0.1098220862371806,0.0875403705592384,45.0,0.4650121819933141,RT (pretrain_rel-amazon_user-churn.pt),bs=16 sl=128 d=256 blocks=12 heads=8 full=True qk_norm=False random_sampling=True steps=0 eval_batches=200 ckpt=pretrain_rel-amazon_user-churn.pt
marketing-campaign,tabarena-marketing-campaign,fold-25,25,binary_classification,1,0,42,nan,nan,0.5264693475815523,1194,299,747,2.384185791015625e-06,12.047250270843506,ok,True,Marketing_Campaign,roc_auc,0.0953880764904386,0.0808070866141732,45.0,0.4456622609673791,RT (pretrain_rel-amazon_user-churn.pt),bs=16 sl=128 d=256 blocks=12 heads=8 full=True qk_norm=False random_sampling=True steps=0 eval_batches=200 ckpt=pretrain_rel-amazon_user-churn.pt
marketing-campaign,tabarena-marketing-campaign,fold-26,26,binary_classification,1,0,42,nan,nan,0.5240051074696743,1195,299,746,1.6689300537109375e-06,12.235580205917358,ok,True,Marketing_Campaign,roc_auc,0.0894729375044336,0.0702631765623891,45.0,0.4537419309072852,RT (pretrain_rel-amazon_user-churn.pt),bs=16 sl=128 d=256 blocks=12 heads=8 full=True qk_norm=False random_sampling=True steps=0 eval_batches=200 ckpt=pretrain_rel-amazon_user-churn.pt
marketing-campaign,tabarena-marketing-campaign,fold-27,27,binary_classification,1,0,42,nan,nan,0.5183933933933933,1194,299,747,4.291534423828125e-06,11.760814189910889,ok,True,Marketing_Campaign,roc_auc,0.0962023344098814,0.0776602073771884,45.0,0.4407331860162049,RT (pretrain_rel-amazon_user-churn.pt),bs=16 sl=128 d=256 blocks=12 heads=8 full=True qk_norm=False random_sampling=True steps=0 eval_batches=200 ckpt=pretrain_rel-amazon_user-churn.pt
marketing-campaign,tabarena-marketing-campaign,fold-28,28,binary_classification,1,0,42,nan,nan,0.534076209223847,1194,299,747,1.6689300537109375e-06,11.257555723190308,ok,True,Marketing_Campaign,roc_auc,0.1203388638920135,0.1029316647919009,45.0,0.4311445444319461,RT (pretrain_rel-amazon_user-churn.pt),bs=16 sl=128 d=256 blocks=12 heads=8 full=True qk_norm=False random_sampling=True steps=0 eval_batches=200 ckpt=pretrain_rel-amazon_user-churn.pt
marketing-campaign,tabarena-marketing-campaign,fold-29,29,binary_classification,1,0,42,nan,nan,0.5189472937504434,1195,299,746,3.0994415283203125e-06,12.062106370925903,ok,True,Marketing_Campaign,roc_auc,0.0802298361353479,0.0685110307157551,45.0,0.45043626303468826,RT (pretrain_rel-amazon_user-churn.pt),bs=16 sl=128 d=256 blocks=12 heads=8 full=True qk_norm=False random_sampling=True steps=0 eval_batches=200 ckpt=pretrain_rel-amazon_user-churn.pt
miami-housing,tabarena-miami-housing,fold-0,0,regression,1,0,42,nan,nan,321743.78125,7347,1837,4592,2.6226043701171875e-06,51.08603262901306,ok,True,miami_housing,rmse,88652.87008297365,76382.49394585288,45.0,245361.28730414712,RT (pretrain_rel-amazon_user-churn.pt),bs=16 sl=128 d=256 blocks=12 heads=8 full=True qk_norm=False random_sampling=True steps=0 eval_batches=200 ckpt=pretrain_rel-amazon_user-churn.pt
miami-housing,tabarena-miami-housing,fold-1,1,regression,1,0,42,nan,nan,325972.90625,7347,1837,4592,3.0994415283203125e-06,58.39616918563843,ok,True,miami_housing,rmse,85477.9625659262,78574.6637078839,45.0,247398.2425421161,RT (pretrain_rel-amazon_user-churn.pt),bs=16 sl=128 d=256 blocks=12 heads=8 full=True qk_norm=False random_sampling=True steps=0 eval_batches=200 ckpt=pretrain_rel-amazon_user-churn.pt
miami-housing,tabarena-miami-housing,fold-2,2,regression,1,0,42,nan,nan,313398.96875,7347,1837,4592,3.5762786865234375e-06,47.22399973869324,ok,True,miami_housing,rmse,83573.57114252198,76807.02455540004,45.0,236591.94419459996,RT (pretrain_rel-amazon_user-churn.pt),bs=16 sl=128 d=256 blocks=12 heads=8 full=True qk_norm=False random_sampling=True steps=0 eval_batches=200 ckpt=pretrain_rel-amazon_user-churn.pt
miami-housing,tabarena-miami-housing,fold-3,3,regression,1,0,42,nan,nan,321060.375,7347,1837,4592,1.430511474609375e-06,50.074673891067505,ok,True,miami_housing,rmse,76089.04762418766,68160.21928252239,45.0,252900.1557174776,RT (pretrain_rel-amazon_user-churn.pt),bs=16 sl=128 d=256 blocks=12 heads=8 full=True qk_norm=False random_sampling=True steps=0 eval_batches=200 ckpt=pretrain_rel-amazon_user-churn.pt
miami-housing,tabarena-miami-housing,fold-4,4,regression,1,0,42,nan,nan,324810.03125,7347,1837,4592,3.337860107421875e-06,49.73373818397522,ok,True,miami_housing,rmse,92315.25526679802,83669.08247273584,45.0,241140.94877726416,RT (pretrain_rel-amazon_user-churn.pt),bs=16 sl=128 d=256 blocks=12 heads=8 full=True qk_norm=False random_sampling=True steps=0 eval_batches=200 ckpt=pretrain_rel-amazon_user-churn.pt
miami-housing,tabarena-miami-housing,fold-5,5,regression,1,0,42,nan,nan,318392.0625,7347,1837,4592,1.6689300537109375e-06,50.105722188949585,ok,True,miami_housing,rmse,85313.26975945612,76182.91173737067,45.0,242209.15076262935,RT (pretrain_rel-amazon_user-churn.pt),bs=16 sl=128 d=256 blocks=12 heads=8 full=True qk_norm=False random_sampling=True steps=0 eval_batches=200 ckpt=pretrain_rel-amazon_user-churn.pt
miami-housing,tabarena-miami-housing,fold-6,6,regression,1,0,42,nan,nan,305146.09375,7347,1837,4592,2.384185791015625e-06,58.24469828605652,ok,True,miami_housing,rmse,83488.28641357562,76877.36161669575,45.0,228268.73213330423,RT (pretrain_rel-amazon_user-churn.pt),bs=16 sl=128 d=256 blocks=12 heads=8 full=True qk_norm=False random_sampling=True steps=0 eval_batches=200 ckpt=pretrain_rel-amazon_user-churn.pt
miami-housing,tabarena-miami-housing,fold-7,7,regression,1,0,42,nan,nan,327607.59375,7347,1837,4592,1.6689300537109375e-06,54.20523285865784,ok,True,miami_housing,rmse,89803.4842072632,76720.65760074306,45.0,250886.93614925694,RT (pretrain_rel-amazon_user-churn.pt),bs=16 sl=128 d=256 blocks=12 heads=8 full=True qk_norm=False random_sampling=True steps=0 eval_batches=200 ckpt=pretrain_rel-amazon_user-churn.pt
miami-housing,tabarena-miami-housing,fold-8,8,regression,1,0,42,nan,nan,323936.625,7347,1837,4592,1.6689300537109375e-06,50.700010776519775,ok,True,miami_housing,rmse,85913.84744915328,78068.89015214586,45.0,245867.73484785412,RT (pretrain_rel-amazon_user-churn.pt),bs=16 sl=128 d=256 blocks=12 heads=8 full=True qk_norm=False random_sampling=True steps=0 eval_batches=200 ckpt=pretrain_rel-amazon_user-churn.pt
naticusdroid,tabarena-naticusdroid,fold-0,0,binary_classification,1,0,42,nan,nan,0.5397313503964041,3995,999,2497,2.6226043701171875e-06,38.33435821533203,ok,True,NATICUSdroid,roc_auc,0.015610129559211,0.0126675887661772,45.0,0.5270637616302268,RT (pretrain_rel-amazon_user-churn.pt),bs=16 sl=128 d=256 blocks=12 heads=8 full=True qk_norm=False random_sampling=True steps=0 eval_batches=200 ckpt=pretrain_rel-amazon_user-churn.pt
naticusdroid,tabarena-naticusdroid,fold-1,1,binary_classification,1,0,42,nan,nan,0.543360577769949,3995,999,2497,1.6689300537109375e-06,39.81154155731201,ok,True,NATICUSdroid,roc_auc,0.0136064822969877,0.0113641007574423,45.0,0.5319964770125066,RT (pretrain_rel-amazon_user-churn.pt),bs=16 sl=128 d=256 blocks=12 heads=8 full=True qk_norm=False random_sampling=True steps=0 eval_batches=200 ckpt=pretrain_rel-amazon_user-churn.pt
naticusdroid,tabarena-naticusdroid,fold-2,2,binary_classification,1,0,42,nan,nan,0.5528483353884094,3995,999,2497,1.430511474609375e-06,41.71152400970459,ok,True,NATICUSdroid,roc_auc,0.0169057600845516,0.0132052140214902,45.0,0.5396431213669192,RT (pretrain_rel-amazon_user-churn.pt),bs=16 sl=128 d=256 blocks=12 heads=8 full=True qk_norm=False random_sampling=True steps=0 eval_batches=200 ckpt=pretrain_rel-amazon_user-churn.pt
naticusdroid,tabarena-naticusdroid,fold-3,3,binary_classification,1,0,42,nan,nan,0.5515198168046503,3995,999,2497,1.430511474609375e-06,37.819313049316406,ok,True,NATICUSdroid,roc_auc,0.0145411308789853,0.0119971816100054,45.0,0.5395226351946449,RT (pretrain_rel-amazon_user-churn.pt),bs=16 sl=128 d=256 blocks=12 heads=8 full=True qk_norm=False random_sampling=True steps=0 eval_batches=200 ckpt=pretrain_rel-amazon_user-churn.pt
naticusdroid,tabarena-naticusdroid,fold-4,4,binary_classification,1,0,42,nan,nan,0.541500792672186,3995,999,2497,3.0994415283203125e-06,38.448811531066895,ok,True,NATICUSdroid,roc_auc,0.0123818918442839,0.0108973049145675,45.0,0.5306034877576185,RT (pretrain_rel-amazon_user-churn.pt),bs=16 sl=128 d=256 blocks=12 heads=8 full=True qk_norm=False random_sampling=True steps=0 eval_batches=200 ckpt=pretrain_rel-amazon_user-churn.pt
naticusdroid,tabarena-naticusdroid,fold-5,5,binary_classification,1,0,42,nan,nan,0.5680066013301356,3995,999,2497,1.6689300537109375e-06,38.101773262023926,ok,True,NATICUSdroid,roc_auc,0.0178307820503601,0.0144405859138726,45.0,0.5535660154162629,RT (pretrain_rel-amazon_user-churn.pt),bs=16 sl=128 d=256 blocks=12 heads=8 full=True qk_norm=False random_sampling=True steps=0 eval_batches=200 ckpt=pretrain_rel-amazon_user-churn.pt
naticusdroid,tabarena-naticusdroid,fold-6,6,binary_classification,1,0,42,nan,nan,0.5721056438411789,3995,999,2497,1.6689300537109375e-06,38.17990303039551,ok,True,NATICUSdroid,roc_auc,0.0184768861799279,0.0142213405409369,45.0,0.557884303300242,RT (pretrain_rel-amazon_user-churn.pt),bs=16 sl=128 d=256 blocks=12 heads=8 full=True qk_norm=False random_sampling=True steps=0 eval_batches=200 ckpt=pretrain_rel-amazon_user-churn.pt
naticusdroid,tabarena-naticusdroid,fold-7,7,binary_classification,1,0,42,nan,nan,0.5472143737889731,3995,999,2497,1.9073486328125e-06,39.58052945137024,ok,True,NATICUSdroid,roc_auc,0.0145883389113967,0.0124364981504315,45.0,0.5347778756385416,RT (pretrain_rel-amazon_user-churn.pt),bs=16 sl=128 d=256 blocks=12 heads=8 full=True qk_norm=False random_sampling=True steps=0 eval_batches=200 ckpt=pretrain_rel-amazon_user-churn.pt
naticusdroid,tabarena-naticusdroid,fold-8,8,binary_classification,1,0,42,nan,nan,0.5471372203628677,3995,999,2497,1.430511474609375e-06,38.74933385848999,ok,True,NATICUSdroid,roc_auc,0.0139714638013035,0.0117012506605602,45.0,0.5354359697023076,RT (pretrain_rel-amazon_user-churn.pt),bs=16 sl=128 d=256 blocks=12 heads=8 full=True qk_norm=False random_sampling=True steps=0 eval_batches=200 ckpt=pretrain_rel-amazon_user-churn.pt
online-shoppers-intention,tabarena-online-shoppers-intention,fold-0,0,binary_classification,1,0,42,nan,nan,0.553342995449575,6576,1644,4110,2.6226043701171875e-06,54.70936942100525,ok,True,online_shoppers_intention,roc_auc,0.0712217985900653,0.0676614328180952,45.0,0.48568156263147977,RT (pretrain_rel-amazon_user-churn.pt),bs=16 sl=128 d=256 blocks=12 heads=8 full=True qk_norm=False random_sampling=True steps=0 eval_batches=200 ckpt=pretrain_rel-amazon_user-churn.pt
online-shoppers-intention,tabarena-online-shoppers-intention,fold-1,1,binary_classification,1,0,42,nan,nan,0.557562541359887,6576,1644,4110,1.9073486328125e-06,49.43411159515381,ok,True,online_shoppers_intention,roc_auc,0.0645781058211403,0.0622929362053421,45.0,0.49526960515454493,RT (pretrain_rel-amazon_user-churn.pt),bs=16 sl=128 d=256 blocks=12 heads=8 full=True qk_norm=False random_sampling=True steps=0 eval_batches=200 ckpt=pretrain_rel-amazon_user-churn.pt
online-shoppers-intention,tabarena-online-shoppers-intention,fold-2,2,binary_classification,1,0,42,nan,nan,0.5216400139646611,6576,1644,4110,1.6689300537109375e-06,53.84031271934509,ok,True,online_shoppers_intention,roc_auc,0.0618303805809916,0.0586205523149505,45.0,0.4630194616497106,RT (pretrain_rel-amazon_user-churn.pt),bs=16 sl=128 d=256 blocks=12 heads=8 full=True qk_norm=False random_sampling=True steps=0 eval_batches=200 ckpt=pretrain_rel-amazon_user-churn.pt
online-shoppers-intention,tabarena-online-shoppers-intention,fold-3,3,binary_classification,1,0,42,nan,nan,0.5448319848385451,6576,1644,4110,1.430511474609375e-06,55.300206422805786,ok,True,online_shoppers_intention,roc_auc,0.0651995235043432,0.0636009457497384,45.0,0.4812310390888067,RT (pretrain_rel-amazon_user-churn.pt),bs=16 sl=128 d=256 blocks=12 heads=8 full=True qk_norm=False random_sampling=True steps=0 eval_batches=200 ckpt=pretrain_rel-amazon_user-churn.pt
online-shoppers-intention,tabarena-online-shoppers-intention,fold-4,4,binary_classification,1,0,42,nan,nan,0.5359129674174503,6576,1644,4110,1.1920928955078125e-06,46.95174169540405,ok,True,online_shoppers_intention,roc_auc,0.0648247719808966,0.0619104905081051,45.0,0.4740024769093452,RT (pretrain_rel-amazon_user-churn.pt),bs=16 sl=128 d=256 blocks=12 heads=8 full=True qk_norm=False random_sampling=True steps=0 eval_batches=200 ckpt=pretrain_rel-amazon_user-churn.pt
online-shoppers-intention,tabarena-online-shoppers-intention,fold-5,5,binary_classification,1,0,42,nan,nan,0.5302868284860413,6576,1644,4110,2.384185791015625e-06,52.90161752700806,ok,True,online_shoppers_intention,roc_auc,0.0636520893755228,0.0606511352979727,45.0,0.4696356931880685,RT (pretrain_rel-amazon_user-churn.pt),bs=16 sl=128 d=256 blocks=12 heads=8 full=True qk_norm=False random_sampling=True steps=0 eval_batches=200 ckpt=pretrain_rel-amazon_user-churn.pt
online-shoppers-intention,tabarena-online-shoppers-intention,fold-6,6,binary_classification,1,0,42,nan,nan,0.5576102485603907,6576,1644,4110,5.9604644775390625e-06,48.993647813797,ok,True,online_shoppers_intention,roc_auc,0.0693996371970757,0.0658066843361104,45.0,0.4918035642242803,RT (pretrain_rel-amazon_user-churn.pt),bs=16 sl=128 d=256 blocks=12 heads=8 full=True qk_norm=False random_sampling=True steps=0 eval_batches=200 ckpt=pretrain_rel-amazon_user-churn.pt
online-shoppers-intention,tabarena-online-shoppers-intention,fold-7,7,binary_classification,1,0,42,nan,nan,0.5253750273343538,6576,1644,4110,2.6226043701171875e-06,49.24283838272095,ok,True,online_shoppers_intention,roc_auc,0.062978622869619,0.0587404909063917,45.0,0.4666345364279621,RT (pretrain_rel-amazon_user-churn.pt),bs=16 sl=128 d=256 blocks=12 heads=8 full=True qk_norm=False random_sampling=True steps=0 eval_batches=200 ckpt=pretrain_rel-amazon_user-churn.pt
online-shoppers-intention,tabarena-online-shoppers-intention,fold-8,8,binary_classification,1,0,42,nan,nan,0.5445990961440339,6576,1644,4110,1.1920928955078125e-06,48.328367948532104,ok,True,online_shoppers_intention,roc_auc,0.0664821875350762,0.0630639376790027,45.0,0.4815351584650312,RT (pretrain_rel-amazon_user-churn.pt),bs=16 sl=128 d=256 blocks=12 heads=8 full=True qk_norm=False random_sampling=True steps=0 eval_batches=200 ckpt=pretrain_rel-amazon_user-churn.pt
physiochemical-protein,tabarena-physiochemical-protein,fold-0,0,regression,1,0,42,nan,nan,6.239339351654053,24388,6098,15244,2.384185791015625e-06,48.389870166778564,ok,True,physiochemical_protein,rmse,3.506379508181325,2.982577831184401,45.0,3.256761520469652,RT (pretrain_rel-amazon_user-churn.pt),bs=16 sl=128 d=256 blocks=12 heads=8 full=True qk_norm=False random_sampling=True steps=0 eval_batches=200 ckpt=pretrain_rel-amazon_user-churn.pt
physiochemical-protein,tabarena-physiochemical-protein,fold-1,1,regression,1,0,42,nan,nan,6.302521705627441,24389,6098,15243,1.6689300537109375e-06,53.96078062057495,ok,True,physiochemical_protein,rmse,3.458944827040771,2.892402594479093,45.0,3.410119111148348,RT (pretrain_rel-amazon_user-churn.pt),bs=16 sl=128 d=256 blocks=12 heads=8 full=True qk_norm=False random_sampling=True steps=0 eval_batches=200 ckpt=pretrain_rel-amazon_user-churn.pt
physiochemical-protein,tabarena-physiochemical-protein,fold-2,2,regression,1,0,42,nan,nan,6.13956880569458,24389,6098,15243,1.430511474609375e-06,48.64262104034424,ok,True,physiochemical_protein,rmse,3.480903372160572,2.900799410741577,45.0,3.238769394953003,RT (pretrain_rel-amazon_user-churn.pt),bs=16 sl=128 d=256 blocks=12 heads=8 full=True qk_norm=False random_sampling=True steps=0 eval_batches=200 ckpt=pretrain_rel-amazon_user-churn.pt
physiochemical-protein,tabarena-physiochemical-protein,fold-3,3,regression,1,0,42,nan,nan,6.1533002853393555,24388,6098,15244,1.430511474609375e-06,49.65524864196777,ok,True,physiochemical_protein,rmse,3.462082995307452,2.8992773617111576,45.0,3.254022923628198,RT (pretrain_rel-amazon_user-churn.pt),bs=16 sl=128 d=256 blocks=12 heads=8 full=True qk_norm=False random_sampling=True steps=0 eval_batches=200 ckpt=pretrain_rel-amazon_user-churn.pt
physiochemical-protein,tabarena-physiochemical-protein,fold-4,4,regression,1,0,42,nan,nan,6.114848613739014,24389,6098,15243,1.9073486328125e-06,48.55682635307312,ok,True,physiochemical_protein,rmse,3.4294762868883946,2.87794975284801,45.0,3.236898860891004,RT (pretrain_rel-amazon_user-churn.pt),bs=16 sl=128 d=256 blocks=12 heads=8 full=True qk_norm=False random_sampling=True steps=0 eval_batches=200 ckpt=pretrain_rel-amazon_user-churn.pt
physiochemical-protein,tabarena-physiochemical-protein,fold-5,5,regression,1,0,42,nan,nan,6.169214725494385,24389,6098,15243,1.430511474609375e-06,54.58041000366211,ok,True,physiochemical_protein,rmse,3.5177735799015943,2.9410234095779773,45.0,3.2281913159164075,RT (pretrain_rel-amazon_user-churn.pt),bs=16 sl=128 d=256 blocks=12 heads=8 full=True qk_norm=False random_sampling=True steps=0 eval_batches=200 ckpt=pretrain_rel-amazon_user-churn.pt
physiochemical-protein,tabarena-physiochemical-protein,fold-6,6,regression,1,0,42,nan,nan,6.360605716705322,24388,6098,15244,2.1457672119140625e-06,53.265292167663574,ok,True,physiochemical_protein,rmse,3.47506354926232,2.909436703455502,45.0,3.45116901324982,RT (pretrain_rel-amazon_user-churn.pt),bs=16 sl=128 d=256 blocks=12 heads=8 full=True qk_norm=False random_sampling=True steps=0 eval_batches=200 ckpt=pretrain_rel-amazon_user-churn.pt
physiochemical-protein,tabarena-physiochemical-protein,fold-7,7,regression,1,0,42,nan,nan,6.084839820861816,24389,6098,15243,1.6689300537109375e-06,47.1446053981781,ok,True,physiochemical_protein,rmse,3.4805991276035115,2.921195898433302,45.0,3.1636439224285144,RT (pretrain_rel-amazon_user-churn.pt),bs=16 sl=128 d=256 blocks=12 heads=8 full=True qk_norm=False random_sampling=True steps=0 eval_batches=200 ckpt=pretrain_rel-amazon_user-churn.pt
physiochemical-protein,tabarena-physiochemical-protein,fold-8,8,regression,1,0,42,nan,nan,6.130829334259033,24389,6098,15243,3.5762786865234375e-06,45.81165957450867,ok,True,physiochemical_protein,rmse,3.480563832154066,2.8849541800201437,45.0,3.2458751542388895,RT (pretrain_rel-amazon_user-churn.pt),bs=16 sl=128 d=256 blocks=12 heads=8 full=True qk_norm=False random_sampling=True steps=0 eval_batches=200 ckpt=pretrain_rel-amazon_user-churn.pt
polish-companies-bankruptcy,tabarena-polish-companies-bankruptcy,fold-0,0,binary_classification,1,0,42,nan,nan,0.426366348065944,3152,788,1970,2.6226043701171875e-06,29.24406409263611,ok,True,polish_companies_bankruptcy,roc_auc,0.037137564949644,0.0172236833664763,45.0,0.4091426646994677,RT (pretrain_rel-amazon_user-churn.pt),bs=16 sl=128 d=256 blocks=12 heads=8 full=True qk_norm=False random_sampling=True steps=0 eval_batches=200 ckpt=pretrain_rel-amazon_user-churn.pt
polish-companies-bankruptcy,tabarena-polish-companies-bankruptcy,fold-1,1,binary_classification,1,0,42,nan,nan,0.40603533754644183,3152,788,1970,3.5762786865234375e-06,30.65838313102722,ok,True,polish_companies_bankruptcy,roc_auc,0.0485662290290338,0.0207947563126938,45.0,0.38524058123374805,RT (pretrain_rel-amazon_user-churn.pt),bs=16 sl=128 d=256 blocks=12 heads=8 full=True qk_norm=False random_sampling=True steps=0 eval_batches=200 ckpt=pretrain_rel-amazon_user-churn.pt
polish-companies-bankruptcy,tabarena-polish-companies-bankruptcy,fold-2,2,binary_classification,1,0,42,nan,nan,0.37613142668275446,3152,788,1970,2.1457672119140625e-06,30.382670879364014,ok,True,polish_companies_bankruptcy,roc_auc,0.04629043369531,0.0150604688576423,45.0,0.36107095782511217,RT (pretrain_rel-amazon_user-churn.pt),bs=16 sl=128 d=256 blocks=12 heads=8 full=True qk_norm=False random_sampling=True steps=0 eval_batches=200 ckpt=pretrain_rel-amazon_user-churn.pt
polish-companies-bankruptcy,tabarena-polish-companies-bankruptcy,fold-3,3,binary_classification,1,0,42,nan,nan,0.40306265636025396,3152,788,1970,4.76837158203125e-06,30.3881938457489,ok,True,polish_companies_bankruptcy,roc_auc,0.0462104689203926,0.0161411893001475,45.0,0.38692146706010644,RT (pretrain_rel-amazon_user-churn.pt),bs=16 sl=128 d=256 blocks=12 heads=8 full=True qk_norm=False random_sampling=True steps=0 eval_batches=200 ckpt=pretrain_rel-amazon_user-churn.pt
polish-companies-bankruptcy,tabarena-polish-companies-bankruptcy,fold-4,4,binary_classification,1,0,42,nan,nan,0.3657798431831666,3152,788,1970,1.430511474609375e-06,33.66622519493103,ok,True,polish_companies_bankruptcy,roc_auc,0.0553358739412475,0.0213283636175389,45.0,0.34445147956562766,RT (pretrain_rel-amazon_user-churn.pt),bs=16 sl=128 d=256 blocks=12 heads=8 full=True qk_norm=False random_sampling=True steps=0 eval_batches=200 ckpt=pretrain_rel-amazon_user-churn.pt
polish-companies-bankruptcy,tabarena-polish-companies-bankruptcy,fold-5,5,binary_classification,1,0,42,nan,nan,0.36680325420813076,3152,788,1970,3.814697265625e-06,29.301133632659912,ok,True,polish_companies_bankruptcy,roc_auc,0.0380274847583437,0.0199863810672942,45.0,0.34681687314083653,RT (pretrain_rel-amazon_user-churn.pt),bs=16 sl=128 d=256 blocks=12 heads=8 full=True qk_norm=False random_sampling=True steps=0 eval_batches=200 ckpt=pretrain_rel-amazon_user-churn.pt
polish-companies-bankruptcy,tabarena-polish-companies-bankruptcy,fold-6,6,binary_classification,1,0,42,nan,nan,0.36370798319327724,3152,788,1970,3.814697265625e-06,30.41249179840088,ok,True,polish_companies_bankruptcy,roc_auc,0.0522563987427031,0.0176165886201808,45.0,0.34609139457309646,RT (pretrain_rel-amazon_user-churn.pt),bs=16 sl=128 d=256 blocks=12 heads=8 full=True qk_norm=False random_sampling=True steps=0 eval_batches=200 ckpt=pretrain_rel-amazon_user-churn.pt
polish-companies-bankruptcy,tabarena-polish-companies-bankruptcy,fold-7,7,binary_classification,1,0,42,nan,nan,0.39690029905901936,3152,788,1970,3.5762786865234375e-06,30.290001392364502,ok,True,polish_companies_bankruptcy,roc_auc,0.0358671716025341,0.0181944162375906,45.0,0.37870588282142875,RT (pretrain_rel-amazon_user-churn.pt),bs=16 sl=128 d=256 blocks=12 heads=8 full=True qk_norm=False random_sampling=True steps=0 eval_batches=200 ckpt=pretrain_rel-amazon_user-churn.pt
polish-companies-bankruptcy,tabarena-polish-companies-bankruptcy,fold-8,8,binary_classification,1,0,42,nan,nan,0.3880340552960524,3152,788,1970,1.1920928955078125e-06,30.434154748916626,ok,True,polish_companies_bankruptcy,roc_auc,0.0510909083668829,0.0205717562449974,45.0,0.367462299051055,RT (pretrain_rel-amazon_user-churn.pt),bs=16 sl=128 d=256 blocks=12 heads=8 full=True qk_norm=False random_sampling=True steps=0 eval_batches=200 ckpt=pretrain_rel-amazon_user-churn.pt
qsar-biodeg,tabarena-qsar-biodeg,fold-0,0,binary_classification,1,0,42,nan,nan,0.44775850254264804,561,141,352,5.245208740234375e-06,5.355471849441528,ok,True,qsar-biodeg,roc_auc,0.0829877015183755,0.061276012550943,45.0,0.38648248999170504,RT (pretrain_rel-amazon_user-churn.pt),bs=16 sl=128 d=256 blocks=12 heads=8 full=True qk_norm=False random_sampling=True steps=0 eval_batches=200 ckpt=pretrain_rel-amazon_user-churn.pt
qsar-biodeg,tabarena-qsar-biodeg,fold-1,1,binary_classification,1,0,42,nan,nan,0.4640467010984215,562,141,351,3.5762786865234375e-06,5.300200939178467,ok,True,qsar-biodeg,roc_auc,0.0669600640139667,0.0578671710191314,45.0,0.4061795300792901,RT (pretrain_rel-amazon_user-churn.pt),bs=16 sl=128 d=256 blocks=12 heads=8 full=True qk_norm=False random_sampling=True steps=0 eval_batches=200 ckpt=pretrain_rel-amazon_user-churn.pt
qsar-biodeg,tabarena-qsar-biodeg,fold-2,2,binary_classification,1,0,42,nan,nan,0.43769549719938894,562,141,351,1.9073486328125e-06,5.330389976501465,ok,True,qsar-biodeg,roc_auc,0.0593584054702844,0.0475740161489779,45.0,0.39012148105041106,RT (pretrain_rel-amazon_user-churn.pt),bs=16 sl=128 d=256 blocks=12 heads=8 full=True qk_norm=False random_sampling=True steps=0 eval_batches=200 ckpt=pretrain_rel-amazon_user-churn.pt
qsar-biodeg,tabarena-qsar-biodeg,fold-3,3,binary_classification,1,0,42,nan,nan,0.41802214448010966,561,141,352,2.86102294921875e-06,5.268704652786255,ok,True,qsar-biodeg,roc_auc,0.0509611569949868,0.0414036859378944,45.0,0.37661845854221526,RT (pretrain_rel-amazon_user-churn.pt),bs=16 sl=128 d=256 blocks=12 heads=8 full=True qk_norm=False random_sampling=True steps=0 eval_batches=200 ckpt=pretrain_rel-amazon_user-churn.pt
qsar-biodeg,tabarena-qsar-biodeg,fold-4,4,binary_classification,1,0,42,nan,nan,0.43327635120389907,562,141,351,2.1457672119140625e-06,5.478488206863403,ok,True,qsar-biodeg,roc_auc,0.0912199025241871,0.0800174583545501,45.0,0.35325889284934897,RT (pretrain_rel-amazon_user-churn.pt),bs=16 sl=128 d=256 blocks=12 heads=8 full=True qk_norm=False random_sampling=True steps=0 eval_batches=200 ckpt=pretrain_rel-amazon_user-churn.pt
qsar-biodeg,tabarena-qsar-biodeg,fold-5,5,binary_classification,1,0,42,nan,nan,0.3866843674983633,562,141,351,1.6689300537109375e-06,5.189547061920166,ok,True,qsar-biodeg,roc_auc,0.078089765039645,0.0562668218520403,45.0,0.33041754564632303,RT (pretrain_rel-amazon_user-churn.pt),bs=16 sl=128 d=256 blocks=12 heads=8 full=True qk_norm=False random_sampling=True steps=0 eval_batches=200 ckpt=pretrain_rel-amazon_user-churn.pt
qsar-biodeg,tabarena-qsar-biodeg,fold-6,6,binary_classification,1,0,42,nan,nan,0.43445017491975335,561,141,352,1.430511474609375e-06,5.525826454162598,ok,True,qsar-biodeg,roc_auc,0.0915353265769827,0.0688859234680996,45.0,0.3655642514516537,RT (pretrain_rel-amazon_user-churn.pt),bs=16 sl=128 d=256 blocks=12 heads=8 full=True qk_norm=False random_sampling=True steps=0 eval_batches=200 ckpt=pretrain_rel-amazon_user-churn.pt
qsar-biodeg,tabarena-qsar-biodeg,fold-7,7,binary_classification,1,0,42,nan,nan,0.4310758710991489,562,141,351,1.430511474609375e-06,5.419916391372681,ok,True,qsar-biodeg,roc_auc,0.0782352513275623,0.0677966101694915,45.0,0.3632792609296574,RT (pretrain_rel-amazon_user-churn.pt),bs=16 sl=128 d=256 blocks=12 heads=8 full=True qk_norm=False random_sampling=True steps=0 eval_batches=200 ckpt=pretrain_rel-amazon_user-churn.pt
qsar-biodeg,tabarena-qsar-biodeg,fold-8,8,binary_classification,1,0,42,nan,nan,0.4524077980650323,562,141,351,4.5299530029296875e-06,5.379512071609497,ok,True,qsar-biodeg,roc_auc,0.0537935549574452,0.0388084673019567,45.0,0.4135993307630756,RT (pretrain_rel-amazon_user-churn.pt),bs=16 sl=128 d=256 blocks=12 heads=8 full=True qk_norm=False random_sampling=True steps=0 eval_batches=200 ckpt=pretrain_rel-amazon_user-churn.pt
qsar-biodeg,tabarena-qsar-biodeg,fold-9,9,binary_classification,1,0,42,nan,nan,0.46085043459443864,561,141,352,1.6689300537109375e-06,5.136509418487549,ok,True,qsar-biodeg,roc_auc,0.0813647347350957,0.0710498791791395,45.0,0.3898005554152991,RT (pretrain_rel-amazon_user-churn.pt),bs=16 sl=128 d=256 blocks=12 heads=8 full=True qk_norm=False random_sampling=True steps=0 eval_batches=200 ckpt=pretrain_rel-amazon_user-churn.pt
qsar-biodeg,tabarena-qsar-biodeg,fold-10,10,binary_classification,1,0,42,nan,nan,0.42892994835236775,562,141,351,3.814697265625e-06,5.602261543273926,ok,True,qsar-biodeg,roc_auc,0.079690114206736,0.0573215974394413,45.0,0.37160835091292643,RT (pretrain_rel-amazon_user-churn.pt),bs=16 sl=128 d=256 blocks=12 heads=8 full=True qk_norm=False random_sampling=True steps=0 eval_batches=200 ckpt=pretrain_rel-amazon_user-churn.pt
qsar-biodeg,tabarena-qsar-biodeg,fold-11,11,binary_classification,1,0,42,nan,nan,0.46308285444096886,562,141,351,1.9073486328125e-06,6.175234794616699,ok,True,qsar-biodeg,roc_auc,0.0579035425911107,0.0543755001091146,45.0,0.40870735433185423,RT (pretrain_rel-amazon_user-churn.pt),bs=16 sl=128 d=256 blocks=12 heads=8 full=True qk_norm=False random_sampling=True steps=0 eval_batches=200 ckpt=pretrain_rel-amazon_user-churn.pt
qsar-biodeg,tabarena-qsar-biodeg,fold-12,12,binary_classification,1,0,42,nan,nan,0.45401594114040456,561,141,352,1.430511474609375e-06,6.9783220291137695,ok,True,qsar-biodeg,roc_auc,0.0628629134057056,0.0480398167850831,45.0,0.40597612435532143,RT (pretrain_rel-amazon_user-churn.pt),bs=16 sl=128 d=256 blocks=12 heads=8 full=True qk_norm=False random_sampling=True steps=0 eval_batches=200 ckpt=pretrain_rel-amazon_user-churn.pt
qsar-biodeg,tabarena-qsar-biodeg,fold-13,13,binary_classification,1,0,42,nan,nan,0.4089801411216992,562,141,351,2.86102294921875e-06,6.490474224090576,ok,True,qsar-biodeg,roc_auc,0.080453917218302,0.0605586673456026,45.0,0.3484214737760966,RT (pretrain_rel-amazon_user-churn.pt),bs=16 sl=128 d=256 blocks=12 heads=8 full=True qk_norm=False random_sampling=True steps=0 eval_batches=200 ckpt=pretrain_rel-amazon_user-churn.pt
qsar-biodeg,tabarena-qsar-biodeg,fold-14,14,binary_classification,1,0,42,nan,nan,0.4403142503819014,562,141,351,1.430511474609375e-06,6.987175941467285,ok,True,qsar-biodeg,roc_auc,0.0788171964792318,0.0663053757183385,45.0,0.3740088746635629,RT (pretrain_rel-amazon_user-churn.pt),bs=16 sl=128 d=256 blocks=12 heads=8 full=True qk_norm=False random_sampling=True steps=0 eval_batches=200 ckpt=pretrain_rel-amazon_user-churn.pt
qsar-biodeg,tabarena-qsar-biodeg,fold-15,15,binary_classification,1,0,42,nan,nan,0.45432250153280196,561,141,352,3.0994415283203125e-06,11.352479934692383,ok,True,qsar-biodeg,roc_auc,0.0721679229631767,0.0636924297616041,45.0,0.39063007177119785,RT (pretrain_rel-amazon_user-churn.pt),bs=16 sl=128 d=256 blocks=12 heads=8 full=True qk_norm=False random_sampling=True steps=0 eval_batches=200 ckpt=pretrain_rel-amazon_user-churn.pt
qsar-biodeg,tabarena-qsar-biodeg,fold-16,16,binary_classification,1,0,42,nan,nan,0.47968647704953804,562,141,351,1.6689300537109375e-06,6.585203409194946,ok,True,qsar-biodeg,roc_auc,0.0583763730268422,0.0420455372081181,45.0,0.43764093984141994,RT (pretrain_rel-amazon_user-churn.pt),bs=16 sl=128 d=256 blocks=12 heads=8 full=True qk_norm=False random_sampling=True steps=0 eval_batches=200 ckpt=pretrain_rel-amazon_user-churn.pt
qsar-biodeg,tabarena-qsar-biodeg,fold-17,17,binary_classification,1,0,42,nan,nan,0.4404233650978395,562,141,351,2.86102294921875e-06,6.839441776275635,ok,True,qsar-biodeg,roc_auc,0.081508692805703,0.066050774714483,45.0,0.3743725903833565,RT (pretrain_rel-amazon_user-churn.pt),bs=16 sl=128 d=256 blocks=12 heads=8 full=True qk_norm=False random_sampling=True steps=0 eval_batches=200 ckpt=pretrain_rel-amazon_user-churn.pt
qsar-biodeg,tabarena-qsar-biodeg,fold-18,18,binary_classification,1,0,42,nan,nan,0.42496483571969557,561,141,352,1.6689300537109375e-06,6.432703971862793,ok,True,qsar-biodeg,roc_auc,0.0833483608035489,0.0738269556749738,45.0,0.3511378800447218,RT (pretrain_rel-amazon_user-churn.pt),bs=16 sl=128 d=256 blocks=12 heads=8 full=True qk_norm=False random_sampling=True steps=0 eval_batches=200 ckpt=pretrain_rel-amazon_user-churn.pt
qsar-biodeg,tabarena-qsar-biodeg,fold-19,19,binary_classification,1,0,42,nan,nan,0.538299265294246,562,141,351,2.86102294921875e-06,6.058365821838379,ok,True,qsar-biodeg,roc_auc,0.069142358332727,0.0485196770204408,45.0,0.4897795882738052,RT (pretrain_rel-amazon_user-churn.pt),bs=16 sl=128 d=256 blocks=12 heads=8 full=True qk_norm=False random_sampling=True steps=0 eval_batches=200 ckpt=pretrain_rel-amazon_user-churn.pt
qsar-biodeg,tabarena-qsar-biodeg,fold-20,20,binary_classification,1,0,42,nan,nan,0.49050701971339195,562,141,351,2.1457672119140625e-06,6.447559595108032,ok,True,qsar-biodeg,roc_auc,0.0707790790717973,0.0582127009529351,45.0,0.4322943187604569,RT (pretrain_rel-amazon_user-churn.pt),bs=16 sl=128 d=256 blocks=12 heads=8 full=True qk_norm=False random_sampling=True steps=0 eval_batches=200 ckpt=pretrain_rel-amazon_user-churn.pt
qsar-biodeg,tabarena-qsar-biodeg,fold-21,21,binary_classification,1,0,42,nan,nan,0.4260648465394742,561,141,352,1.430511474609375e-06,5.11312460899353,ok,True,qsar-biodeg,roc_auc,0.0907779420781187,0.0760991091715656,45.0,0.3499657373679086,RT (pretrain_rel-amazon_user-churn.pt),bs=16 sl=128 d=256 blocks=12 heads=8 full=True qk_norm=False random_sampling=True steps=0 eval_batches=200 ckpt=pretrain_rel-amazon_user-churn.pt
qsar-biodeg,tabarena-qsar-biodeg,fold-22,22,binary_classification,1,0,42,nan,nan,0.4553902669673383,562,141,351,2.384185791015625e-06,5.104043960571289,ok,True,qsar-biodeg,roc_auc,0.0587400887466355,0.0445551756746926,45.0,0.4108350912926457,RT (pretrain_rel-amazon_user-churn.pt),bs=16 sl=128 d=256 blocks=12 heads=8 full=True qk_norm=False random_sampling=True steps=0 eval_batches=200 ckpt=pretrain_rel-amazon_user-churn.pt
qsar-biodeg,tabarena-qsar-biodeg,fold-23,23,binary_classification,1,0,42,nan,nan,0.3629337309958536,562,141,351,3.337860107421875e-06,4.999152421951294,ok,True,qsar-biodeg,roc_auc,0.0665963482941733,0.0593947770422638,45.0,0.30353895395358976,RT (pretrain_rel-amazon_user-churn.pt),bs=16 sl=128 d=256 blocks=12 heads=8 full=True qk_norm=False random_sampling=True steps=0 eval_batches=200 ckpt=pretrain_rel-amazon_user-churn.pt
qsar-biodeg,tabarena-qsar-biodeg,fold-24,24,binary_classification,1,0,42,nan,nan,0.45592743535182323,561,141,352,1.6689300537109375e-06,5.329176664352417,ok,True,qsar-biodeg,roc_auc,0.0628268474771882,0.0562989144155514,45.0,0.3996285209362718,RT (pretrain_rel-amazon_user-churn.pt),bs=16 sl=128 d=256 blocks=12 heads=8 full=True qk_norm=False random_sampling=True steps=0 eval_batches=200 ckpt=pretrain_rel-amazon_user-churn.pt
qsar-biodeg,tabarena-qsar-biodeg,fold-25,25,binary_classification,1,0,42,nan,nan,0.4364043063941224,562,141,351,1.430511474609375e-06,5.409630060195923,ok,True,qsar-biodeg,roc_auc,0.0737615479741035,0.0599039790499745,45.0,0.3765003273441479,RT (pretrain_rel-amazon_user-churn.pt),bs=16 sl=128 d=256 blocks=12 heads=8 full=True qk_norm=False random_sampling=True steps=0 eval_batches=200 ckpt=pretrain_rel-amazon_user-churn.pt
qsar-biodeg,tabarena-qsar-biodeg,fold-26,26,binary_classification,1,0,42,nan,nan,0.3832472539463154,562,141,351,1.6689300537109375e-06,5.77765417098999,ok,True,qsar-biodeg,roc_auc,0.0746344657016075,0.0650687422710409,45.0,0.31817851167527456,RT (pretrain_rel-amazon_user-churn.pt),bs=16 sl=128 d=256 blocks=12 heads=8 full=True qk_norm=False random_sampling=True steps=0 eval_batches=200 ckpt=pretrain_rel-amazon_user-churn.pt
qsar-biodeg,tabarena-qsar-biodeg,fold-27,27,binary_classification,1,0,42,nan,nan,0.4389403830201608,561,141,352,1.430511474609375e-06,5.496243476867676,ok,True,qsar-biodeg,roc_auc,0.0766761640278428,0.0677678796840625,45.0,0.3711725033360983,RT (pretrain_rel-amazon_user-churn.pt),bs=16 sl=128 d=256 blocks=12 heads=8 full=True qk_norm=False random_sampling=True steps=0 eval_batches=200 ckpt=pretrain_rel-amazon_user-churn.pt
qsar-biodeg,tabarena-qsar-biodeg,fold-28,28,binary_classification,1,0,42,nan,nan,0.5094929802866079,562,141,351,1.430511474609375e-06,5.21414852142334,ok,True,qsar-biodeg,roc_auc,0.0957299774496254,0.080344802502364,45.0,0.42914817778424397,RT (pretrain_rel-amazon_user-churn.pt),bs=16 sl=128 d=256 blocks=12 heads=8 full=True qk_norm=False random_sampling=True steps=0 eval_batches=200 ckpt=pretrain_rel-amazon_user-churn.pt
qsar-biodeg,tabarena-qsar-biodeg,fold-29,29,binary_classification,1,0,42,nan,nan,0.40277878809922163,562,141,351,1.9073486328125e-06,5.390048503875732,ok,True,qsar-biodeg,roc_auc,0.0522295773623335,0.0438641158070851,45.0,0.3589146722921365,RT (pretrain_rel-amazon_user-churn.pt),bs=16 sl=128 d=256 blocks=12 heads=8 full=True qk_norm=False random_sampling=True steps=0 eval_batches=200 ckpt=pretrain_rel-amazon_user-churn.pt
qsar-fish-toxicity,tabarena-qsar-fish-toxicity,fold-0,0,regression,1,0,42,nan,nan,1.5064218044281006,483,121,303,2.6226043701171875e-06,4.744147539138794,ok,True,QSAR_fish_toxicity,rmse,0.9219470233399446,0.8958826823167596,45.0,0.610539122111341,RT (pretrain_rel-amazon_user-churn.pt),bs=16 sl=128 d=256 blocks=12 heads=8 full=True qk_norm=False random_sampling=True steps=0 eval_batches=200 ckpt=pretrain_rel-amazon_user-churn.pt
qsar-fish-toxicity,tabarena-qsar-fish-toxicity,fold-1,1,regression,1,0,42,nan,nan,1.3927135467529297,484,121,302,1.6689300537109375e-06,4.90097188949585,ok,True,QSAR_fish_toxicity,rmse,0.8156428953974394,0.7579867978673905,45.0,0.6347267488855391,RT (pretrain_rel-amazon_user-churn.pt),bs=16 sl=128 d=256 blocks=12 heads=8 full=True qk_norm=False random_sampling=True steps=0 eval_batches=200 ckpt=pretrain_rel-amazon_user-churn.pt
qsar-fish-toxicity,tabarena-qsar-fish-toxicity,fold-2,2,regression,1,0,42,nan,nan,1.4729855060577393,484,121,302,1.1920928955078125e-06,4.686949253082275,ok,True,QSAR_fish_toxicity,rmse,0.926174116556066,0.8946670015930613,45.0,0.5783185044646779,RT (pretrain_rel-amazon_user-churn.pt),bs=16 sl=128 d=256 blocks=12 heads=8 full=True qk_norm=False random_sampling=True steps=0 eval_batches=200 ckpt=pretrain_rel-amazon_user-churn.pt
qsar-fish-toxicity,tabarena-qsar-fish-toxicity,fold-3,3,regression,1,0,42,nan,nan,1.4674512147903442,483,121,303,1.6689300537109375e-06,4.190330505371094,ok,True,QSAR_fish_toxicity,rmse,0.849456818732861,0.8037998178776652,45.0,0.663651396912679,RT (pretrain_rel-amazon_user-churn.pt),bs=16 sl=128 d=256 blocks=12 heads=8 full=True qk_norm=False random_sampling=True steps=0 eval_batches=200 ckpt=pretrain_rel-amazon_user-churn.pt
qsar-fish-toxicity,tabarena-qsar-fish-toxicity,fold-4,4,regression,1,0,42,nan,nan,1.4134715795516968,484,121,302,1.9073486328125e-06,4.0049474239349365,ok,True,QSAR_fish_toxicity,rmse,0.8933395803997944,0.8445427046282445,45.0,0.5689288749234522,RT (pretrain_rel-amazon_user-churn.pt),bs=16 sl=128 d=256 blocks=12 heads=8 full=True qk_norm=False random_sampling=True steps=0 eval_batches=200 ckpt=pretrain_rel-amazon_user-churn.pt
qsar-fish-toxicity,tabarena-qsar-fish-toxicity,fold-5,5,regression,1,0,42,nan,nan,1.5305659770965576,484,121,302,1.9073486328125e-06,3.945307493209839,ok,True,QSAR_fish_toxicity,rmse,0.9170311548608684,0.8777088323365412,45.0,0.6528571447600164,RT (pretrain_rel-amazon_user-churn.pt),bs=16 sl=128 d=256 blocks=12 heads=8 full=True qk_norm=False random_sampling=True steps=0 eval_batches=200 ckpt=pretrain_rel-amazon_user-churn.pt
qsar-fish-toxicity,tabarena-qsar-fish-toxicity,fold-6,6,regression,1,0,42,nan,nan,1.6084928512573242,483,121,303,2.1457672119140625e-06,4.011863946914673,ok,True,QSAR_fish_toxicity,rmse,0.9491639181306382,0.8861899895832187,45.0,0.7223028616741055,RT (pretrain_rel-amazon_user-churn.pt),bs=16 sl=128 d=256 blocks=12 heads=8 full=True qk_norm=False random_sampling=True steps=0 eval_batches=200 ckpt=pretrain_rel-amazon_user-churn.pt
qsar-fish-toxicity,tabarena-qsar-fish-toxicity,fold-7,7,regression,1,0,42,nan,nan,1.3821998834609985,484,121,302,1.430511474609375e-06,4.055386781692505,ok,True,QSAR_fish_toxicity,rmse,0.8451728333074152,0.7903501450969578,45.0,0.5918497383640408,RT (pretrain_rel-amazon_user-churn.pt),bs=16 sl=128 d=256 blocks=12 heads=8 full=True qk_norm=False random_sampling=True steps=0 eval_batches=200 ckpt=pretrain_rel-amazon_user-churn.pt
qsar-fish-toxicity,tabarena-qsar-fish-toxicity,fold-8,8,regression,1,0,42,nan,nan,1.3969279527664185,484,121,302,1.430511474609375e-06,4.0759055614471436,ok,True,QSAR_fish_toxicity,rmse,0.9047946428562402,0.871957144748443,45.0,0.5249708080179755,RT (pretrain_rel-amazon_user-churn.pt),bs=16 sl=128 d=256 blocks=12 heads=8 full=True qk_norm=False random_sampling=True steps=0 eval_batches=200 ckpt=pretrain_rel-amazon_user-churn.pt
qsar-fish-toxicity,tabarena-qsar-fish-toxicity,fold-9,9,regression,1,0,42,nan,nan,1.50408935546875,483,121,303,1.430511474609375e-06,4.141786336898804,ok,True,QSAR_fish_toxicity,rmse,0.8941310364806526,0.8301861410509607,45.0,0.6739032144177893,RT (pretrain_rel-amazon_user-churn.pt),bs=16 sl=128 d=256 blocks=12 heads=8 full=True qk_norm=False random_sampling=True steps=0 eval_batches=200 ckpt=pretrain_rel-amazon_user-churn.pt
qsar-fish-toxicity,tabarena-qsar-fish-toxicity,fold-10,10,regression,1,0,42,nan,nan,1.4388821125030518,484,121,302,1.430511474609375e-06,3.8838934898376465,ok,True,QSAR_fish_toxicity,rmse,0.9321374764513024,0.8817461325963577,45.0,0.5571359799066941,RT (pretrain_rel-amazon_user-churn.pt),bs=16 sl=128 d=256 blocks=12 heads=8 full=True qk_norm=False random_sampling=True steps=0 eval_batches=200 ckpt=pretrain_rel-amazon_user-churn.pt
qsar-fish-toxicity,tabarena-qsar-fish-toxicity,fold-11,11,regression,1,0,42,nan,nan,1.428891658782959,484,121,302,9.5367431640625e-07,3.925929307937622,ok,True,QSAR_fish_toxicity,rmse,0.9168051381106798,0.8798078187207158,45.0,0.5490838400622432,RT (pretrain_rel-amazon_user-churn.pt),bs=16 sl=128 d=256 blocks=12 heads=8 full=True qk_norm=False random_sampling=True steps=0 eval_batches=200 ckpt=pretrain_rel-amazon_user-churn.pt
qsar-fish-toxicity,tabarena-qsar-fish-toxicity,fold-12,12,regression,1,0,42,nan,nan,1.5570205450057983,483,121,303,2.1457672119140625e-06,3.910167694091797,ok,True,QSAR_fish_toxicity,rmse,0.9678406180542382,0.9326279810045178,45.0,0.6243925640012805,RT (pretrain_rel-amazon_user-churn.pt),bs=16 sl=128 d=256 blocks=12 heads=8 full=True qk_norm=False random_sampling=True steps=0 eval_batches=200 ckpt=pretrain_rel-amazon_user-churn.pt
qsar-fish-toxicity,tabarena-qsar-fish-toxicity,fold-13,13,regression,1,0,42,nan,nan,1.4553461074829102,484,121,302,1.6689300537109375e-06,4.043072462081909,ok,True,QSAR_fish_toxicity,rmse,0.8977542516077706,0.8507496118813345,45.0,0.6045964956015757,RT (pretrain_rel-amazon_user-churn.pt),bs=16 sl=128 d=256 blocks=12 heads=8 full=True qk_norm=False random_sampling=True steps=0 eval_batches=200 ckpt=pretrain_rel-amazon_user-churn.pt
qsar-fish-toxicity,tabarena-qsar-fish-toxicity,fold-14,14,regression,1,0,42,nan,nan,1.3965858221054077,484,121,302,1.6689300537109375e-06,4.021329641342163,ok,True,QSAR_fish_toxicity,rmse,0.8033324973316869,0.7527434403376861,45.0,0.6438423817677216,RT (pretrain_rel-amazon_user-churn.pt),bs=16 sl=128 d=256 blocks=12 heads=8 full=True qk_norm=False random_sampling=True steps=0 eval_batches=200 ckpt=pretrain_rel-amazon_user-churn.pt
qsar-fish-toxicity,tabarena-qsar-fish-toxicity,fold-15,15,regression,1,0,42,nan,nan,1.4116557836532593,483,121,303,1.9073486328125e-06,3.9923839569091797,ok,True,QSAR_fish_toxicity,rmse,0.8327283835037069,0.7887078840048669,45.0,0.6229478996483924,RT (pretrain_rel-amazon_user-churn.pt),bs=16 sl=128 d=256 blocks=12 heads=8 full=True qk_norm=False random_sampling=True steps=0 eval_batches=200 ckpt=pretrain_rel-amazon_user-churn.pt
qsar-fish-toxicity,tabarena-qsar-fish-toxicity,fold-16,16,regression,1,0,42,nan,nan,1.5286424160003662,484,121,302,1.430511474609375e-06,4.003967761993408,ok,True,QSAR_fish_toxicity,rmse,0.9277791760891452,0.8877549770361679,45.0,0.6408874389641983,RT (pretrain_rel-amazon_user-churn.pt),bs=16 sl=128 d=256 blocks=12 heads=8 full=True qk_norm=False random_sampling=True steps=0 eval_batches=200 ckpt=pretrain_rel-amazon_user-churn.pt
qsar-fish-toxicity,tabarena-qsar-fish-toxicity,fold-17,17,regression,1,0,42,nan,nan,1.4396040439605713,484,121,302,1.9073486328125e-06,3.9144437313079834,ok,True,QSAR_fish_toxicity,rmse,0.8991916974847679,0.8555061066741626,45.0,0.5840979372864087,RT (pretrain_rel-amazon_user-churn.pt),bs=16 sl=128 d=256 blocks=12 heads=8 full=True qk_norm=False random_sampling=True steps=0 eval_batches=200 ckpt=pretrain_rel-amazon_user-churn.pt
qsar-fish-toxicity,tabarena-qsar-fish-toxicity,fold-18,18,regression,1,0,42,nan,nan,1.5291820764541626,483,121,303,1.6689300537109375e-06,3.867959976196289,ok,True,QSAR_fish_toxicity,rmse,0.9375342396242766,0.9219464120468914,45.0,0.6072356644072712,RT (pretrain_rel-amazon_user-churn.pt),bs=16 sl=128 d=256 blocks=12 heads=8 full=True qk_norm=False random_sampling=True steps=0 eval_batches=200 ckpt=pretrain_rel-amazon_user-churn.pt
qsar-fish-toxicity,tabarena-qsar-fish-toxicity,fold-19,19,regression,1,0,42,nan,nan,1.4263832569122314,484,121,302,1.6689300537109375e-06,3.998029947280884,ok,True,QSAR_fish_toxicity,rmse,0.864453096364076,0.8087361762925831,45.0,0.6176470806196483,RT (pretrain_rel-amazon_user-churn.pt),bs=16 sl=128 d=256 blocks=12 heads=8 full=True qk_norm=False random_sampling=True steps=0 eval_batches=200 ckpt=pretrain_rel-amazon_user-churn.pt
qsar-fish-toxicity,tabarena-qsar-fish-toxicity,fold-20,20,regression,1,0,42,nan,nan,1.4787496328353882,484,121,302,1.1920928955078125e-06,3.8917553424835205,ok,True,QSAR_fish_toxicity,rmse,0.8549119450747878,0.7951331386459222,45.0,0.683616494189466,RT (pretrain_rel-amazon_user-churn.pt),bs=16 sl=128 d=256 blocks=12 heads=8 full=True qk_norm=False random_sampling=True steps=0 eval_batches=200 ckpt=pretrain_rel-amazon_user-churn.pt
qsar-fish-toxicity,tabarena-qsar-fish-toxicity,fold-21,21,regression,1,0,42,nan,nan,1.419749140739441,483,121,303,1.9073486328125e-06,3.944369077682495,ok,True,QSAR_fish_toxicity,rmse,0.859927827995189,0.7912878020815205,45.0,0.6284613386579204,RT (pretrain_rel-amazon_user-churn.pt),bs=16 sl=128 d=256 blocks=12 heads=8 full=True qk_norm=False random_sampling=True steps=0 eval_batches=200 ckpt=pretrain_rel-amazon_user-churn.pt
qsar-fish-toxicity,tabarena-qsar-fish-toxicity,fold-22,22,regression,1,0,42,nan,nan,1.451505422592163,484,121,302,1.6689300537109375e-06,3.908376693725586,ok,True,QSAR_fish_toxicity,rmse,0.8842122984862668,0.8315423380328744,45.0,0.6199630845592887,RT (pretrain_rel-amazon_user-churn.pt),bs=16 sl=128 d=256 blocks=12 heads=8 full=True qk_norm=False random_sampling=True steps=0 eval_batches=200 ckpt=pretrain_rel-amazon_user-churn.pt
qsar-fish-toxicity,tabarena-qsar-fish-toxicity,fold-23,23,regression,1,0,42,nan,nan,1.5200904607772827,484,121,302,1.1920928955078125e-06,4.014180898666382,ok,True,QSAR_fish_toxicity,rmse,0.9669690003411926,0.9447599715710556,45.0,0.5753304892062271,RT (pretrain_rel-amazon_user-churn.pt),bs=16 sl=128 d=256 blocks=12 heads=8 full=True qk_norm=False random_sampling=True steps=0 eval_batches=200 ckpt=pretrain_rel-amazon_user-churn.pt
qsar-fish-toxicity,tabarena-qsar-fish-toxicity,fold-24,24,regression,1,0,42,nan,nan,1.4310295581817627,483,121,303,3.814697265625e-06,3.962599515914917,ok,True,QSAR_fish_toxicity,rmse,0.93310958931098,0.887403874036613,45.0,0.5436256841451497,RT (pretrain_rel-amazon_user-churn.pt),bs=16 sl=128 d=256 blocks=12 heads=8 full=True qk_norm=False random_sampling=True steps=0 eval_batches=200 ckpt=pretrain_rel-amazon_user-churn.pt
qsar-fish-toxicity,tabarena-qsar-fish-toxicity,fold-25,25,regression,1,0,42,nan,nan,1.5046958923339844,484,121,302,1.9073486328125e-06,3.8515231609344482,ok,True,QSAR_fish_toxicity,rmse,0.8984121833174588,0.8678839661798279,45.0,0.6368119261541565,RT (pretrain_rel-amazon_user-churn.pt),bs=16 sl=128 d=256 blocks=12 heads=8 full=True qk_norm=False random_sampling=True steps=0 eval_batches=200 ckpt=pretrain_rel-amazon_user-churn.pt
qsar-fish-toxicity,tabarena-qsar-fish-toxicity,fold-26,26,regression,1,0,42,nan,nan,1.4872150421142578,484,121,302,1.1920928955078125e-06,7.011035680770874,ok,True,QSAR_fish_toxicity,rmse,0.8899486924966377,0.8657632823655382,45.0,0.6214517597487196,RT (pretrain_rel-amazon_user-churn.pt),bs=16 sl=128 d=256 blocks=12 heads=8 full=True qk_norm=False random_sampling=True steps=0 eval_batches=200 ckpt=pretrain_rel-amazon_user-churn.pt
qsar-fish-toxicity,tabarena-qsar-fish-toxicity,fold-27,27,regression,1,0,42,nan,nan,1.4361423254013062,483,121,303,1.430511474609375e-06,3.7904229164123535,ok,True,QSAR_fish_toxicity,rmse,0.8480795090696714,0.8277966355687446,45.0,0.6083456898325615,RT (pretrain_rel-amazon_user-churn.pt),bs=16 sl=128 d=256 blocks=12 heads=8 full=True qk_norm=False random_sampling=True steps=0 eval_batches=200 ckpt=pretrain_rel-amazon_user-churn.pt
qsar-fish-toxicity,tabarena-qsar-fish-toxicity,fold-28,28,regression,1,0,42,nan,nan,1.4233715534210205,484,121,302,1.430511474609375e-06,3.9757184982299805,ok,True,QSAR_fish_toxicity,rmse,0.8523858102478702,0.8219862469154486,45.0,0.6013853065055719,RT (pretrain_rel-amazon_user-churn.pt),bs=16 sl=128 d=256 blocks=12 heads=8 full=True qk_norm=False random_sampling=True steps=0 eval_batches=200 ckpt=pretrain_rel-amazon_user-churn.pt
qsar-fish-toxicity,tabarena-qsar-fish-toxicity,fold-29,29,regression,1,0,42,nan,nan,1.5442731380462646,484,121,302,1.430511474609375e-06,3.9568252563476562,ok,True,QSAR_fish_toxicity,rmse,0.9295718653215976,0.8820688347963014,45.0,0.6622043032499633,RT (pretrain_rel-amazon_user-churn.pt),bs=16 sl=128 d=256 blocks=12 heads=8 full=True qk_norm=False random_sampling=True steps=0 eval_batches=200 ckpt=pretrain_rel-amazon_user-churn.pt
qsar-tid-11,tabarena-qsar-tid-11,fold-0,0,regression,1,0,42,nan,nan,1.806702971458435,3062,766,1914,2.6226043701171875e-06,26.837700843811035,ok,True,QSAR-TID-11,rmse,0.8379413018464216,0.794632934534767,45.0,1.0120700369236681,RT (pretrain_rel-amazon_user-churn.pt),bs=16 sl=128 d=256 blocks=12 heads=8 full=True qk_norm=False random_sampling=True steps=0 eval_batches=200 ckpt=pretrain_rel-amazon_user-churn.pt
qsar-tid-11,tabarena-qsar-tid-11,fold-1,1,regression,1,0,42,nan,nan,1.8742129802703857,3062,766,1914,1.430511474609375e-06,25.89427351951599,ok,True,QSAR-TID-11,rmse,0.733824697435047,0.7043628852691037,45.0,1.169850095001282,RT (pretrain_rel-amazon_user-churn.pt),bs=16 sl=128 d=256 blocks=12 heads=8 full=True qk_norm=False random_sampling=True steps=0 eval_batches=200 ckpt=pretrain_rel-amazon_user-churn.pt
qsar-tid-11,tabarena-qsar-tid-11,fold-2,2,regression,1,0,42,nan,nan,1.785083293914795,3062,766,1914,1.6689300537109375e-06,24.02378511428833,ok,True,QSAR-TID-11,rmse,0.7420193290445906,0.7006984228981742,45.0,1.0843848710166206,RT (pretrain_rel-amazon_user-churn.pt),bs=16 sl=128 d=256 blocks=12 heads=8 full=True qk_norm=False random_sampling=True steps=0 eval_batches=200 ckpt=pretrain_rel-amazon_user-churn.pt
qsar-tid-11,tabarena-qsar-tid-11,fold-3,3,regression,1,0,42,nan,nan,1.8294130563735962,3062,766,1914,1.430511474609375e-06,23.159722328186035,ok,True,QSAR-TID-11,rmse,0.7436912373335801,0.7113554975147377,45.0,1.1180575588588586,RT (pretrain_rel-amazon_user-churn.pt),bs=16 sl=128 d=256 blocks=12 heads=8 full=True qk_norm=False random_sampling=True steps=0 eval_batches=200 ckpt=pretrain_rel-amazon_user-churn.pt
qsar-tid-11,tabarena-qsar-tid-11,fold-4,4,regression,1,0,42,nan,nan,1.8761829137802124,3062,766,1914,1.1920928955078125e-06,23.696882009506226,ok,True,QSAR-TID-11,rmse,0.7592310833187875,0.7210387312050018,45.0,1.1551441825752105,RT (pretrain_rel-amazon_user-churn.pt),bs=16 sl=128 d=256 blocks=12 heads=8 full=True qk_norm=False random_sampling=True steps=0 eval_batches=200 ckpt=pretrain_rel-amazon_user-churn.pt
qsar-tid-11,tabarena-qsar-tid-11,fold-5,5,regression,1,0,42,nan,nan,1.9197767972946167,3062,766,1914,1.6689300537109375e-06,23.553038597106934,ok,True,QSAR-TID-11,rmse,0.8530758476481755,0.8101063577693678,45.0,1.109670439525249,RT (pretrain_rel-amazon_user-churn.pt),bs=16 sl=128 d=256 blocks=12 heads=8 full=True qk_norm=False random_sampling=True steps=0 eval_batches=200 ckpt=pretrain_rel-amazon_user-churn.pt
qsar-tid-11,tabarena-qsar-tid-11,fold-6,6,regression,1,0,42,nan,nan,1.8628941774368286,3062,766,1914,1.430511474609375e-06,23.7754647731781,ok,True,QSAR-TID-11,rmse,0.7295816319258995,0.7057309469500761,45.0,1.1571632304867525,RT (pretrain_rel-amazon_user-churn.pt),bs=16 sl=128 d=256 blocks=12 heads=8 full=True qk_norm=False random_sampling=True steps=0 eval_batches=200 ckpt=pretrain_rel-amazon_user-churn.pt
qsar-tid-11,tabarena-qsar-tid-11,fold-7,7,regression,1,0,42,nan,nan,1.8668471574783325,3062,766,1914,2.384185791015625e-06,28.758634090423584,ok,True,QSAR-TID-11,rmse,0.7312977464514528,0.700977320018178,45.0,1.1658698374601544,RT (pretrain_rel-amazon_user-churn.pt),bs=16 sl=128 d=256 blocks=12 heads=8 full=True qk_norm=False random_sampling=True steps=0 eval_batches=200 ckpt=pretrain_rel-amazon_user-churn.pt
qsar-tid-11,tabarena-qsar-tid-11,fold-8,8,regression,1,0,42,nan,nan,1.8748728036880493,3062,766,1914,4.5299530029296875e-06,33.37108564376831,ok,True,QSAR-TID-11,rmse,0.818044330371793,0.7676594987518869,45.0,1.1072133049361623,RT (pretrain_rel-amazon_user-churn.pt),bs=16 sl=128 d=256 blocks=12 heads=8 full=True qk_norm=False random_sampling=True steps=0 eval_batches=200 ckpt=pretrain_rel-amazon_user-churn.pt
seismic-bumps,tabarena-seismic-bumps,fold-0,0,binary_classification,1,0,42,nan,nan,0.7137299771167047,1377,345,862,2.384185791015625e-06,12.105570316314697,ok,True,seismic-bumps,roc_auc,0.2203116486869347,0.198844938433039,45.0,0.5148850386836658,RT (pretrain_rel-amazon_user-churn.pt),bs=16 sl=128 d=256 blocks=12 heads=8 full=True qk_norm=False random_sampling=True steps=0 eval_batches=200 ckpt=pretrain_rel-amazon_user-churn.pt
seismic-bumps,tabarena-seismic-bumps,fold-1,1,binary_classification,1,0,42,nan,nan,0.6486357586512866,1378,345,861,1.430511474609375e-06,12.708212614059448,ok,True,seismic-bumps,roc_auc,0.2714285714285716,0.231055900621118,45.0,0.4175798580301686,RT (pretrain_rel-amazon_user-churn.pt),bs=16 sl=128 d=256 blocks=12 heads=8 full=True qk_norm=False random_sampling=True steps=0 eval_batches=200 ckpt=pretrain_rel-amazon_user-churn.pt
seismic-bumps,tabarena-seismic-bumps,fold-2,2,binary_classification,1,0,42,nan,nan,0.6683250414593698,1378,345,861,4.291534423828125e-06,13.038052082061768,ok,True,seismic-bumps,roc_auc,0.248668936021646,0.2103190189403857,45.0,0.45800602251898404,RT (pretrain_rel-amazon_user-churn.pt),bs=16 sl=128 d=256 blocks=12 heads=8 full=True qk_norm=False random_sampling=True steps=0 eval_batches=200 ckpt=pretrain_rel-amazon_user-churn.pt
seismic-bumps,tabarena-seismic-bumps,fold-3,3,binary_classification,1,0,42,nan,nan,0.6460717009916095,1377,345,862,3.814697265625e-06,13.274280309677124,ok,True,seismic-bumps,roc_auc,0.2507573281028659,0.2028113762667538,45.0,0.44326032472485566,RT (pretrain_rel-amazon_user-churn.pt),bs=16 sl=128 d=256 blocks=12 heads=8 full=True qk_norm=False random_sampling=True steps=0 eval_batches=200 ckpt=pretrain_rel-amazon_user-churn.pt
seismic-bumps,tabarena-seismic-bumps,fold-4,4,binary_classification,1,0,42,nan,nan,0.6780390417036379,1378,345,861,1.1920928955078125e-06,13.408711433410645,ok,True,seismic-bumps,roc_auc,0.1966282165039928,0.175399290150843,45.0,0.5026397515527949,RT (pretrain_rel-amazon_user-churn.pt),bs=16 sl=128 d=256 blocks=12 heads=8 full=True qk_norm=False random_sampling=True steps=0 eval_batches=200 ckpt=pretrain_rel-amazon_user-churn.pt
seismic-bumps,tabarena-seismic-bumps,fold-5,5,binary_classification,1,0,42,nan,nan,0.6572837566553199,1378,345,861,1.9073486328125e-06,13.764116048812866,ok,True,seismic-bumps,roc_auc,0.2746792354019377,0.2354673998428907,45.0,0.42181635681242924,RT (pretrain_rel-amazon_user-churn.pt),bs=16 sl=128 d=256 blocks=12 heads=8 full=True qk_norm=False random_sampling=True steps=0 eval_batches=200 ckpt=pretrain_rel-amazon_user-churn.pt
seismic-bumps,tabarena-seismic-bumps,fold-6,6,binary_classification,1,0,42,nan,nan,0.6499182739457339,1377,345,862,2.384185791015625e-06,13.427026271820068,ok,True,seismic-bumps,roc_auc,0.2391958156260216,0.194758635719734,45.0,0.45515963822599986,RT (pretrain_rel-amazon_user-churn.pt),bs=16 sl=128 d=256 blocks=12 heads=8 full=True qk_norm=False random_sampling=True steps=0 eval_batches=200 ckpt=pretrain_rel-amazon_user-churn.pt
seismic-bumps,tabarena-seismic-bumps,fold-7,7,binary_classification,1,0,42,nan,nan,0.6186779059449867,1378,345,861,1.9073486328125e-06,12.518935680389404,ok,True,seismic-bumps,roc_auc,0.279492014196983,0.2491015971606033,45.0,0.3695763087843834,RT (pretrain_rel-amazon_user-churn.pt),bs=16 sl=128 d=256 blocks=12 heads=8 full=True qk_norm=False random_sampling=True steps=0 eval_batches=200 ckpt=pretrain_rel-amazon_user-churn.pt
seismic-bumps,tabarena-seismic-bumps,fold-8,8,binary_classification,1,0,42,nan,nan,0.7114100549882167,1378,345,861,1.6689300537109375e-06,13.84690523147583,ok,True,seismic-bumps,roc_auc,0.2467923540193768,0.2148468185388845,45.0,0.49656323644933226,RT (pretrain_rel-amazon_user-churn.pt),bs=16 sl=128 d=256 blocks=12 heads=8 full=True qk_norm=False random_sampling=True steps=0 eval_batches=200 ckpt=pretrain_rel-amazon_user-churn.pt
superconductivity,tabarena-superconductivity,fold-0,0,regression,1,0,42,nan,nan,34.4409294128418,10000,2835,7088,2.6226043701171875e-06,54.125977516174316,ok,True,superconductivity,rmse,9.33002335952439,9.06116540828796,45.0,25.379764004553834,RT (pretrain_rel-amazon_user-churn.pt),bs=16 sl=128 d=256 blocks=12 heads=8 full=True qk_norm=False random_sampling=True steps=0 eval_batches=200 ckpt=pretrain_rel-amazon_user-churn.pt
superconductivity,tabarena-superconductivity,fold-1,1,regression,1,0,42,nan,nan,34.53065490722656,10000,2835,7088,1.430511474609375e-06,49.589120626449585,ok,True,superconductivity,rmse,9.399509171279862,8.88549575160075,45.0,25.645159155625812,RT (pretrain_rel-amazon_user-churn.pt),bs=16 sl=128 d=256 blocks=12 heads=8 full=True qk_norm=False random_sampling=True steps=0 eval_batches=200 ckpt=pretrain_rel-amazon_user-churn.pt
superconductivity,tabarena-superconductivity,fold-2,2,regression,1,0,42,nan,nan,34.52183151245117,10000,2836,7087,1.6689300537109375e-06,53.63537836074829,ok,True,superconductivity,rmse,9.072695730898936,8.894308334815,45.0,25.62752317763617,RT (pretrain_rel-amazon_user-churn.pt),bs=16 sl=128 d=256 blocks=12 heads=8 full=True qk_norm=False random_sampling=True steps=0 eval_batches=200 ckpt=pretrain_rel-amazon_user-churn.pt
superconductivity,tabarena-superconductivity,fold-3,3,regression,1,0,42,nan,nan,34.397727966308594,10000,2835,7088,1.6689300537109375e-06,46.81935739517212,ok,True,superconductivity,rmse,9.622056641562956,9.19947253566344,45.0,25.198255430645155,RT (pretrain_rel-amazon_user-churn.pt),bs=16 sl=128 d=256 blocks=12 heads=8 full=True qk_norm=False random_sampling=True steps=0 eval_batches=200 ckpt=pretrain_rel-amazon_user-churn.pt
superconductivity,tabarena-superconductivity,fold-4,4,regression,1,0,42,nan,nan,34.866790771484375,10000,2835,7088,1.6689300537109375e-06,49.116931438446045,ok,True,superconductivity,rmse,9.631674150992854,9.286644125074352,45.0,25.58014664641002,RT (pretrain_rel-amazon_user-churn.pt),bs=16 sl=128 d=256 blocks=12 heads=8 full=True qk_norm=False random_sampling=True steps=0 eval_batches=200 ckpt=pretrain_rel-amazon_user-churn.pt
superconductivity,tabarena-superconductivity,fold-5,5,regression,1,0,42,nan,nan,34.077266693115234,10000,2836,7087,1.430511474609375e-06,46.876420974731445,ok,True,superconductivity,rmse,9.15039422741122,8.847413568001375,45.0,25.22985312511386,RT (pretrain_rel-amazon_user-churn.pt),bs=16 sl=128 d=256 blocks=12 heads=8 full=True qk_norm=False random_sampling=True steps=0 eval_batches=200 ckpt=pretrain_rel-amazon_user-churn.pt
superconductivity,tabarena-superconductivity,fold-6,6,regression,1,0,42,nan,nan,34.27008819580078,10000,2835,7088,1.9073486328125e-06,48.36882448196411,ok,True,superconductivity,rmse,9.456574166152448,9.159903701044598,45.0,25.110184494756183,RT (pretrain_rel-amazon_user-churn.pt),bs=16 sl=128 d=256 blocks=12 heads=8 full=True qk_norm=False random_sampling=True steps=0 eval_batches=200 ckpt=pretrain_rel-amazon_user-churn.pt
superconductivity,tabarena-superconductivity,fold-7,7,regression,1,0,42,nan,nan,35.14805603027344,10000,2835,7088,1.6689300537109375e-06,52.35942363739014,ok,True,superconductivity,rmse,9.644074412666866,9.410842810102674,45.0,25.737213220170766,RT (pretrain_rel-amazon_user-churn.pt),bs=16 sl=128 d=256 blocks=12 heads=8 full=True qk_norm=False random_sampling=True steps=0 eval_batches=200 ckpt=pretrain_rel-amazon_user-churn.pt
superconductivity,tabarena-superconductivity,fold-8,8,regression,1,0,42,nan,nan,34.72980880737305,10000,2836,7087,2.6226043701171875e-06,54.20256567001343,ok,True,superconductivity,rmse,9.39666669579471,8.968957930167,45.0,25.760850877206046,RT (pretrain_rel-amazon_user-churn.pt),bs=16 sl=128 d=256 blocks=12 heads=8 full=True qk_norm=False random_sampling=True steps=0 eval_batches=200 ckpt=pretrain_rel-amazon_user-churn.pt
taiwanese-bankruptcy-prediction,tabarena-taiwanese-bankruptcy-prediction,fold-0,0,binary_classification,1,0,42,nan,nan,0.5221793275217933,3636,910,2273,4.0531158447265625e-06,32.68439197540283,ok,True,taiwanese_bankruptcy_prediction,roc_auc,0.0541531755915317,0.0474595267745953,45.0,0.474719800747198,RT (pretrain_rel-amazon_user-churn.pt),bs=16 sl=128 d=256 blocks=12 heads=8 full=True qk_norm=False random_sampling=True steps=0 eval_batches=200 ckpt=pretrain_rel-amazon_user-churn.pt
taiwanese-bankruptcy-prediction,tabarena-taiwanese-bankruptcy-prediction,fold-1,1,binary_classification,1,0,42,nan,nan,0.5079078455790784,3636,910,2273,2.6226043701171875e-06,34.65788388252258,ok,True,taiwanese_bankruptcy_prediction,roc_auc,0.0637795765877957,0.0576214196762141,45.0,0.45028642590286433,RT (pretrain_rel-amazon_user-churn.pt),bs=16 sl=128 d=256 blocks=12 heads=8 full=True qk_norm=False random_sampling=True steps=0 eval_batches=200 ckpt=pretrain_rel-amazon_user-churn.pt
taiwanese-bankruptcy-prediction,tabarena-taiwanese-bankruptcy-prediction,fold-2,2,binary_classification,1,0,42,nan,nan,0.4185993633469758,3636,910,2273,4.5299530029296875e-06,33.964871644973755,ok,True,taiwanese_bankruptcy_prediction,roc_auc,0.0738419183166796,0.0562233447635902,45.0,0.3623760185833856,RT (pretrain_rel-amazon_user-churn.pt),bs=16 sl=128 d=256 blocks=12 heads=8 full=True qk_norm=False random_sampling=True steps=0 eval_batches=200 ckpt=pretrain_rel-amazon_user-churn.pt
taiwanese-bankruptcy-prediction,tabarena-taiwanese-bankruptcy-prediction,fold-3,3,binary_classification,1,0,42,nan,nan,0.4451338729763388,3636,910,2273,1.430511474609375e-06,33.17108631134033,ok,True,taiwanese_bankruptcy_prediction,roc_auc,0.0580136986301369,0.0440971357409714,45.0,0.40103673723536737,RT (pretrain_rel-amazon_user-churn.pt),bs=16 sl=128 d=256 blocks=12 heads=8 full=True qk_norm=False random_sampling=True steps=0 eval_batches=200 ckpt=pretrain_rel-amazon_user-churn.pt
taiwanese-bankruptcy-prediction,tabarena-taiwanese-bankruptcy-prediction,fold-4,4,binary_classification,1,0,42,nan,nan,0.4072602739726028,3636,910,2273,1.9073486328125e-06,34.28377342224121,ok,True,taiwanese_bankruptcy_prediction,roc_auc,0.0542341220423411,0.0444146948941469,45.0,0.3628455790784559,RT (pretrain_rel-amazon_user-churn.pt),bs=16 sl=128 d=256 blocks=12 heads=8 full=True qk_norm=False random_sampling=True steps=0 eval_batches=200 ckpt=pretrain_rel-amazon_user-churn.pt
taiwanese-bankruptcy-prediction,tabarena-taiwanese-bankruptcy-prediction,fold-5,5,binary_classification,1,0,42,nan,nan,0.49369799540331605,3636,910,2273,1.1920928955078125e-06,33.96339011192322,ok,True,taiwanese_bankruptcy_prediction,roc_auc,0.0641876528643241,0.0546808745990191,45.0,0.43901712080429695,RT (pretrain_rel-amazon_user-churn.pt),bs=16 sl=128 d=256 blocks=12 heads=8 full=True qk_norm=False random_sampling=True steps=0 eval_batches=200 ckpt=pretrain_rel-amazon_user-churn.pt
taiwanese-bankruptcy-prediction,tabarena-taiwanese-bankruptcy-prediction,fold-6,6,binary_classification,1,0,42,nan,nan,0.4421948941469489,3636,910,2273,1.1920928955078125e-06,37.1828773021698,ok,True,taiwanese_bankruptcy_prediction,roc_auc,0.048972602739726,0.0433063511830634,45.0,0.3988885429638855,RT (pretrain_rel-amazon_user-churn.pt),bs=16 sl=128 d=256 blocks=12 heads=8 full=True qk_norm=False random_sampling=True steps=0 eval_batches=200 ckpt=pretrain_rel-amazon_user-churn.pt
taiwanese-bankruptcy-prediction,tabarena-taiwanese-bankruptcy-prediction,fold-7,7,binary_classification,1,0,42,nan,nan,0.5750902864259029,3636,910,2273,1.6689300537109375e-06,45.06310319900513,ok,True,taiwanese_bankruptcy_prediction,roc_auc,0.0702615193026151,0.0566189290161892,45.0,0.5184713574097137,RT (pretrain_rel-amazon_user-churn.pt),bs=16 sl=128 d=256 blocks=12 heads=8 full=True qk_norm=False random_sampling=True steps=0 eval_batches=200 ckpt=pretrain_rel-amazon_user-churn.pt
taiwanese-bankruptcy-prediction,tabarena-taiwanese-bankruptcy-prediction,fold-8,8,binary_classification,1,0,42,nan,nan,0.3859801138109461,3636,910,2273,1.430511474609375e-06,33.37335538864136,ok,True,taiwanese_bankruptcy_prediction,roc_auc,0.0680530462249425,0.0541769600432628,45.0,0.3318031537676833,RT (pretrain_rel-amazon_user-churn.pt),bs=16 sl=128 d=256 blocks=12 heads=8 full=True qk_norm=False random_sampling=True steps=0 eval_batches=200 ckpt=pretrain_rel-amazon_user-churn.pt
wine-quality,tabarena-wine-quality,fold-0,0,regression,1,0,42,nan,nan,0.8721390962600708,3464,867,2166,2.384185791015625e-06,33.72435188293457,ok,True,wine_quality,rmse,0.6176813840866089,0.5833302736282349,45.0,0.28880882263183594,RT (pretrain_rel-amazon_user-churn.pt),bs=16 sl=128 d=256 blocks=12 heads=8 full=True qk_norm=False random_sampling=True steps=0 eval_batches=200 ckpt=pretrain_rel-amazon_user-churn.pt
wine-quality,tabarena-wine-quality,fold-1,1,regression,1,0,42,nan,nan,0.9014336466789246,3464,867,2166,1.6689300537109375e-06,33.01002526283264,ok,True,wine_quality,rmse,0.645441472530365,0.6051887273788452,45.0,0.29624491930007935,RT (pretrain_rel-amazon_user-churn.pt),bs=16 sl=128 d=256 blocks=12 heads=8 full=True qk_norm=False random_sampling=True steps=0 eval_batches=200 ckpt=pretrain_rel-amazon_user-churn.pt
wine-quality,tabarena-wine-quality,fold-2,2,regression,1,0,42,nan,nan,0.9014750719070435,3465,867,2165,3.337860107421875e-06,31.874897241592407,ok,True,wine_quality,rmse,0.618918240070343,0.5826164484024048,45.0,0.31885862350463867,RT (pretrain_rel-amazon_user-churn.pt),bs=16 sl=128 d=256 blocks=12 heads=8 full=True qk_norm=False random_sampling=True steps=0 eval_batches=200 ckpt=pretrain_rel-amazon_user-churn.pt
wine-quality,tabarena-wine-quality,fold-3,3,regression,1,0,42,nan,nan,0.9128617644309998,3464,867,2166,1.430511474609375e-06,31.548474311828613,ok,True,wine_quality,rmse,0.6478861570358276,0.6125553250312805,45.0,0.30030643939971924,RT (pretrain_rel-amazon_user-churn.pt),bs=16 sl=128 d=256 blocks=12 heads=8 full=True qk_norm=False random_sampling=True steps=0 eval_batches=200 ckpt=pretrain_rel-amazon_user-churn.pt
wine-quality,tabarena-wine-quality,fold-4,4,regression,1,0,42,nan,nan,0.8686172366142273,3464,867,2166,1.6689300537109375e-06,32.28539848327637,ok,True,wine_quality,rmse,0.5934864282608032,0.5558347702026367,45.0,0.3127824664115906,RT (pretrain_rel-amazon_user-churn.pt),bs=16 sl=128 d=256 blocks=12 heads=8 full=True qk_norm=False random_sampling=True steps=0 eval_batches=200 ckpt=pretrain_rel-amazon_user-churn.pt
wine-quality,tabarena-wine-quality,fold-5,5,regression,1,0,42,nan,nan,0.8973603844642639,3465,867,2165,1.6689300537109375e-06,31.825233936309814,ok,True,wine_quality,rmse,0.6288227438926697,0.5818493366241455,45.0,0.3155110478401184,RT (pretrain_rel-amazon_user-churn.pt),bs=16 sl=128 d=256 blocks=12 heads=8 full=True qk_norm=False random_sampling=True steps=0 eval_batches=200 ckpt=pretrain_rel-amazon_user-churn.pt
wine-quality,tabarena-wine-quality,fold-6,6,regression,1,0,42,nan,nan,0.8819907307624817,3464,867,2166,6.9141387939453125e-06,37.93183708190918,ok,True,wine_quality,rmse,0.6162154078483582,0.5875459313392639,45.0,0.2944447994232178,RT (pretrain_rel-amazon_user-churn.pt),bs=16 sl=128 d=256 blocks=12 heads=8 full=True qk_norm=False random_sampling=True steps=0 eval_batches=200 ckpt=pretrain_rel-amazon_user-churn.pt
wine-quality,tabarena-wine-quality,fold-7,7,regression,1,0,42,nan,nan,0.911844789981842,3464,867,2166,1.6689300537109375e-06,33.097862005233765,ok,True,wine_quality,rmse,0.6523571610450745,0.6103475689888,45.0,0.301497220993042,RT (pretrain_rel-amazon_user-churn.pt),bs=16 sl=128 d=256 blocks=12 heads=8 full=True qk_norm=False random_sampling=True steps=0 eval_batches=200 ckpt=pretrain_rel-amazon_user-churn.pt
wine-quality,tabarena-wine-quality,fold-8,8,regression,1,0,42,nan,nan,0.8800157308578491,3465,867,2165,1.430511474609375e-06,32.50075674057007,ok,True,wine_quality,rmse,0.6303761005401611,0.5867881178855896,45.0,0.2932276129722595,RT (pretrain_rel-amazon_user-churn.pt),bs=16 sl=128 d=256 blocks=12 heads=8 full=True qk_norm=False random_sampling=True steps=0 eval_batches=200 ckpt=pretrain_rel-amazon_user-churn.pt
bank-customer-churn,tabarena-bank-customer-churn,fold-2,2,binary_classification,1,0,42,nan,nan,0.496883063619341,5333,1334,3333,6.198883056640625e-06,45.68761134147644,ok,True,Bank_Customer_Churn,roc_auc,0.1447999129887585,0.1369417102370279,45.0,0.3599413533823131,RT (pretrain_rel-amazon_user-churn.pt),bs=16 sl=128 d=256 blocks=12 heads=8 full=True qk_norm=False random_sampling=True steps=0 eval_batches=200 ckpt=pretrain_rel-amazon_user-churn.pt
bank-customer-churn,tabarena-bank-customer-churn,fold-3,3,binary_classification,1,0,42,nan,nan,0.5172767288904281,5332,1334,3334,2.6226043701171875e-06,41.22584819793701,ok,True,Bank_Customer_Churn,roc_auc,0.1325500833451208,0.1243991801391766,45.0,0.39287754875125147,RT (pretrain_rel-amazon_user-churn.pt),bs=16 sl=128 d=256 blocks=12 heads=8 full=True qk_norm=False random_sampling=True steps=0 eval_batches=200 ckpt=pretrain_rel-amazon_user-churn.pt
bank-customer-churn,tabarena-bank-customer-churn,fold-4,4,binary_classification,1,0,42,nan,nan,0.48801233502088914,5333,1334,3333,1.430511474609375e-06,43.03163528442383,ok,True,Bank_Customer_Churn,roc_auc,0.1519744559855189,0.138741311361515,45.0,0.3492710236593741,RT (pretrain_rel-amazon_user-churn.pt),bs=16 sl=128 d=256 blocks=12 heads=8 full=True qk_norm=False random_sampling=True steps=0 eval_batches=200 ckpt=pretrain_rel-amazon_user-churn.pt
bank-customer-churn,tabarena-bank-customer-churn,fold-5,5,binary_classification,1,0,42,nan,nan,0.5225533230182777,5333,1334,3333,1.9073486328125e-06,44.51402926445007,ok,True,Bank_Customer_Churn,roc_auc,0.1222868640771204,0.1125669093140873,45.0,0.4099864137041904,RT (pretrain_rel-amazon_user-churn.pt),bs=16 sl=128 d=256 blocks=12 heads=8 full=True qk_norm=False random_sampling=True steps=0 eval_batches=200 ckpt=pretrain_rel-amazon_user-churn.pt
bank-customer-churn,tabarena-bank-customer-churn,fold-6,6,binary_classification,1,0,42,nan,nan,0.5161286346547089,5332,1334,3334,1.9073486328125e-06,42.74642515182495,ok,True,Bank_Customer_Churn,roc_auc,0.1395233380206295,0.1292198841211597,45.0,0.38690875053354923,RT (pretrain_rel-amazon_user-churn.pt),bs=16 sl=128 d=256 blocks=12 heads=8 full=True qk_norm=False random_sampling=True steps=0 eval_batches=200 ckpt=pretrain_rel-amazon_user-churn.pt
bank-customer-churn,tabarena-bank-customer-churn,fold-7,7,binary_classification,1,0,42,nan,nan,0.5215366642832032,5333,1334,3333,1.9073486328125e-06,42.009605169296265,ok,True,Bank_Customer_Churn,roc_auc,0.1329984584360395,0.122594288999404,45.0,0.3989423752837992,RT (pretrain_rel-amazon_user-churn.pt),bs=16 sl=128 d=256 blocks=12 heads=8 full=True qk_norm=False random_sampling=True steps=0 eval_batches=200 ckpt=pretrain_rel-amazon_user-churn.pt
bank-customer-churn,tabarena-bank-customer-churn,fold-8,8,binary_classification,1,0,42,nan,nan,0.5102305582326341,5333,1334,3333,1.9073486328125e-06,41.61664915084839,ok,True,Bank_Customer_Churn,roc_auc,0.1393611554737729,0.1274870065802251,45.0,0.382743551652409,RT (pretrain_rel-amazon_user-churn.pt),bs=16 sl=128 d=256 blocks=12 heads=8 full=True qk_norm=False random_sampling=True steps=0 eval_batches=200 ckpt=pretrain_rel-amazon_user-churn.pt
houses,tabarena-houses,fold-3,3,regression,1,0,42,nan,nan,0.5786461234092712,11008,2752,6880,3.0994415283203125e-06,41.71072793006897,ok,True,houses,rmse,0.2168275450296972,0.1975515534857895,45.0,0.38109456992348173,RT (pretrain_rel-amazon_user-churn.pt),bs=16 sl=128 d=256 blocks=12 heads=8 full=True qk_norm=False random_sampling=True steps=0 eval_batches=200 ckpt=pretrain_rel-amazon_user-churn.pt
houses,tabarena-houses,fold-4,4,regression,1,0,42,nan,nan,0.5858215689659119,11008,2752,6880,1.7642974853515625e-05,43.32175874710083,ok,True,houses,rmse,0.216627260890041,0.2000878958404612,45.0,0.3857336731254507,RT (pretrain_rel-amazon_user-churn.pt),bs=16 sl=128 d=256 blocks=12 heads=8 full=True qk_norm=False random_sampling=True steps=0 eval_batches=200 ckpt=pretrain_rel-amazon_user-churn.pt
houses,tabarena-houses,fold-5,5,regression,1,0,42,nan,nan,0.5945157408714294,11008,2752,6880,2.6226043701171875e-06,42.46507120132446,ok,True,houses,rmse,0.2178382660818925,0.2003062079666089,45.0,0.3942095329048205,RT (pretrain_rel-amazon_user-churn.pt),bs=16 sl=128 d=256 blocks=12 heads=8 full=True qk_norm=False random_sampling=True steps=0 eval_batches=200 ckpt=pretrain_rel-amazon_user-churn.pt
houses,tabarena-houses,fold-6,6,regression,1,0,42,nan,nan,0.5836555361747742,11008,2752,6880,1.9073486328125e-06,41.58181571960449,ok,True,houses,rmse,0.2195881634859339,0.2021400327922864,45.0,0.38151550338248774,RT (pretrain_rel-amazon_user-churn.pt),bs=16 sl=128 d=256 blocks=12 heads=8 full=True qk_norm=False random_sampling=True steps=0 eval_batches=200 ckpt=pretrain_rel-amazon_user-churn.pt
houses,tabarena-houses,fold-7,7,regression,1,0,42,nan,nan,0.5880956649780273,11008,2752,6880,1.9073486328125e-06,41.10676145553589,ok,True,houses,rmse,0.2180551241256755,0.2009675951376975,45.0,0.3871280698403299,RT (pretrain_rel-amazon_user-churn.pt),bs=16 sl=128 d=256 blocks=12 heads=8 full=True qk_norm=False random_sampling=True steps=0 eval_batches=200 ckpt=pretrain_rel-amazon_user-churn.pt
houses,tabarena-houses,fold-8,8,regression,1,0,42,nan,nan,0.583685576915741,11008,2752,6880,1.6689300537109375e-06,42.18777108192444,ok,True,houses,rmse,0.2130863779588737,0.1974600596477319,45.0,0.3862255172680091,RT (pretrain_rel-amazon_user-churn.pt),bs=16 sl=128 d=256 blocks=12 heads=8 full=True qk_norm=False random_sampling=True steps=0 eval_batches=200 ckpt=pretrain_rel-amazon_user-churn.pt
bank-customer-churn,tabarena-bank-customer-churn,fold-0,0,binary_classification,1,0,42,nan,nan,0.5252562694242573,5332,1334,3334,3.5762786865234375e-06,45.8643102645874,ok,True,Bank_Customer_Churn,roc_auc,0.1306379992733305,0.1205852741236281,45.0,0.4046709953006292,RT (pretrain_rel-amazon_user-churn.pt),bs=16 sl=128 d=256 blocks=12 heads=8 full=True qk_norm=False random_sampling=True steps=0 eval_batches=200 ckpt=pretrain_rel-amazon_user-churn.pt
houses,tabarena-houses,fold-2,2,regression,1,0,42,nan,nan,0.5863192081451416,11008,2752,6880,3.0994415283203125e-06,44.51600527763367,ok,True,houses,rmse,0.2192654776710821,0.2043828028821422,45.0,0.38193640526299943,RT (pretrain_rel-amazon_user-churn.pt),bs=16 sl=128 d=256 blocks=12 heads=8 full=True qk_norm=False random_sampling=True steps=0 eval_batches=200 ckpt=pretrain_rel-amazon_user-churn.pt
